,0,1,2,3,4,5,6,7,8,9,10,11,12,13,14,15,16,17,18,19,20,21,22,23,24,25,26,27,28,29,30,31
"001,001",-16.2534,6.5781,-0.1391,-0.1216,0.0705,0.0137,0.1462,-0.0510,0.0932,0.0691,-0.0280,0.0738,0.0007,0.0593,-0.0721,-0.1100,-0.0772,-0.1289,0.1651,-0.0954,0.0165,-0.0640,0.0769,0.0488,0.0288,-0.0791,0.2553,0.2126,0.1903,-0.0195,-0.0129,0.0560
"002,001",-23.4183,-7.1094,-0.0929,-0.0176,0.0059,-0.0087,0.0784,0.0526,-0.0300,0.1494,0.1543,-0.0893,-0.0069,0.1243,-0.2906,-0.1870,0.6243,0.4791,0.0102,0.2464,0.2161,0.0391,0.0214,-0.2457,-0.0716,0.0272,-0.0378,-0.0747,-0.0734,0.0310,-0.0183,0.1093
"003,001",-25.9035,41.1669,-0.3066,0.1532,0.0972,0.2647,-0.0408,-0.0827,-0.4277,-0.1283,-0.7803,0.0018,0.3373,-0.2494,0.2152,0.1528,0.2333,-0.0166,0.0863,-0.0660,0.1399,-0.1530,-0.0761,0.2098,-0.1259,-0.0619,0.0215,0.1197,-0.0478,0.0470,0.0059,0.1621
"003,002",-6.4501,15.2808,-0.2508,0.0886,0.0037,0.1890,-0.1119,0.0222,-0.1738,0.0375,-0.2009,0.1040,0.0097,-0.0117,-0.0164,-0.1797,-0.0814,0.0142,-0.1370,-0.1812,0.0829,-0.0669,0.0722,0.0848,0.1281,0.0089,-0.0253,0.3991,0.1231,-0.1778,0.3173,-0.1325
"003,004",15.2375,-14.8443,0.0981,0.0462,0.0702,-0.0325,0.0142,-0.0533,-0.0105,0.1950,0.0876,-0.0968,0.0325,-0.3021,-0.1808,0.3741,0.0884,-0.2014,-0.0718,0.3283,-0.0851,-0.2765,0.1104,-0.4061,-0.1140,-0.2937,-0.6200,0.4096,-0.2757,-0.3783,-0.2985,0.2557
"006,001",-22.8729,15.2250,-0.0064,-0.0301,0.0881,0.0409,0.0313,-0.0683,-0.0048,0.0775,-0.0023,-0.0784,0.0010,-0.1346,0.1701,-0.3140,-0.0129,-0.1152,-0.1002,-0.0720,-0.0352,0.0110,0.1369,-0.0558,-0.0541,0.0184,0.0766,-0.3084,0.0032,-0.2066,-0.1012,0.1578
"008,001",15.9040,-23.5098,-0.0021,-0.0042,-0.0548,-0.0791,-0.1068,0.2279,0.1407,-0.0517,-0.2851,-0.3771,0.1762,0.1862,0.0096,0.3760,0.1822,-1.0520,0.7986,-0.1844,0.1435,2.0158,-0.5981,-1.6103,1.0710,0.5868,-0.0513,-0.1116,-0.2254,0.6017,0.9930,0.2976
"010,007",-3.1214,20.4465,-0.2097,0.0532,0.0367,0.0414,0.1412,-0.0508,-0.0218,0.0453,0.0820,0.1547,-0.0504,-0.1591,-0.0551,-0.1243,-0.1589,0.0255,0.0826,0.0871,0.0072,0.1382,0.0783,0.0984,0.0504,0.0275,0.1047,0.2335,-0.1753,0.0078,0.0745,-0.0744
"010,009",-17.2230,-9.6944,0.0720,-0.1276,-0.0056,-0.2286,0.0331,0.0591,0.1675,0.1643,-0.0700,0.0466,0.1956,0.2436,-0.1883,0.0014,0.0816,-0.1436,0.0996,-0.0385,0.0212,-0.2708,-0.1932,0.1369,-0.0063,-0.0286,0.3206,0.3026,0.1252,0.3312,0.0899,-0.2701
"010,010",2.0759,-11.5216,0.1153,-0.0223,-0.0501,-0.0685,0.0028,0.1004,0.1592,0.1316,0.0367,-0.1256,0.0492,0.0529,-0.0018,0.1110,-0.0433,0.0652,-0.0984,0.0541,0.0258,0.1278,0.0018,0.1484,-0.0314,0.0159,-0.0846,-0.1184,-0.0262,-0.1413,0.0203,-0.0006
"010,011",7.4428,-17.7692,0.0600,-0.1832,-0.0296,-0.1068,0.0106,0.0731,0.1125,0.3666,0.0101,-0.2071,0.0903,0.1714,0.1590,0.1293,0.0024,-0.0893,-0.1225,0.1934,-0.1495,-0.0250,0.2388,-0.1236,-0.1825,-0.1699,-0.4371,0.0627,-0.1524,-0.2803,0.0283,0.1540
"010,012",-0.0480,10.3712,-0.0341,0.0644,0.0329,0.0179,0.0039,0.0116,-0.0483,0.0261,0.0818,0.0246,-0.0059,-0.1300,-0.1081,0.0694,-0.0355,-0.1214,0.1223,0.0451,0.0842,0.2012,-0.0092,0.0622,0.0901,0.0314,-0.0203,-0.0144,-0.0044,-0.0323,-0.0194,0.0927
"010,013",-27.9891,-5.7977,-0.0435,-0.0805,0.0101,-0.2018,0.1534,0.0033,0.1300,0.3080,0.0489,-0.0187,0.1343,0.0278,-0.1951,-0.0581,-0.0000,-0.3968,0.0542,0.1614,0.2283,-0.3143,-0.0893,0.6239,0.2042,0.2659,-0.1539,-0.2307,0.2182,0.3611,-0.0070,0.0365
"010,014",-1.0862,23.7485,-0.1593,0.0792,0.0199,0.0767,0.0344,-0.0173,-0.0958,0.0552,0.0156,0.0840,-0.0507,-0.2166,-0.0132,0.0488,-0.1373,0.1785,-0.1678,-0.1449,-0.1605,0.1848,0.0919,0.1054,-0.1911,0.0189,-0.2334,-0.1093,-0.0076,0.0810,0.2989,-0.2709
"010,018",-19.1234,26.8584,-0.2772,0.1003,0.0583,0.1081,0.1289,-0.0790,-0.1510,0.1708,0.0632,0.2768,-0.0042,-0.1483,-0.0074,-0.1307,-0.0546,-0.0381,0.0533,0.0029,-0.0396,-0.1542,-0.1378,-0.0443,0.0832,0.1104,-0.0654,0.0763,0.0474,0.0139,0.0931,-0.0147
"010,019",-26.6287,12.0384,-0.2359,0.0114,0.0306,0.0207,0.2227,-0.0273,0.0203,0.1573,0.0882,0.1234,0.0155,-0.0441,-0.0976,-0.2142,-0.1140,-0.0813,0.1551,0.0297,0.0253,-0.0767,-0.0729,0.1190,0.0732,0.1134,0.0510,0.0412,0.0045,0.1513,-0.0401,0.0093
"010,020",31.5690,-6.8515,0.1949,0.2484,0.2169,0.1750,0.0067,-0.0186,-0.2000,0.0027,0.0845,0.0932,-0.0099,-0.3492,-0.0706,0.2911,-0.0226,0.0461,-0.1035,0.1038,-0.1508,-0.1334,-0.1029,-0.2254,0.0580,0.0002,0.0093,-0.2044,0.1699,-0.1293,0.1243,-0.3442
"010,021",-8.5476,30.2481,-0.0937,0.1141,0.0581,0.1399,-0.0305,-0.0269,-0.1954,-0.0311,-0.2941,0.0762,0.0683,-0.3492,0.0610,0.1009,-0.0185,0.2491,-0.1140,0.0703,-0.0179,0.0888,-0.0220,0.0449,-0.0786,0.0488,-0.0278,0.0532,-0.0483,-0.0888,0.0872,0.1604
"010,022",-23.8530,-30.7687,0.0887,-0.0378,-0.3079,-0.0538,-0.3312,0.2999,0.0977,-0.1612,-0.0613,-0.2301,-0.0282,-0.0185,0.2601,-0.3156,-0.7262,0.4059,0.8172,0.3365,-0.1163,-0.2772,0.3072,-0.5245,-0.0573,-0.1338,-0.2594,-0.0352,0.1490,0.4264,-0.2155,0.0533
"010,023",10.0985,8.2645,0.2579,0.1608,0.1854,0.0412,-0.0056,-0.0035,0.0519,-0.0798,-0.1404,0.0942,-0.3142,-0.2487,-0.0206,0.0458,0.0009,-0.0413,0.0667,0.1860,0.1277,0.0686,-0.0110,0.0990,-0.0221,-0.0391,0.0659,0.0666,-0.1033,0.0335,-0.1402,-0.0703
"010,024",19.6621,17.6641,0.0858,0.1433,-0.0442,0.1024,-0.1486,0.1463,-0.0128,-0.0868,0.1124,-0.0141,-0.1244,-0.3430,0.0231,0.2422,-0.2194,0.4038,-0.0842,0.1130,-0.2677,0.2456,-0.0031,0.1121,0.0112,0.1937,0.0877,-0.1254,-0.4072,-0.1804,0.0848,0.0242
"010,026",-2.7605,-7.5787,0.0986,-0.0520,0.0126,-0.0401,-0.0479,-0.1623,0.1876,0.1804,-0.2338,-0.2174,0.2563,0.1446,0.1339,-0.0367,0.0759,0.0411,-0.0075,0.0376,-0.1070,-0.0538,-0.0262,-0.0211,0.0388,0.0670,0.0498,0.0078,-0.0333,0.0007,0.1078,0.0061
"010,027",3.5609,16.8330,-0.0138,0.0598,0.0725,0.0462,0.0579,-0.0465,-0.0399,0.0605,-0.0170,0.0490,-0.0146,-0.2304,-0.1050,0.1094,-0.0580,-0.0416,-0.0079,0.0429,0.1363,0.1227,0.1393,0.0034,-0.0183,-0.0325,0.0211,0.2285,0.0322,0.0321,-0.0467,0.0063
"010,028",-26.3563,13.5661,-0.1381,-0.0456,-0.0255,-0.0835,0.1265,0.0101,0.0510,0.0268,0.0854,-0.0443,0.0335,0.0396,-0.0702,-0.2115,-0.2236,-0.1486,0.1351,0.1266,0.0259,-0.0388,0.1897,-0.0136,-0.1034,0.0405,0.4037,-0.2778,-0.0143,-0.1378,-0.0794,0.2314
"010,030",1.5272,3.9694,0.0619,-0.0496,-0.0622,-0.1345,-0.0300,0.0392,0.1083,0.0239,0.0012,-0.0335,0.0761,0.0254,0.0057,0.0169,-0.1767,0.2080,-0.1020,0.0544,0.0337,0.1165,-0.0181,-0.0421,-0.0325,0.0173,0.0430,-0.0200,-0.1472,-0.0406,0.0288,-0.0931
"010,031",-16.9497,-22.8740,-0.1380,0.0457,-0.0531,0.0131,0.0117,0.0865,0.1457,0.2383,0.1937,-0.0136,0.0546,0.1921,-0.6063,-0.3339,1.6823,1.1562,0.8247,0.1925,0.6302,-0.2232,0.4662,-0.3612,-0.1183,0.2770,-0.1929,-0.4965,-0.3292,0.0262,-0.0116,-0.0616
"010,032",-24.3467,5.6086,-0.2419,-0.0164,-0.0172,-0.0082,0.0983,0.0662,0.0629,0.4126,0.0942,0.2493,0.0107,0.3596,0.2407,-0.0916,0.1620,-0.1200,0.0984,-0.0778,-0.0318,-0.1201,-0.0673,0.1016,0.1315,0.0179,-0.1153,0.0702,0.0237,0.1568,-0.0845,-0.1010
"010,033",49.0688,8.1808,1.1793,0.6223,0.8619,0.5592,0.3042,0.2685,0.0842,-0.1052,0.0193,0.1563,0.1921,0.3490,0.1237,-0.3282,-0.0728,-0.0879,-0.0183,0.0558,0.1680,0.0946,-0.0357,0.0802,-0.1601,-0.0182,-0.1230,-0.0295,-0.0277,0.0834,0.0691,-0.0257
"010,034",-22.3740,-16.8023,0.0770,0.0678,-0.3157,0.1285,-0.2065,0.1649,-0.0166,-0.0928,0.1406,-0.0672,-0.0585,-0.0314,-0.0112,-0.0164,-0.2458,0.0473,0.2186,0.1492,-0.0861,-0.0423,-0.0708,-0.0722,0.0869,0.0967,-0.0090,-0.0565,-0.0103,-0.1086,0.1967,0.0405
"010,036",-34.4163,38.3182,-0.2345,-0.0035,0.0252,0.1382,-0.0223,-0.0083,-0.2059,0.2399,-1.0939,-0.1745,0.6903,0.0992,0.4414,-0.2023,0.1782,-0.1336,0.1683,0.1085,-0.0986,0.1515,-0.2548,-0.2328,0.2180,0.3677,0.4285,-0.1209,-0.0914,0.0593,0.1883,0.5178
"010,038",18.5672,18.0943,0.0094,0.1326,-0.0821,0.1241,-0.1520,0.1307,-0.0996,-0.0829,0.1024,0.0344,-0.0947,-0.2810,-0.0442,0.1961,-0.1529,0.2560,-0.0628,0.1202,-0.1651,0.1408,-0.0697,0.0521,-0.0137,0.0226,-0.0245,-0.2069,-0.2772,-0.1779,0.2142,-0.0799
"010,039",20.9105,12.8930,0.1162,0.0775,-0.0541,0.0423,-0.0434,0.0569,0.0114,0.0497,0.0753,-0.0119,-0.0037,-0.2062,-0.0366,0.3493,-0.0688,0.1778,-0.1879,0.0108,-0.2442,0.0854,-0.1712,0.0793,-0.1393,0.2130,-0.0089,-0.1897,-0.1525,0.0904,0.0520,-0.0396
"010,040",7.3686,2.9417,0.0137,-0.0109,-0.0368,-0.0862,0.0284,0.0260,0.1234,0.1377,0.1064,-0.1360,0.0381,-0.0746,-0.0751,0.0480,-0.1079,0.0111,-0.1521,-0.0516,-0.0128,0.0566,-0.0571,0.1399,-0.2000,0.1645,-0.0633,-0.1645,-0.1489,-0.0189,0.0460,0.1000
"010,041",-17.2688,32.9526,-0.2493,0.1168,0.0627,0.1877,0.0138,-0.0498,-0.2536,0.0359,-0.3117,0.1233,0.1399,-0.2205,0.0745,-0.0967,-0.0262,0.2783,-0.1145,-0.0356,-0.0085,0.0299,-0.1083,0.0159,0.0070,0.0486,-0.0912,0.0961,0.0586,-0.0910,0.1027,0.1610
"010,042",-12.8792,32.0900,-0.2778,0.1225,0.0459,0.1802,-0.0094,-0.0685,-0.2800,0.0984,-0.2434,0.1381,0.1197,-0.1686,0.1081,-0.1174,-0.0251,0.1800,-0.1286,-0.1235,-0.1596,-0.0021,-0.0782,0.0141,-0.0107,0.0295,-0.2215,-0.0939,0.0564,-0.1473,0.2804,-0.2109
"010,045",-30.2376,40.7824,-0.1461,0.0527,0.0028,0.1663,-0.2022,0.0248,-0.3071,0.0285,-0.7443,-0.0610,0.3776,-0.1232,0.2651,0.0064,0.0868,0.0220,0.0271,0.0246,-0.0467,-0.2661,-0.1381,0.3339,0.0422,0.2760,-0.1270,-0.0868,0.0881,0.0291,0.0432,0.3968
"010,046",-27.4959,24.7947,-0.2395,0.1008,-0.0655,0.1508,-0.1284,0.1278,-0.0539,0.0206,0.0922,0.1453,-0.0673,-0.0046,-0.0489,-0.2430,0.0063,-0.0586,-0.3596,-0.0964,-0.0882,0.0030,0.1200,-0.0532,0.0869,0.1476,-0.0420,-0.0194,-0.0407,0.0491,0.0682,-0.0533
"010,048",-6.8442,33.1991,0.1042,-0.0243,-0.1371,0.0047,-0.1015,0.1332,0.1245,0.0399,0.0064,-0.1181,0.0305,0.0090,0.0030,0.0623,-0.2363,0.2943,-0.1356,-0.0973,0.1636,0.0023,-0.0535,-0.0416,-0.0200,0.0583,0.0020,-0.1143,-0.1136,-0.0682,0.0921,0.0415
"010,049",18.2669,14.6979,0.0924,0.1573,0.0167,0.1011,-0.0725,0.0433,-0.1264,-0.0386,0.0897,0.0646,-0.0548,-0.3750,-0.0638,0.3416,-0.1161,0.2781,-0.1350,0.0709,-0.2809,0.1329,0.0054,-0.1016,0.0329,0.0175,-0.0891,-0.1449,-0.3078,-0.2102,0.1607,-0.0641
"010,050",10.7960,-2.5267,0.0333,-0.0131,-0.0151,-0.0435,0.0341,-0.0557,0.0185,0.1522,-0.0278,-0.0348,0.0575,-0.1069,-0.1482,0.1196,0.0598,-0.2061,-0.0653,0.0570,0.1867,0.0282,-0.0801,-0.1286,0.0432,-0.0023,0.0127,0.0268,0.1308,0.1219,0.0171,-0.0393
"010,051",20.8837,16.2005,0.0326,0.0934,-0.0567,0.0884,-0.1390,0.1442,0.0314,-0.0230,0.1153,-0.0660,-0.1099,-0.1924,-0.0003,0.0890,-0.1473,0.1781,-0.1697,-0.1175,-0.1735,0.0682,-0.0248,0.1770,-0.2601,0.2936,-0.0493,-0.1809,-0.1680,0.2114,0.1160,0.0922
"010,053",52.2371,7.2104,1.4610,0.8055,1.1287,0.7258,0.3800,0.3746,0.0241,-0.1912,0.0712,0.2144,0.2716,0.4450,0.1810,-0.4631,-0.1032,-0.1146,0.0120,0.1025,0.2345,0.0619,-0.0546,0.0572,-0.1820,-0.1037,-0.1290,-0.0262,-0.0528,0.0567,0.0509,-0.0658
"011,001",2.2619,-26.6768,-0.0347,0.0396,0.0161,-0.0234,-0.0329,0.0023,0.0435,0.1158,0.0440,0.0076,-0.0282,-0.0798,-0.0105,0.1511,0.1206,-0.2118,0.0514,0.0302,0.1694,0.1728,0.1235,0.3377,0.1253,-0.0010,-0.1713,-0.1667,0.0619,-0.2099,-0.0940,0.0599
"011,003",52.6083,8.1302,1.2939,0.7301,1.0254,0.6621,0.3582,0.3299,0.0356,-0.1643,0.0701,0.2269,0.2390,0.4335,0.1097,-0.4404,-0.0790,-0.1357,0.0367,0.0387,0.2344,0.0762,-0.0490,0.0806,-0.1883,-0.0732,-0.1280,0.0101,-0.0106,0.0945,0.0510,-0.0093
"011,004",-9.5682,17.9786,-0.1380,0.0775,0.0780,0.0470,0.1024,-0.1682,-0.0047,-0.0170,0.1038,0.1274,-0.0387,-0.1571,-0.0423,0.0089,-0.1121,0.0049,0.0402,0.1297,0.0682,0.0426,0.0833,-0.0950,-0.0420,-0.0166,0.1018,0.0566,0.0016,0.0276,-0.0603,-0.0070
"016,001",-29.8338,1.2030,-0.0816,0.0146,-0.1971,0.0871,-0.0748,0.2878,0.0784,-0.1372,0.1176,-0.0108,-0.0530,0.0796,-0.0640,-0.2292,0.3020,0.5733,-0.4003,0.3792,-0.1091,0.3743,-0.3498,0.0568,-0.0140,-0.2158,0.1290,0.1854,0.2379,-0.0058,-0.0236,0.2521
"016,002",20.7219,23.8558,-0.1514,0.0793,0.0629,0.0655,0.1103,-0.0779,-0.1058,0.1972,0.1083,0.2032,-0.1504,-0.0192,0.1095,0.1052,0.1281,-0.0680,-0.0394,-0.1940,-0.0750,0.1136,0.1510,-0.1682,-0.1049,0.0847,-0.0612,0.0282,0.0845,0.3573,-0.0394,0.4355
"016,006",-16.6907,16.0046,-0.1915,0.0470,0.0514,-0.0065,0.1249,-0.0841,-0.0318,0.1726,0.1005,0.1921,-0.0172,-0.0577,-0.0226,-0.0892,-0.0189,-0.1532,0.0453,-0.0065,0.0825,0.0168,0.0202,0.2247,0.1584,0.0726,-0.1093,-0.1154,0.1077,-0.0744,-0.1625,-0.0319
"016,007",22.9341,-4.9537,0.1293,0.0724,0.0877,-0.0469,0.0425,-0.0155,-0.0392,-0.0190,0.0414,0.0468,-0.0864,-0.3194,-0.0082,0.1586,-0.0476,0.0417,-0.0223,0.3722,0.1310,0.0675,0.0567,0.0391,0.2868,0.0603,0.1364,0.0752,0.0144,-0.0528,-0.1258,-0.0522
"016,008",-19.2615,3.0258,-0.2163,0.0298,0.0455,0.0565,0.2093,0.0162,0.0018,0.0355,0.1301,0.0861,-0.0386,-0.0216,-0.2547,-0.1515,0.4160,0.2850,0.1175,0.0737,0.1327,0.0395,0.0642,-0.0845,-0.1345,-0.0084,-0.0205,-0.0607,0.0958,0.1736,-0.0113,0.2058
"016,011",3.9888,13.8965,-0.0475,0.0552,0.0198,0.0262,-0.0130,0.0346,-0.0377,0.0062,-0.0989,0.0732,-0.3347,-0.0565,-0.1694,-0.0454,0.0201,0.0551,-0.1509,0.0902,-0.1060,0.2068,0.1068,0.0166,0.0178,-0.0793,0.0012,0.1944,0.0348,-0.0115,0.0240,0.0406
"016,012",23.7044,9.1953,0.1365,0.1102,0.1059,0.0719,-0.0207,0.0319,-0.0467,-0.0057,0.0286,-0.0940,-0.0513,-0.1033,0.0322,0.3380,-0.0614,0.1944,-0.1197,-0.2538,-0.2638,0.0263,0.0251,0.1471,-0.0828,0.2780,0.0203,0.0623,0.0433,-0.0434,0.1881,-0.0673
"016,014",-18.0328,22.9322,-0.2472,0.0576,0.0651,0.1076,0.1039,-0.1571,-0.0100,0.1139,0.0854,0.2498,-0.1117,0.0460,0.0791,-0.1233,-0.1511,0.0008,0.1177,-0.1342,-0.0011,-0.0524,-0.0170,0.0704,0.0749,0.0007,0.0013,0.2346,0.1132,0.0329,0.0806,-0.0337
"016,015",-34.9702,42.4129,-0.3149,0.0373,0.0702,0.2191,-0.0325,-0.0810,-0.3905,0.1150,-1.0727,-0.0798,0.6068,-0.1042,0.4229,-0.1321,0.1682,0.0271,-0.0085,0.1274,-0.0306,-0.1746,-0.0678,0.1047,0.0016,0.2106,0.1173,-0.0523,-0.0356,-0.0498,0.1253,0.3264
"016,015a",-2.2254,20.4489,-0.2169,0.0318,0.0270,0.0473,0.2048,0.0197,-0.0107,-0.2022,0.0734,-0.0024,-0.1205,-0.1119,-0.0046,-0.0597,-0.1756,0.0979,0.1346,0.0726,0.0848,0.1179,0.1701,0.0522,0.0704,0.0176,-0.0241,0.1764,-0.0780,-0.0519,0.0030,0.0270
"016,016",-24.1828,16.6945,-0.2480,0.0192,0.0151,0.0217,0.1802,-0.0027,-0.0110,0.1927,0.1873,0.1844,0.0038,-0.0855,-0.1945,-0.3139,-0.1814,-0.1315,-0.0202,0.0988,-0.0381,-0.1741,-0.0246,0.0051,-0.0257,0.2534,0.2466,-0.1853,-0.1385,0.0819,0.0521,0.1353
"016,017",-1.2255,-2.6724,-0.0403,-0.0379,-0.0778,-0.0398,-0.0360,0.0875,0.1479,0.1313,-0.0330,-0.1046,0.0947,0.1190,0.0513,0.0144,-0.0234,0.0801,-0.0615,-0.0106,-0.1627,0.1629,-0.0161,0.1493,-0.1038,0.0225,0.0378,-0.0494,-0.0909,0.0750,0.1329,-0.1643
"016,017a",-1.1319,-26.4155,-0.1712,0.0293,-0.0383,0.0094,-0.0237,0.1121,-0.0155,-0.1512,0.0546,-0.0392,-0.1174,-0.0612,-0.0186,-0.0375,-0.1478,-0.1571,0.1606,0.1578,0.2311,0.3101,0.2482,0.4536,0.1362,-0.1091,0.0754,0.0816,-0.1397,-0.3114,-0.2604,0.0274
"016,020",-24.2915,34.7839,-0.1891,0.0463,0.0748,0.0956,0.0322,-0.1481,-0.1875,0.0481,-0.4316,-0.0184,0.2288,-0.1452,0.0752,-0.0364,0.0511,0.0424,-0.0756,0.0954,0.0796,-0.0302,0.1401,0.0033,-0.0210,-0.0210,0.0888,0.0049,-0.0072,-0.0552,0.0713,0.1729
"016a,001",-21.1277,10.2029,-0.2261,-0.0986,0.0783,0.0208,0.2436,-0.0876,0.1175,0.0159,0.0650,0.0507,0.0680,0.0651,-0.0521,-0.1369,-0.0872,-0.2160,0.1345,-0.1249,-0.0348,0.1075,0.0494,-0.1315,-0.1138,-0.0150,0.3340,-0.0303,0.0097,-0.0058,-0.2753,0.0297
"017,001",13.8201,14.0453,0.0684,0.1296,0.0414,0.0631,-0.0740,-0.1244,0.0024,-0.0203,0.0693,0.0448,-0.1242,-0.1983,0.2537,0.2807,-0.0983,0.2027,-0.0260,0.2786,-0.1004,0.1199,0.1266,0.0871,0.1650,0.1644,0.0805,0.0146,-0.1290,-0.0647,-0.1071,0.0697
"017,002",-7.3468,-2.8158,-0.0539,-0.1203,-0.0129,-0.1947,0.1840,0.1200,0.1188,-0.0920,0.0104,-0.0743,0.0801,0.1384,0.0247,-0.0117,-0.0472,-0.0029,-0.0575,-0.0894,-0.0554,0.0231,-0.0876,0.0447,-0.0525,-0.0219,-0.1052,-0.0924,-0.0426,-0.0539,0.0041,-0.1104
"019,001",14.4358,-17.8517,0.0826,0.0380,0.0482,-0.0999,0.0005,-0.1529,0.1034,0.0577,0.0326,-0.1318,-0.1840,-0.4049,0.2084,-0.1027,0.1454,-0.1406,0.0255,0.0481,0.1852,0.1302,-0.0334,0.0713,0.1478,-0.0255,0.0359,0.0442,-0.0346,-0.0747,-0.1328,-0.0732
"020,002",-17.2631,29.5303,-0.2931,0.0672,0.0194,0.1017,0.1393,-0.0337,-0.0694,0.1242,0.1304,0.2358,-0.0450,-0.0782,-0.0386,-0.2380,-0.1473,0.0656,0.0037,-0.1030,-0.1057,0.0305,-0.1920,-0.0627,0.0755,0.0554,-0.1551,0.0466,0.0058,-0.1218,0.0071,-0.0252
"021,001",23.7160,-8.3007,0.0065,0.0779,0.0982,0.0070,0.0691,-0.1035,-0.0861,0.0161,0.0420,0.0412,-0.0013,-0.1781,-0.1374,0.1699,-0.0189,-0.0685,-0.0558,0.2085,0.0917,-0.2302,-0.0928,-0.2119,0.0352,0.0440,0.1783,-0.0939,0.1021,0.0749,-0.1548,-0.0458
"022a,001",-33.8894,-3.8803,-0.2879,-0.0146,0.0064,-0.0267,0.4838,0.1973,0.2699,-0.1616,-0.0015,-0.0895,-0.0079,0.0866,0.0700,-0.0778,0.1206,-0.2468,0.2460,-0.0949,-0.0578,0.1269,-0.3326,-0.1859,0.2315,0.1886,-0.1100,-0.1248,-0.0889,0.2047,0.0457,0.0439
"025,001a",-18.4296,7.3226,-0.1552,-0.0798,0.0155,-0.0211,0.1597,0.0283,0.1146,0.1196,-0.1213,-0.0314,0.1081,0.1532,-0.0061,-0.1559,-0.0192,-0.1204,0.1223,-0.0404,-0.0071,0.0603,0.0819,-0.0344,-0.0579,-0.1035,0.3629,0.1177,0.1748,-0.0085,-0.0524,0.0563
"027,003",28.1988,8.1053,0.3241,0.1784,0.1717,0.0960,0.0039,0.0575,-0.0537,0.0213,0.1338,-0.0971,-0.0057,-0.1733,-0.0357,0.2049,-0.0490,0.1139,-0.1098,-0.1198,-0.2930,0.0158,0.1601,-0.0622,-0.0872,0.2806,-0.0322,-0.0145,-0.0676,0.0034,-0.0729,0.2043
"027,004",21.2567,6.2092,-0.0055,0.0199,0.0297,-0.0143,0.1088,0.0295,0.0751,0.0632,0.0853,-0.0697,-0.0484,-0.2080,-0.0103,0.1060,-0.0410,0.0247,-0.1465,-0.0210,-0.0716,-0.0172,0.0079,-0.0718,-0.1029,0.1520,-0.0139,-0.0978,0.0045,0.1875,0.0842,-0.0703
"027,004a",22.9310,25.4219,-0.1625,0.1284,0.0184,0.1258,-0.0017,-0.0215,-0.0765,0.0152,0.0325,0.2540,-0.2768,-0.2268,-0.0224,-0.0699,-0.0183,0.0773,-0.3081,-0.4552,-0.2218,0.1840,0.3407,-0.1199,-0.2563,0.0816,-0.0662,0.0289,-0.0202,0.5364,-0.0008,0.5826
"027,006",3.1826,-24.8236,0.0158,-0.0680,-0.0206,-0.0447,-0.0301,0.0758,0.0909,0.1138,0.0643,-0.0330,-0.0150,-0.0284,-0.0201,0.0445,-0.0399,-0.0390,0.0251,-0.0189,-0.0160,0.2099,0.1139,0.3270,0.1701,0.0924,-0.0801,-0.2379,-0.0537,-0.2761,-0.0416,0.0667
"028,001",-26.0912,17.3573,-0.2339,0.0136,0.0203,0.0513,0.1632,-0.0363,-0.0314,0.2157,-0.0144,0.1820,0.0356,-0.0218,-0.0688,-0.2693,-0.0597,-0.0709,0.1587,-0.0753,-0.0484,-0.1452,-0.0959,0.1028,0.0931,0.1672,-0.0274,0.1101,0.2074,0.1723,0.0577,0.2187
"029,001",-13.8896,39.7476,-0.2484,0.1191,0.0653,0.1596,0.1153,-0.0203,-0.0711,0.1844,0.1847,0.3027,-0.0291,0.0644,-0.0050,-0.3793,-0.0933,0.1366,0.1230,-0.3616,-0.4371,-0.0242,-0.5963,-0.1438,0.1247,0.0534,-0.2115,-0.2760,0.0718,-0.4858,-0.1421,0.0364
"029,002",-18.9428,-10.8733,-0.0177,-0.0090,0.0357,-0.0292,-0.0271,0.0312,0.0088,0.0573,-0.0258,0.1049,-0.1601,0.0857,-0.0701,-0.0807,-0.0887,-0.0351,0.2311,-0.3262,-0.0837,-0.2544,0.1035,0.1588,0.1148,0.0720,0.0883,0.5460,0.5057,-0.2435,0.4291,-0.0009
"029,003",-12.6352,41.0197,-0.3043,0.0989,0.0404,0.1061,0.1361,-0.0333,-0.0578,0.2824,0.1853,0.3410,-0.0416,0.1472,0.0166,-0.3836,-0.0417,0.1268,0.3032,-0.5467,-0.4380,-0.0903,-0.5653,0.0396,0.2826,0.1615,-0.3747,-0.0619,0.0904,-0.3530,-0.1786,-0.0300
"029,004",-14.5850,34.0513,-0.1859,0.1336,-0.0094,0.1450,-0.0545,0.0912,-0.0940,0.1423,0.1009,0.2068,-0.0388,-0.0209,0.1050,-0.1590,0.0143,0.2540,0.0582,-0.2193,-0.3458,0.0270,-0.4318,0.0502,0.1277,0.2058,-0.1553,-0.2261,-0.1830,-0.4322,-0.0641,-0.0939
"029,005",-10.6662,45.8228,-0.3497,0.0996,-0.0079,0.1452,0.1068,-0.0090,-0.0262,0.2246,0.1979,0.3785,-0.0397,0.1552,0.0275,-0.5257,-0.1642,0.1720,0.3413,-0.4546,-0.4044,-0.0317,-0.8174,-0.0659,0.2805,0.1219,-0.4749,-0.2873,-0.0134,-0.4772,-0.3733,0.0862
"029,007",0.9926,2.2923,-0.0086,-0.0154,-0.0064,-0.0518,0.0524,-0.0010,-0.1117,0.1532,0.0792,-0.1069,-0.0195,0.0401,-0.0714,-0.0023,-0.0911,-0.0305,0.0181,0.0307,-0.0398,0.0081,-0.0093,0.0774,-0.0222,0.0010,0.0353,-0.0491,0.0024,-0.0143,-0.1210,0.0579
"029,008",-11.7775,-8.1615,-0.0630,-0.0465,-0.0789,-0.0264,-0.0417,0.1478,0.0509,0.0395,0.0294,-0.1820,-0.0277,0.1580,0.0205,-0.2278,0.0083,-0.0429,-0.0421,-0.0847,-0.0308,-0.1012,0.2451,-0.1162,0.0373,-0.0273,-0.0095,0.0774,0.1224,-0.0075,0.1434,-0.0615
"029,009",-10.6666,43.4845,-0.3954,0.1434,0.0223,0.1961,0.1093,-0.0127,-0.1168,0.2514,0.1757,0.4433,-0.0315,0.0843,0.0885,-0.5278,-0.1174,0.2272,0.2529,-0.4771,-0.4744,-0.0342,-0.8200,-0.0564,0.2897,0.2010,-0.4708,-0.2600,-0.0074,-0.5060,-0.3133,0.0801
"029,010",-15.6439,36.9716,-0.2004,0.0679,0.0388,0.0784,0.0827,0.0122,-0.0022,0.2832,0.1036,0.2436,-0.0149,0.1578,-0.0317,-0.2779,0.0177,0.1080,0.2383,-0.4946,-0.4248,-0.0852,-0.4025,0.0359,0.2133,0.0641,-0.2019,0.0538,0.1480,-0.3312,-0.0672,-0.0943
"029,011",10.5153,-2.9824,-0.2415,0.0675,0.0408,0.0682,0.1176,-0.0017,-0.0266,0.2497,0.0977,0.2447,0.0037,0.0754,-0.0441,-0.1350,0.0085,-0.0332,0.1579,-0.3238,-0.2933,-0.2131,-0.0960,0.1836,0.4080,-0.4459,-0.0210,-0.0110,-0.1913,0.2508,0.0920,-0.0142
"029,012",-5.2113,6.8238,-0.0111,0.0614,0.0199,0.0844,-0.0811,0.1002,0.0196,0.0802,0.0455,0.1190,-0.0230,0.0725,-0.1522,-0.1504,0.1527,-0.0396,-0.0189,-0.1937,-0.0804,-0.0704,0.1025,0.0281,0.1701,0.0033,-0.0963,0.1029,0.0805,0.0091,-0.0329,-0.1139
"029,014a",-15.8391,1.9710,-0.0544,-0.0943,0.0620,0.0169,0.0149,-0.0239,0.0818,0.2129,-0.2046,-0.0029,0.2185,0.1597,-0.0617,0.1791,-0.1881,0.1615,-0.0774,-0.4825,0.2598,0.0442,-0.1759,-0.1825,-0.0303,-0.1118,0.2693,0.4116,-0.0655,-0.0162,-0.7800,-0.5571
"029,017",-16.1907,34.8800,-0.2706,0.0885,0.0229,0.0990,0.1116,0.0087,-0.0620,0.2439,0.1478,0.2568,-0.0519,0.0927,0.0706,-0.2230,-0.0474,0.1350,0.1126,-0.3197,-0.3353,0.0147,-0.3937,0.0167,0.1412,-0.0099,-0.1824,-0.0616,0.0351,-0.2056,-0.0203,-0.0996
"029,018",-15.0201,36.4004,-0.2568,0.1579,0.0530,0.1841,0.0805,-0.0234,-0.1601,0.1706,0.1425,0.2773,-0.0359,0.0035,0.0171,-0.3291,-0.0364,0.2218,0.0665,-0.2350,-0.3551,-0.0211,-0.5087,-0.0828,0.1795,0.1141,-0.2427,-0.1394,0.1221,-0.2868,-0.0582,0.0579
"040,001",-2.9853,-22.9439,0.1218,-0.1809,-0.0339,-0.2423,0.1085,0.0046,0.1942,0.2962,-0.0822,-0.2039,0.0602,0.0884,-0.0054,0.0377,0.0190,-0.2451,-0.0683,0.1699,0.1329,0.0634,0.0178,0.2877,0.1822,-0.0507,-0.1699,-0.1873,0.1352,-0.1190,0.0129,-0.0988
"042a,000",-6.0252,11.9802,-0.0981,-0.0701,0.0110,-0.0355,0.1087,0.0450,0.0424,0.0247,-0.0556,-0.0190,-0.0146,0.0016,-0.0028,-0.0305,-0.0627,0.0316,0.0293,0.0621,0.1250,0.1138,0.1118,0.0509,0.0461,-0.1064,0.1294,0.1526,-0.0264,-0.0566,-0.0639,-0.0536
"043,001",-18.8278,-3.2442,-0.1377,0.0335,0.0269,0.0730,-0.0052,0.0219,0.0042,0.0929,-0.0682,0.1248,-0.0788,0.0069,-0.1000,-0.1067,0.0094,-0.1519,0.2091,-0.1884,0.0828,-0.2098,0.0573,0.1277,0.0355,-0.1358,0.0381,0.2909,0.3474,0.0263,0.2347,0.0572
"044,001",16.0392,-4.8539,-0.0395,-0.0021,0.0543,-0.0402,0.1157,-0.0289,0.0260,0.1684,0.1054,0.0792,0.0567,-0.1356,-0.2424,0.0773,0.0678,0.0032,0.0275,0.1720,0.2487,-0.3164,-0.0474,-0.1570,0.0121,0.0895,0.1269,-0.0725,0.0464,0.1657,-0.0371,-0.0482
"046,001",22.0182,26.7578,-0.1894,0.1190,-0.0190,0.1579,-0.0515,0.0519,-0.0575,-0.0063,0.0712,0.1955,-0.2083,-0.1528,-0.0410,-0.1164,0.0030,0.0330,-0.4076,-0.4176,-0.1916,0.1165,0.4138,-0.1207,-0.2216,0.1382,-0.0482,-0.0115,-0.0130,0.4774,-0.0125,0.4774
"046,002",-2.4911,21.1911,-0.2460,0.0873,-0.0062,0.1146,0.0424,-0.0941,0.0219,-0.1203,0.1385,0.1140,-0.1301,-0.0952,0.0444,-0.1741,-0.3008,0.1972,0.0390,0.0072,-0.0074,0.2310,0.1103,0.1352,0.0262,0.0795,-0.0651,0.1022,-0.1942,0.0367,-0.0239,0.0506
"046,003",-31.4297,42.3019,-0.0596,0.1619,0.1626,0.2816,-0.0803,-0.0334,-0.4348,0.0194,-1.0096,-0.0364,0.5229,-0.2319,0.3783,-0.0746,0.2298,0.1022,-0.1614,0.2506,-0.0678,-0.2171,0.0125,0.0418,0.0080,0.1199,0.0395,-0.0842,-0.0217,-0.1290,0.0351,0.2059
"046,005",19.9953,24.5391,-0.1293,0.0869,0.0233,0.0916,0.0881,-0.0412,-0.0222,0.0899,0.1001,0.1612,-0.1228,-0.1693,-0.1167,0.0019,0.0938,0.1064,-0.1656,-0.2924,-0.1492,0.1398,0.1183,-0.0683,-0.1927,0.0461,-0.0677,-0.0138,0.1185,0.3268,-0.0464,0.3621
"047,010",-5.2253,23.0640,0.0577,0.1328,-0.0069,0.1226,-0.2541,0.0939,-0.0635,-0.0448,-0.1706,-0.0419,0.0292,-0.1706,-0.0190,0.1990,0.0562,-0.1379,0.0407,-0.0016,0.0259,-0.0879,-0.1122,0.3264,0.0868,0.2143,-0.1181,-0.1172,0.0977,-0.0511,-0.0608,0.2845
"048,001",8.0130,22.2622,-0.1970,0.0568,-0.0200,0.0613,0.0332,0.0950,-0.0855,-0.0420,0.0910,0.0367,-0.1147,-0.0669,-0.0579,-0.0707,-0.0731,0.1499,0.1127,0.1944,0.2156,0.3251,0.1374,0.2074,0.0748,-0.1189,0.1604,0.3154,-0.1834,-0.1134,-0.0227,-0.0375
"049,001",-24.4883,-28.2735,0.0003,0.0127,-0.2777,0.0727,-0.3572,0.2785,0.0574,-0.1897,-0.0175,-0.1747,-0.0997,0.0127,0.1341,-0.2067,-0.5610,0.2171,0.6053,0.2469,-0.0040,-0.1787,0.1924,-0.2843,-0.0486,-0.0866,-0.1036,-0.0223,0.0880,0.2606,-0.0335,0.0695
"052,003",21.9198,7.6047,0.0006,0.0592,0.0364,0.0199,0.1000,-0.0226,0.0034,0.1265,0.1450,0.0384,-0.0406,-0.2566,-0.1304,0.2455,-0.0333,0.0572,-0.1158,0.0840,-0.1573,-0.0780,-0.0731,0.0207,-0.0608,0.2779,0.0950,-0.0658,-0.1065,0.2090,0.1016,-0.1004
"052,005",-41.2514,-6.7313,-0.3015,-0.0223,0.0627,-0.0196,0.6254,0.1696,0.1568,-0.3506,0.0019,-0.1471,-0.0734,-0.0123,-0.0183,0.0524,-0.0341,-0.1341,-0.0575,0.0113,0.0116,-0.2093,0.1648,-0.0400,-0.1021,0.0361,0.0180,0.0594,-0.0539,0.0789,-0.0333,0.0515
"054,001",-8.2338,5.7246,-0.0391,-0.0504,0.0110,-0.1344,0.0734,0.0413,0.0593,-0.0163,-0.0522,0.0509,0.0671,0.0438,-0.0403,-0.0197,-0.0059,0.0148,0.0581,-0.0727,-0.0081,0.1014,0.0369,0.0656,-0.0892,-0.0641,0.2213,0.1445,0.0462,-0.0079,0.0142,0.0298
"057,002",22.7624,-8.1030,0.1362,-0.0083,0.0375,-0.1296,0.0829,-0.0008,0.0373,0.0742,0.0636,-0.0037,0.0023,-0.2083,-0.0715,0.1592,-0.0061,-0.0427,-0.0791,0.2923,0.0510,-0.0741,-0.0316,-0.0891,0.2304,0.0634,0.1270,0.0085,0.1034,-0.0206,-0.0942,-0.0867
"057,003",15.2525,-18.8709,0.0178,-0.0433,-0.0562,-0.0531,-0.1356,0.0878,0.1008,0.0886,-0.0812,-0.1143,0.1012,0.1115,-0.0960,0.0878,0.2204,-0.2634,0.0126,-0.0568,-0.0182,0.3496,-0.0196,-0.3277,0.1278,0.0414,-0.1505,0.1788,0.0798,0.2167,-0.0521,-0.1341
"058,003",-13.7512,8.1273,-0.1281,0.0037,-0.0092,0.0045,0.0816,-0.0284,0.1478,-0.0840,0.0809,-0.0547,0.0247,0.1097,-0.0407,-0.0334,-0.0701,-0.0346,-0.0374,-0.0382,0.0149,0.0214,0.0205,-0.0529,-0.1398,-0.0287,0.1282,-0.1253,-0.0043,-0.0424,0.0428,0.0582
"063,001",-15.5952,50.5891,-0.0217,0.0327,0.0373,0.0027,-0.1092,-0.2285,0.1790,0.0046,-0.1573,0.0016,0.0621,0.1573,-0.1971,0.2339,-0.1527,0.4288,-0.1804,-0.3930,0.7691,-0.1956,-0.1630,-0.1672,0.1596,-0.0014,0.0015,0.0523,-0.0374,0.0016,-0.0327,0.0899
"063,002",-18.7745,-6.9245,0.0087,-0.0989,-0.0139,-0.1612,0.1008,0.0259,0.1129,0.2069,0.0353,-0.0222,0.1054,0.0412,-0.1612,-0.0167,0.0488,-0.1905,-0.0491,0.1535,0.0433,-0.1797,-0.0843,0.1529,0.0048,0.0649,0.0168,-0.0272,0.1561,0.2199,-0.0172,-0.1072
"063,007a",-29.0358,0.7852,-0.1056,0.0550,-0.0437,0.0823,0.0789,0.0613,-0.0104,0.0269,0.0802,0.0007,-0.0639,0.1052,-0.2220,-0.1617,0.4917,0.4851,-0.1211,0.2988,-0.1031,0.3108,-0.3638,0.0641,-0.0375,-0.2515,0.0158,0.1577,0.3506,0.0825,-0.0976,0.2918
"067,001",1.4173,-11.0838,-0.0516,-0.0470,0.0170,0.0053,-0.0442,-0.0731,0.0024,0.0889,-0.1181,-0.1116,0.0926,0.0308,0.0034,0.0257,-0.0521,-0.0380,-0.1364,0.0043,-0.1094,0.0463,0.3036,0.0300,-0.0626,-0.0754,-0.3564,-0.0834,0.0124,-0.0033,0.0564,-0.1043
"071,001a",33.1804,-0.3151,0.2960,0.0796,0.0694,0.0272,-0.1927,0.1539,0.1446,0.0282,0.0227,-0.0800,0.0389,0.1258,-0.0886,0.3467,0.2102,0.0727,0.2190,-0.3821,-0.3573,-0.1515,0.0278,0.2471,0.2960,-0.1209,0.4131,0.3083,0.0121,-0.2953,0.2434,-0.1097
"075,002",11.3621,-4.8222,0.0145,-0.0257,-0.0077,-0.0667,0.0507,-0.0139,0.0162,0.1727,0.0594,-0.0703,0.0252,-0.0714,-0.1333,0.0838,-0.0670,-0.0634,-0.0924,0.1569,0.0515,-0.1266,0.0219,-0.0249,0.0467,0.0054,-0.0201,0.0384,0.1623,0.0947,0.1278,-0.0874
"075,005",-10.7309,10.1561,-0.1387,-0.0316,0.0114,-0.0047,0.1133,-0.0456,0.1003,0.0715,-0.0303,0.0103,0.0632,0.0791,-0.0766,-0.0562,-0.1071,0.0508,0.0482,-0.0453,0.1167,0.1200,0.0839,-0.0051,-0.0176,-0.1290,0.1692,0.2026,0.0447,-0.0215,-0.0945,-0.0340
"079,001",-28.9278,-6.2265,-0.0489,-0.0597,0.0134,-0.1617,0.1642,0.0127,0.1442,0.3105,0.0527,0.0461,0.1175,0.0354,-0.2437,-0.0798,0.0182,-0.3268,0.1139,0.0590,0.1775,-0.3561,-0.1167,0.5629,0.1739,0.2433,-0.0956,-0.1187,0.2019,0.5183,0.0511,-0.0066
"080,006",-17.7707,-1.1206,-0.0646,-0.0377,-0.0957,-0.0138,-0.0642,0.1561,0.0707,0.1623,-0.2378,-0.1133,0.3112,0.1734,0.0812,-0.1021,-0.1480,0.0368,0.1724,0.2701,-0.4974,0.0105,-0.1651,-0.3534,-0.1384,-0.2582,0.2894,0.0329,-0.3277,0.4035,-0.6769,-0.6495
"080,027",-18.5906,50.4800,0.2114,-0.1333,0.0014,-0.1768,-0.0201,-0.1687,0.4075,0.2769,-0.4669,-0.2478,-0.0644,0.4369,-0.2761,0.4389,-0.5988,0.7596,-0.7610,-0.8226,1.3896,-0.2978,-0.5768,-0.4147,0.3693,-0.0964,0.1670,-0.1569,-0.2246,-0.2849,-0.1244,0.2204
"080,042",-3.3578,-9.1430,0.0021,-0.0435,-0.0125,-0.1502,-0.0594,-0.1238,0.1575,0.0455,0.0276,-0.0648,0.1100,0.1062,0.0382,0.0251,0.0327,-0.0856,-0.0206,-0.0066,0.0075,0.2992,0.0049,0.0298,0.0132,-0.0444,0.0229,0.1097,-0.2098,-0.1176,0.2479,-0.2120
"081,001",-12.5334,0.9702,-0.0703,0.0302,0.0146,0.0396,-0.0064,0.0801,0.0359,0.1819,0.0046,-0.0134,0.1273,0.1024,-0.0542,-0.0623,-0.0041,0.0011,0.0871,-0.0356,-0.2268,0.0395,0.0036,-0.0647,-0.1420,-0.1131,0.0856,0.0693,-0.1655,0.0272,-0.1752,-0.3282
"081,001a",-1.0525,48.1174,-0.1123,0.0636,0.1008,0.0435,-0.0019,-0.6867,0.2567,-0.2742,0.1363,-0.0455,0.0410,0.1414,0.0397,-0.0243,-0.0272,-0.0210,-0.0302,0.0573,-0.1158,0.0582,0.0561,-0.0273,0.0166,0.0428,-0.0367,-0.1194,0.0090,-0.0598,-0.0700,0.0149
"082,010",4.3405,-17.4890,0.1401,-0.1457,-0.0000,-0.2240,-0.0207,-0.0275,0.1829,0.2200,0.0017,-0.2494,0.1039,-0.1299,0.0603,0.0156,0.0504,-0.1771,-0.2075,0.0086,-0.0232,0.0984,0.0893,0.1203,-0.0741,0.1500,-0.3033,-0.1403,0.0446,-0.1172,0.0603,0.0966
"082,011",-12.1690,38.3218,0.1063,-0.0646,-0.0298,-0.1529,-0.0179,-0.0120,0.0868,0.1252,-0.0749,-0.1171,0.0811,-0.0180,-0.0685,0.1392,-0.1955,0.1649,-0.2265,-0.1024,0.3731,-0.1014,-0.1437,-0.1742,0.1208,0.0083,-0.0570,-0.0106,0.0330,-0.0066,-0.0055,0.0501
"082,012",4.2666,-12.9596,0.0920,-0.0908,-0.0319,-0.1871,0.0466,0.0247,0.1815,0.1805,0.0494,-0.1442,0.0872,0.0013,-0.0679,0.0491,0.1018,0.0043,-0.1414,0.0171,-0.0082,0.0166,-0.0304,0.1057,-0.0575,0.1069,-0.1052,-0.1282,0.1079,0.0938,0.1050,0.0019
"082,015",-7.5496,-15.6192,0.1709,-0.6069,0.1269,0.0846,-0.1610,-0.0404,0.1374,-0.0139,0.0710,-0.1696,-0.0104,-0.0916,0.1322,-0.0510,0.0207,-0.0526,0.0207,-0.0325,-0.0399,-0.0003,0.1010,-0.0314,-0.0161,0.0605,-0.1470,-0.0171,0.1196,-0.0969,0.1174,0.0294
"082,016",-2.2635,-24.0530,0.0808,-0.1295,-0.0379,-0.2666,0.0252,0.0371,0.1405,0.2035,-0.0815,-0.1282,0.1729,0.0670,-0.0028,0.0127,0.0414,-0.1979,-0.1223,0.2150,0.1212,-0.0525,-0.0680,0.4597,0.2071,0.0738,-0.1928,-0.2661,0.2166,-0.0408,-0.0032,0.0113
"082,019",-12.9170,4.9761,-0.1076,-0.0067,0.0232,-0.0472,0.1807,0.0023,0.0975,0.1036,0.0734,-0.0306,0.0230,-0.0260,-0.0657,-0.0385,-0.1280,-0.1314,-0.0154,-0.0277,-0.0364,0.0282,0.0764,0.2485,-0.0679,0.1709,0.0400,-0.3460,0.0203,-0.0760,-0.0444,0.1451
"082,050",3.5682,-0.0844,-0.0606,-0.1331,0.0418,-0.0009,0.0619,-0.0105,0.0925,0.1207,0.0952,-0.0855,0.0419,-0.0186,-0.1025,0.0020,-0.1373,-0.0641,-0.2364,-0.1309,-0.1007,0.0479,0.3079,-0.0178,-0.3331,0.0780,-0.2446,-0.0325,-0.0329,0.1672,-0.0890,0.0855
"082,084",8.5012,10.5947,0.0326,-0.0009,-0.1480,-0.0585,-0.1104,0.2015,0.1064,-0.0689,0.1030,-0.0626,-0.0468,-0.0769,0.0916,-0.1197,-0.2245,0.3631,-0.1385,0.0186,0.0217,0.2219,-0.0200,0.0267,-0.1322,0.0366,0.0852,-0.0367,-0.1936,0.0340,0.0744,0.0577
"083,002",-8.8853,-9.5291,-0.0325,-0.1483,-0.0160,-0.0720,0.0290,0.0763,0.1443,0.2046,-0.0274,-0.1083,0.0906,0.1212,-0.0667,-0.0541,0.0581,-0.1201,-0.0844,0.0604,0.0514,0.1297,0.1306,-0.0323,0.0356,-0.1403,-0.0947,0.1732,0.1077,-0.0551,-0.0834,-0.0544
"084,001a",3.2111,32.0074,-0.1182,0.0738,0.0485,0.0571,0.1152,0.0137,0.0599,-0.1394,-0.0334,-0.0190,-0.0131,-0.1300,-0.1323,0.3273,0.1221,-0.2352,0.0806,-0.1546,0.0904,0.0234,0.0513,0.0389,-0.1987,-0.0255,-0.2773,0.1128,0.1339,0.2941,-0.0308,0.0418
"085,001",-3.5497,-4.8415,-0.0065,-0.0330,-0.0640,-0.0477,-0.0437,0.1134,0.1070,0.1266,-0.0619,-0.0897,0.1259,0.0914,-0.0066,0.0587,-0.0151,-0.0261,0.0289,0.0639,0.0144,0.1225,-0.0164,0.1021,-0.0591,-0.0490,0.0288,-0.0544,-0.0804,-0.0779,0.0140,-0.0086
"087,001",-32.0272,43.6373,-0.3359,0.1125,0.0800,0.2676,-0.0565,-0.0895,-0.4330,0.0025,-1.0524,-0.0226,0.5233,-0.2445,0.3866,-0.0357,0.2093,0.0126,0.0542,0.0723,0.0583,-0.1474,-0.0978,0.1865,-0.0302,0.1330,0.1257,0.0572,-0.0691,-0.0222,0.1287,0.3792
"087,002",-4.7445,-9.4800,0.0407,-0.1428,-0.0935,-0.1889,-0.0294,0.1315,0.0892,0.1089,-0.0390,-0.1675,0.1527,0.1042,0.0619,-0.0464,-0.3050,0.0531,0.2050,0.1976,-0.1281,0.0035,0.1665,-0.2969,-0.2432,-0.1245,-0.3627,0.0683,-0.0914,0.0731,-0.3094,0.0656
"088,002",-16.2289,-21.4304,-0.0380,-0.0152,0.0134,-0.0233,-0.0104,0.0445,0.1621,0.2276,0.0301,-0.0039,0.0581,0.1942,-0.3769,-0.0623,0.8410,0.5169,0.5250,-0.2016,0.3852,-0.2163,0.3967,-0.0840,0.0011,0.2177,-0.0806,-0.2313,-0.4194,-0.0899,-0.0607,-0.2115
"095,001",-0.0774,10.2691,-0.0831,0.0144,-0.0437,-0.0013,-0.1372,0.0459,0.0154,-0.0349,0.0102,-0.0275,0.0054,0.0536,-0.0133,0.0612,-0.0374,-0.1218,0.1206,-0.0407,0.0711,0.1586,-0.0480,0.0135,-0.0514,-0.0737,0.0440,0.0484,-0.1145,-0.0989,0.0311,-0.0989
"095,003",3.4503,29.5293,-0.0909,0.0296,0.0277,-0.0244,-0.0299,-0.1195,-0.0700,-0.0592,0.0034,0.0596,0.0623,-0.0641,-0.0560,0.1018,-0.0085,-0.0507,-0.0034,0.0087,0.0360,0.1612,-0.0096,-0.0530,-0.1059,-0.1692,-0.1341,-0.0883,0.0995,-0.0478,0.1823,-0.3617
"096,001",-8.3664,5.3851,-0.0953,-0.0215,-0.0531,-0.0632,0.1980,0.2403,0.1689,-0.2321,0.0189,-0.1827,-0.0688,-0.0168,0.1192,-0.0190,-0.1526,0.1163,0.0542,-0.0691,-0.0594,0.0722,0.1190,0.0133,-0.0219,0.0551,0.0360,0.0262,-0.1099,0.0327,0.0608,-0.0814
"096,002",-42.3980,-7.6473,-0.1543,0.1320,0.1466,0.1378,0.5027,0.2358,0.1456,-0.5594,-0.0412,-0.0235,-0.1720,-0.0906,0.0707,0.0558,0.0023,0.1001,0.0116,0.0777,0.1435,0.1335,0.1311,0.1600,0.0183,-0.0432,-0.0189,0.2412,-0.1554,-0.0046,-0.0230,0.0383
"096,003",18.9353,22.6898,-0.0451,0.1454,0.1209,0.1075,0.1037,-0.1280,-0.0824,0.0742,0.1282,0.1938,-0.0978,-0.2223,-0.0477,-0.0415,-0.0043,0.0335,-0.0728,-0.3016,-0.2252,-0.0557,-0.0009,-0.1115,-0.0013,0.1174,-0.0099,0.1013,0.1725,0.2260,-0.0315,0.3333
"096,003a",12.5084,-21.4413,-0.0252,0.0088,0.0253,-0.0757,0.0637,0.0733,-0.0790,0.0583,-0.0369,-0.2762,0.0185,0.0675,-0.0213,0.1147,0.0997,-0.3964,0.2862,0.0044,0.1401,0.9842,-0.1336,-0.4498,0.3635,0.0865,-0.1338,-0.2157,-0.1903,0.0715,0.7168,-0.1825
"096,005",3.4258,11.7562,-0.0026,-0.0500,0.0004,-0.0329,-0.1180,0.0115,-0.0226,-0.0654,-0.0273,0.0879,0.0388,0.0004,-0.0552,0.1267,-0.1070,0.0122,0.0911,-0.0027,0.1282,-0.0543,0.0111,-0.0357,-0.0260,-0.0975,-0.0923,-0.0055,-0.0528,0.0374,-0.0990,-0.0437
"096,006",2.8115,-10.3129,0.1505,-0.0069,-0.0786,-0.0569,-0.0738,0.0416,0.1149,0.0974,0.0510,-0.1742,0.0674,0.0350,-0.0635,0.0856,0.0360,-0.0318,0.1296,0.0499,-0.0826,0.1598,0.0057,-0.0883,0.0640,0.0530,-0.0288,-0.0358,0.0480,-0.0586,0.1557,-0.0741
"096,007a",-15.6652,13.1871,-0.1160,0.0129,0.0954,0.0033,0.2500,-0.0255,-0.0133,-0.0001,0.1341,0.1044,-0.0288,-0.1245,-0.1905,0.0005,-0.0256,-0.0813,0.0467,0.0499,0.0085,-0.1524,0.0864,-0.1473,-0.0883,-0.0539,0.1977,0.0558,0.1652,0.0802,-0.0072,0.0840
"096,008",-1.7996,27.2631,-0.1851,0.0989,-0.1011,0.1586,-0.2826,0.1864,-0.0330,-0.0571,-0.0294,0.0589,-0.0155,0.1177,0.0667,0.0505,0.1133,-0.2537,-0.1299,-0.0474,0.1459,0.0668,0.1230,-0.0279,-0.0006,-0.0627,-0.0137,0.0785,-0.0471,0.0128,-0.0795,-0.0769
"096,009",7.6067,19.6584,-0.0835,0.0248,0.0333,-0.0328,0.0972,0.0441,-0.1149,0.0344,0.0170,-0.0312,-0.0920,-0.1254,-0.0183,0.0323,-0.0596,-0.0335,0.1787,0.1089,0.1731,0.4852,0.0786,0.0025,0.2340,-0.0169,0.0499,0.2440,-0.1435,-0.1770,0.3331,-0.2317
"096,010",37.7130,-2.8266,0.0677,0.0326,0.1145,-0.0742,0.0858,-0.0029,-0.3239,-0.0274,0.1244,-0.2718,-0.1303,0.1748,-0.0073,0.2259,0.0530,0.0902,0.0921,-0.5750,-0.3478,-0.1647,0.1780,0.0120,-0.0319,0.3041,0.3016,0.5464,0.3225,-0.2991,0.0997,-0.1230
"096,010a",25.4848,18.2797,0.1272,0.0224,0.0003,-0.0057,-0.0520,0.1355,0.1390,0.0798,0.0442,-0.1401,-0.0715,-0.2114,0.0929,0.0588,-0.1876,0.2122,-0.2540,-0.1667,-0.2045,0.1307,0.2407,0.1751,-0.3579,0.2382,-0.2629,-0.1529,-0.1246,0.3680,0.1438,0.0914
"096,011",13.4308,27.3559,-0.2412,0.0885,0.0590,0.0620,0.2130,0.0087,-0.1379,-0.2412,0.0232,0.1221,-0.1691,-0.3023,0.0431,-0.1117,-0.1814,0.2472,0.0822,0.3755,0.2729,0.4531,0.3165,0.3320,0.2506,-0.1117,0.1365,0.5249,-0.2682,-0.2124,0.0648,-0.1079
"103,001",-6.2224,28.9258,0.0412,0.0036,-0.0430,-0.0298,-0.0494,0.1399,0.0989,0.1085,-0.0664,-0.1483,0.0908,0.1287,0.0063,0.0201,-0.2192,0.0762,0.0983,-0.2480,0.1046,0.2113,-0.1462,-0.2674,0.1146,0.1178,0.0307,0.0496,0.0635,0.0270,0.2013,0.1757
"104,001",-44.4756,-19.9916,-0.5479,-0.0517,0.0598,-0.0217,1.3218,0.5375,0.5328,-1.2136,-0.1715,-0.3632,-0.2010,0.0902,0.2550,0.3756,0.1975,-0.0994,-0.0312,-0.0888,-0.0914,-0.3291,-0.0258,-0.0154,0.1020,0.0937,-0.2612,-0.0346,-0.0043,-0.0453,-0.0159,-0.1090
"104,002",-33.1761,41.2153,-0.2516,0.0642,0.0711,0.2047,-0.0349,-0.0284,-0.3973,0.0790,-0.9954,-0.0994,0.5552,-0.1008,0.3795,-0.1229,0.1208,0.0751,-0.0808,0.1446,-0.0984,-0.1969,-0.0360,0.0617,-0.0150,0.1687,0.1327,-0.0379,-0.0732,-0.0181,-0.0247,0.1220
"109,001",2.7743,24.1250,-0.2337,0.1083,0.0833,0.0888,0.1341,-0.1057,-0.2010,0.1064,0.0624,0.2412,-0.0808,-0.2529,0.0595,0.1139,-0.0261,-0.0167,0.0643,0.2003,0.1490,0.0389,0.0541,-0.0263,0.0079,-0.0660,-0.0119,0.1558,-0.0820,-0.0912,0.1591,-0.2190
"109,002",0.8824,54.4949,-0.2755,0.1904,0.1135,0.2067,-0.0943,-1.0716,0.1918,-0.4009,0.0924,0.0879,0.0802,0.1494,0.1210,-0.0882,-0.1090,0.1850,-0.0458,0.1304,-0.1019,0.0928,0.0684,0.0123,0.1278,0.0335,-0.1096,0.0328,0.0143,0.0423,0.1989,-0.2254
"109,003",0.8426,56.3022,-0.2239,0.1764,0.1120,0.1840,-0.1712,-1.1290,0.2412,-0.4543,0.0501,0.0054,0.0862,0.1769,0.1696,-0.0612,-0.1049,0.2278,-0.0479,0.2388,-0.0769,0.1693,0.1634,0.0772,0.1737,0.0476,-0.0549,0.1186,-0.0451,0.0190,0.1494,-0.1862
"111,001",-2.8884,7.9889,-0.0434,0.0133,-0.0129,0.0061,0.0514,-0.0895,0.1538,-0.0735,0.0528,-0.1404,-0.0250,-0.0502,0.0138,-0.0007,-0.0729,0.0232,0.0843,0.0412,0.0124,0.1686,0.2335,0.0064,-0.0127,-0.0330,-0.0147,0.0509,0.0451,-0.0561,-0.0333,0.0330
"111,002",-0.8117,-13.4443,0.1461,-0.0993,-0.0234,-0.2756,-0.0863,0.0726,0.1165,0.0558,0.0273,-0.0432,0.0566,-0.0485,0.0799,-0.0142,0.1437,-0.0460,0.0451,-0.0432,-0.0609,0.1786,-0.0702,0.2980,0.0918,0.0098,-0.0116,0.0660,0.0989,-0.2192,0.0771,-0.2183
"114,001",-40.4266,-7.5729,-0.2775,-0.0314,0.0046,-0.0135,0.5137,0.2279,0.2445,-0.3599,-0.0265,-0.1636,-0.0658,0.0324,0.0263,0.0669,-0.0419,-0.0212,0.0615,-0.0946,0.0330,-0.0765,0.1131,0.0102,-0.1109,-0.1013,0.0392,0.0232,0.0409,-0.0152,-0.0456,0.0321
"119,001a",-0.7706,-7.2045,-0.0565,-0.0746,0.0282,-0.1269,0.1271,-0.1198,0.0550,0.1942,0.0309,-0.1241,0.1028,0.0426,-0.0368,-0.0015,-0.0265,-0.1897,-0.0570,0.1243,-0.0055,0.0431,0.0913,-0.0584,-0.1010,-0.0520,-0.1154,-0.0521,-0.0008,-0.1630,-0.0517,-0.0271
"119,003",-7.2795,-2.1018,-0.0183,-0.1074,-0.0750,-0.0900,-0.0238,0.1031,0.1198,0.1522,-0.0357,-0.1132,0.0897,0.1396,0.0081,-0.0906,-0.0918,0.0085,0.0072,0.0410,0.0873,0.0813,0.0980,0.0049,0.0405,-0.0132,0.0996,0.0227,-0.0606,-0.0362,-0.0193,-0.0109
"119,004",-6.8873,-7.4621,-0.1021,-0.0244,-0.0515,-0.0273,-0.0557,0.1047,0.0532,0.1411,0.0109,-0.1012,0.0790,0.1508,-0.0732,-0.1009,0.0700,-0.1462,-0.1267,-0.0569,-0.0333,0.1350,0.1501,0.0317,-0.0476,-0.0386,-0.0086,-0.0064,0.0359,0.0484,0.1378,-0.2056
"119,005",-19.2908,-8.6875,0.0104,-0.1175,-0.0412,-0.2981,-0.0160,0.0715,0.1204,0.0983,-0.1222,0.1119,0.1087,0.2672,-0.2166,-0.1464,0.1700,0.0265,0.0461,-0.0219,0.1718,-0.0539,-0.0331,0.2103,0.0730,0.0656,0.0113,0.0804,0.1284,0.5239,0.0693,-0.2069
"1i9,006",-30.8178,14.6441,-0.0587,-0.0581,-0.1796,0.0453,-0.0634,0.0554,0.1622,-0.0674,0.0532,-0.1111,-0.0057,0.1907,0.0337,-0.2231,-0.2789,-0.1033,0.2675,0.0558,-0.0261,-0.1397,0.1465,-0.2304,-0.3471,-0.2313,0.5558,-0.3785,0.0576,-0.3848,0.2402,0.2841
"119,007",-7.8200,1.7296,-0.1047,-0.0905,-0.0629,-0.0231,0.0188,0.1404,0.0750,0.1005,-0.0322,-0.0523,0.0614,0.0926,0.0543,-0.1423,-0.0801,0.0313,0.0520,0.1478,0.0434,0.1136,0.1305,0.0919,0.0522,-0.0486,0.0377,0.0210,-0.0746,-0.0300,-0.0227,-0.0393
"119,008",-18.2427,20.7486,-0.2780,0.0461,0.0193,0.0697,0.1568,0.0069,-0.0677,0.1208,0.1302,0.2095,-0.0279,-0.1221,-0.1174,-0.2337,-0.1322,-0.0461,0.0640,0.0731,0.0264,0.0053,-0.0024,0.0433,0.0336,0.0659,0.0283,0.0083,-0.0643,0.0209,0.1113,-0.0910
"119,009",-11.2247,-11.0787,-0.1221,-0.0963,-0.0063,-0.0580,0.0124,-0.0250,0.0360,0.2943,-0.3641,-0.0718,0.3241,0.2161,0.0982,-0.0772,0.0222,-0.0440,0.0247,-0.0405,-0.1687,-0.0201,-0.0751,0.2269,-0.1166,-0.0222,-0.0503,0.1943,-0.0611,-0.0172,0.1222,-0.2344
"120,001",-0.7061,52.9302,-0.2027,0.1376,0.0281,0.1322,-0.2107,-0.8439,0.2423,-0.3436,0.1295,-0.0282,0.0503,0.2105,0.1207,-0.1527,-0.1590,0.0943,0.0973,0.1402,-0.0525,0.0129,0.1114,-0.0273,0.0971,0.0343,-0.0838,0.0093,0.0300,0.1212,0.0149,-0.0261
"121,001",0.2030,20.8494,-0.1098,0.0073,0.0917,0.0885,0.0969,-0.0349,-0.0915,-0.0589,-0.0321,0.0993,-0.0058,-0.2348,-0.0475,0.0428,-0.0487,0.1632,-0.0898,-0.0006,-0.0073,0.1120,0.0808,-0.0953,-0.1198,-0.1048,0.1001,0.0097,0.0079,-0.0969,0.0157,0.2269
"121,002",-23.7832,15.3234,-0.1903,-0.0435,0.0806,0.0381,0.1786,-0.1178,0.0346,-0.0468,0.0044,0.0309,0.0332,-0.0182,-0.0592,-0.0792,0.0088,0.0073,-0.0129,-0.0682,0.0723,0.0836,0.1913,-0.1141,-0.2419,-0.1317,0.2236,-0.1305,0.0352,-0.0623,-0.0402,0.1774
"123,001",6.1472,23.7907,-0.1618,0.1264,0.0330,0.1141,-0.0628,-0.1501,-0.1129,-0.1352,-0.1603,0.0355,-0.0780,-0.4067,0.1497,0.0148,0.0325,-0.0442,0.1339,0.1001,0.2895,0.1551,0.0392,0.1185,-0.1001,-0.1812,0.1222,0.2885,-0.1853,-0.0003,-0.0210,0.0189
"126,001",-14.0545,-1.8899,-0.0601,-0.0599,-0.0126,-0.0654,0.0407,0.0393,0.1002,0.2824,-0.0532,-0.0109,0.1413,0.1784,-0.0426,-0.0642,0.1479,0.0142,0.1836,-0.1778,-0.1036,0.0800,-0.0474,-0.0397,0.0277,-0.0578,-0.0242,0.0405,-0.0341,-0.1041,-0.1463,-0.2012
"129,004",-0.2100,-31.8160,0.1452,0.0408,-0.0006,-0.1394,-0.2194,0.0288,-0.1323,-0.0975,0.0696,-0.2404,-0.1812,-0.2007,0.0642,0.1100,-0.0156,-0.3136,0.1300,0.2092,0.2011,0.2651,0.1812,0.6473,0.4479,0.1453,-0.2553,-0.2290,-0.0424,-0.5436,-0.5084,0.2023
"133,001",-5.0373,5.3434,-0.0886,0.0666,0.0008,0.0704,0.0037,0.0811,0.0185,0.1659,0.0401,0.0904,-0.0143,0.1285,0.1192,0.0532,0.0420,0.1054,0.0219,-0.1502,-0.2614,-0.0031,-0.1404,-0.0742,0.0313,0.0228,0.1021,0.0705,0.1125,-0.1252,-0.0734,-0.0697
"133,002",22.4451,13.0438,0.1196,0.0874,0.0550,0.0287,-0.0467,0.0270,0.0771,0.1029,0.0998,-0.0800,-0.0328,-0.0275,-0.0534,0.2470,0.0195,0.1793,-0.0959,-0.3373,-0.3566,0.0801,-0.0294,0.2636,-0.1031,0.1878,-0.0252,-0.0504,-0.2081,0.2388,0.1349,-0.0163
"133,005",-14.3423,36.8547,-0.1718,0.1509,0.0523,0.1655,0.0580,0.0080,-0.0920,0.1585,0.1787,0.2394,-0.0432,-0.0038,0.0055,-0.2516,-0.0754,0.2215,0.0861,-0.2703,-0.4180,-0.0005,-0.5163,-0.1171,0.1597,0.1123,-0.1813,-0.1771,0.0865,-0.3752,-0.1440,0.0571
"133,006",2.5000,8.2467,-0.0676,0.0550,0.0293,0.0342,0.0379,-0.0075,-0.0150,0.0400,0.0985,0.0187,-0.0251,-0.1085,-0.0636,-0.0385,-0.0379,0.0176,0.0514,0.0570,-0.0678,-0.0934,0.0727,-0.1395,0.0593,-0.1205,0.0097,-0.0312,-0.0679,0.0517,-0.0317,0.0167
"133,008",-15.2564,28.2525,-0.2049,0.0709,0.0171,0.0717,0.0917,0.0040,-0.0783,0.1456,0.1450,0.1379,-0.0514,-0.0623,-0.0419,-0.1696,-0.1048,0.0891,-0.0034,-0.0970,-0.1809,0.0230,-0.0738,-0.0362,0.0255,0.0317,-0.2088,0.0111,0.0818,-0.0367,0.0251,-0.0898
"133,009",-34.7460,37.2096,-0.1882,-0.0183,-0.0051,0.1121,-0.0242,0.0440,-0.1405,0.2777,-0.9543,-0.1636,0.6654,0.1459,0.4293,-0.1971,0.0922,-0.0149,0.1086,0.1784,-0.2677,0.0258,-0.2583,-0.2099,0.1011,0.2539,0.4168,-0.0821,-0.1649,0.0962,-0.1210,0.1570
"133,010",-14.7583,30.3045,-0.1486,0.1252,0.0791,0.1021,0.0570,-0.0596,-0.1652,0.1259,0.1549,0.1699,-0.0919,-0.0438,-0.0149,0.0019,0.0155,0.0439,0.0095,-0.3036,-0.2601,-0.1035,-0.0819,-0.0642,0.0658,0.1038,-0.0959,0.1627,0.3096,-0.0981,0.1477,-0.0708
"133,012",-3.8581,11.0343,-0.0688,0.0163,-0.0690,0.0270,-0.0519,0.1255,0.0492,0.0144,0.0807,-0.0403,-0.0507,-0.0067,-0.0048,-0.0411,-0.1181,0.0085,0.1407,0.0187,-0.0247,0.1007,-0.0625,-0.0013,0.0194,-0.0360,0.1833,0.0895,-0.1779,-0.0301,-0.0025,-0.0284
"133,014",14.3654,12.0263,0.0849,0.0634,-0.0302,-0.0546,-0.1092,0.0920,-0.0576,-0.1104,0.0658,0.0627,-0.0556,-0.2103,0.0448,0.0666,-0.1032,0.1841,0.0032,0.0301,-0.1243,0.0773,0.0176,0.0249,0.0255,0.0944,0.0097,0.0116,-0.0708,-0.0560,0.0022,0.0847
"134,002",27.8806,18.3385,0.1110,0.0555,-0.0885,0.0099,-0.1089,0.1691,0.1445,-0.0004,0.0900,-0.1658,-0.1398,-0.3390,0.1275,0.0109,-0.2504,0.3164,-0.2830,-0.2603,-0.2367,0.1508,0.2384,0.1382,-0.4103,0.3670,-0.1560,-0.1825,-0.2363,0.5694,0.0388,0.1226
"137,001",-43.0289,-15.5420,-0.3890,-0.0971,0.0426,-0.1024,1.0180,0.3787,0.4329,-0.7837,-0.1017,-0.3270,-0.1045,0.1402,0.1615,0.2420,0.1452,-0.1716,-0.0215,-0.0600,-0.0373,-0.2811,0.0283,0.0609,0.0628,0.0767,-0.2125,-0.1358,0.0073,-0.0790,0.0924,-0.1458
"139,001",-21.6415,3.7130,-0.1091,-0.0417,0.0482,0.0290,0.1128,0.0511,-0.1509,0.0662,0.1836,-0.0678,-0.0816,0.0315,-0.2140,-0.1466,0.2948,0.2043,-0.0941,0.2147,0.0309,0.2012,-0.1350,-0.1333,-0.0755,-0.0214,0.1044,-0.0513,0.0312,0.1390,-0.0040,0.1096
"140,001c",-25.6668,-21.2766,-0.0012,0.0045,-0.2155,-0.0036,-0.2608,0.1966,0.0825,-0.0647,0.0596,-0.1471,-0.0249,0.0767,0.0613,-0.2581,-0.2055,-0.0675,0.3959,0.1238,0.0274,-0.2406,0.1627,-0.2065,0.0449,-0.0402,0.1753,-0.1033,0.2119,-0.0492,0.0933,0.1940
"142,002",-23.2530,-28.5795,-0.0372,0.0184,-0.2812,0.1006,-0.4337,0.2896,0.0539,-0.2163,-0.1474,-0.2263,0.1042,0.1428,0.1422,-0.1043,-0.5633,0.1443,0.4908,0.2833,-0.1453,-0.1490,0.2364,-0.2123,-0.0902,-0.1031,-0.2462,-0.1431,0.0179,0.3415,-0.3493,0.0073
"142,003",-29.3818,13.5331,-0.2525,0.0482,0.0149,0.0434,0.1784,-0.0206,-0.0153,0.1711,0.0690,0.1581,0.0167,-0.0500,-0.1025,-0.2893,-0.1238,-0.0367,0.2567,-0.0252,-0.0074,-0.0985,-0.1091,0.1273,0.1355,0.2023,0.0062,0.0824,0.0923,0.2324,0.0498,0.1658
"143,001",-7.0233,6.7667,-0.0880,-0.0224,-0.0206,-0.0543,0.1204,0.0312,0.0462,0.1086,0.0887,-0.0393,0.0103,0.0491,-0.1209,-0.1265,0.0533,0.1154,0.0641,-0.0148,0.1051,0.0812,0.1404,0.0421,0.0271,-0.0883,-0.0508,-0.0372,-0.0147,-0.0100,0.0819,0.0800
"144,001",16.1416,7.1778,0.1621,-0.0143,-0.0615,-0.0723,-0.0796,0.1190,0.1845,0.0466,0.0755,-0.2315,-0.0891,-0.2356,0.1869,-0.0660,-0.0788,0.1649,-0.1350,-0.1431,-0.1126,0.0638,0.0424,0.1078,-0.1933,0.1492,-0.0485,-0.0943,-0.1111,0.1638,0.1303,-0.0099
"145,001",9.2792,-17.4588,0.1780,-0.0619,-0.0779,-0.2572,-0.1273,0.0294,0.1693,0.1077,0.0914,-0.2487,-0.0279,-0.2791,0.2054,-0.1694,0.1277,-0.0877,-0.1823,0.0116,-0.0038,0.0581,-0.1232,0.1380,-0.0438,0.0834,-0.1212,-0.1090,-0.1074,-0.1080,0.0090,-0.0644
"149,001",13.6034,-23.3624,-0.0119,0.0070,0.0113,0.0042,-0.0223,0.1130,0.0562,0.1175,-0.6164,-0.2671,0.2832,0.1064,0.1658,0.1085,0.1233,-0.5439,0.3972,-0.0602,0.0543,0.9943,-0.4254,-0.8538,0.5881,0.4910,0.2091,-0.1662,-0.1486,0.2928,0.5935,0.4045
"150,001",2.5463,11.8732,0.0598,0.0173,-0.1735,-0.0391,-0.2321,0.1680,0.1235,-0.0101,0.1225,-0.0321,-0.0879,-0.0134,0.1463,-0.1401,0.1218,0.0388,-0.0562,0.1783,-0.0347,0.1008,-0.4095,0.0207,-0.1004,-0.1588,0.0032,0.1510,-0.3251,-0.3714,0.1159,0.0192
"150a,001",-33.9608,9.1151,-0.2214,0.0296,-0.0197,-0.0016,0.1724,0.0433,0.0713,0.1179,0.0950,0.0901,0.0111,-0.0174,-0.1497,-0.3151,-0.1991,-0.1557,0.3744,0.1560,0.1855,-0.1261,0.1540,0.4383,0.0987,0.2904,0.2120,0.0467,-0.0824,0.3935,0.0977,0.3385
"156,001",-36.4696,15.9192,-0.1920,-0.3233,0.1585,0.0544,0.2388,-0.2153,0.1578,-0.0383,0.0583,-0.0422,0.1215,0.1644,0.0011,-0.2454,-0.1732,-0.4315,-0.0598,-0.1283,-0.0780,0.2016,0.4082,-0.3995,-0.9125,-0.5635,1.0853,-1.1812,0.2176,-0.9132,0.0460,0.5387
"157,001",11.5020,25.6431,-0.2332,0.0503,0.0408,0.0429,0.2083,0.0571,-0.0784,-0.0894,0.0518,0.0831,-0.1485,-0.1825,0.0457,-0.0828,-0.2011,0.1440,0.1287,0.1430,0.1694,0.3283,0.2940,0.2092,0.1592,-0.0807,0.1260,0.3387,-0.1511,-0.1658,-0.0154,-0.0994
"158,001",-2.4043,3.2648,-0.0328,0.0281,-0.0420,-0.0153,-0.1441,0.0417,0.0765,0.0304,0.0625,-0.0408,-0.0223,0.0449,0.0163,-0.0125,0.0298,-0.1468,0.0805,-0.2139,-0.0641,-0.0037,-0.0598,0.1633,-0.0207,0.0154,-0.0110,0.1027,0.0164,-0.1486,0.0729,-0.0977
"163,001",4.1053,-23.2516,0.0368,0.0153,0.0394,-0.0764,-0.0044,-0.0024,0.0401,0.1323,0.0364,-0.0407,0.0117,-0.0831,-0.1110,0.1489,0.0718,-0.2140,0.1018,0.0150,0.0510,0.1848,0.1350,0.2532,0.1778,0.0090,-0.1695,0.0651,0.1308,-0.1299,-0.0630,0.0987
"166,001",-2.6939,24.3313,-0.1171,0.0868,0.0375,0.0598,0.0717,0.0211,-0.0937,-0.0241,0.0724,0.0695,-0.1061,-0.2259,-0.1677,0.0800,0.0491,0.0317,-0.0309,0.0747,0.0347,0.0192,0.0702,-0.0786,-0.1319,-0.0967,-0.0122,-0.0305,0.0687,0.1150,0.0662,-0.0516
"167,013",-11.5458,-4.6204,-0.0758,-0.0827,-0.0522,-0.1192,0.0455,0.0901,0.1281,0.2047,0.0103,-0.0653,0.0941,0.1170,-0.0764,-0.1422,-0.0987,-0.1263,0.1999,0.0150,0.0359,-0.0027,0.1094,0.1644,-0.0340,0.0282,0.1434,0.0424,0.1185,0.0192,0.2788,-0.0555
"167,058",18.0724,33.4077,-0.2634,0.1580,0.1164,0.1512,0.0938,-0.2575,-0.2981,-0.0749,-0.0581,0.1908,0.0142,-0.3063,-0.0162,0.0756,-0.0763,0.0611,-0.0180,0.0592,-0.0239,0.0806,-0.0229,-0.1701,-0.0821,-0.2821,-0.2166,-0.2410,0.0719,-0.1724,0.4997,-0.7111
"168,001",-22.2499,-12.1933,-0.1991,0.0154,0.0012,-0.0083,0.1766,0.0447,0.0556,0.2069,0.1570,0.0868,0.0336,0.1288,-0.4040,-0.3552,0.9379,0.7046,0.3391,0.2376,0.2793,0.0502,0.0493,-0.0700,-0.0203,0.0244,-0.1110,-0.1687,0.0507,0.1965,0.0595,0.1843
"168,001a",-5.5799,-17.1748,0.0735,-0.2044,-0.1434,-0.1346,-0.1077,0.1392,0.1444,0.1744,-0.0567,-0.1828,0.1297,0.2341,0.1548,-0.0068,-0.2141,0.1272,0.0180,0.1776,-0.1485,0.0537,0.3131,0.0073,-0.1094,-0.2056,-0.4002,0.0422,0.1450,-0.0315,0.1084,0.0414
"171,001",-12.0973,13.6843,-0.1506,0.0272,0.0378,0.0368,0.1222,0.0056,-0.0261,0.0964,-0.0641,0.0130,0.0906,-0.0787,-0.1445,-0.0687,0.1432,0.0972,0.1695,0.0459,0.2489,-0.1290,0.0892,0.0118,-0.0556,0.1190,0.1620,0.0037,-0.1412,0.0947,-0.0651,0.1143
"173,001",12.5272,17.4743,-0.0421,0.1271,-0.0718,0.1465,-0.2096,0.1976,0.0158,-0.1077,0.0809,-0.0221,-0.0665,-0.0929,-0.0073,0.0409,-0.2228,0.2300,-0.0360,-0.0143,-0.0372,0.1534,-0.0376,0.1214,-0.0364,0.1236,0.0174,0.0165,-0.1827,-0.0379,-0.0536,0.0852
"173,002",-19.5102,16.9286,-0.1553,0.0229,0.0153,0.0314,0.1803,-0.0851,-0.0120,0.1277,0.1520,0.1290,0.0053,-0.0781,-0.1496,-0.1108,-0.0549,-0.1493,0.0379,0.0411,0.0115,-0.1430,-0.0028,0.0256,-0.0431,0.1147,-0.0156,0.0661,-0.0540,0.0653,0.0496,0.1178
"173,003",0.7989,-30.4635,0.0132,-0.0145,0.0040,-0.1515,-0.0542,0.0251,0.0210,0.0006,0.0390,0.0116,-0.0619,-0.0949,0.0348,-0.0117,-0.0466,-0.1954,0.1174,0.1422,0.1814,0.2591,0.1778,0.5354,0.2805,0.0354,-0.1704,-0.1269,-0.0364,-0.3285,-0.2927,0.1231
"173,004",-34.6265,-10.7147,-0.3485,0.0791,-0.0957,0.0960,-0.0077,0.2414,-0.0671,0.8254,0.5564,0.9119,-0.6267,0.9312,2.0743,1.0204,0.3482,-0.0271,-0.0829,0.3384,0.3642,-0.0726,0.2163,-0.0848,-0.0074,0.0358,0.0534,-0.0613,-0.0573,0.1000,-0.0665,0.1435
"173,006",-15.4121,32.2807,-0.2518,0.1121,0.0053,0.1566,0.0273,0.0271,-0.0813,0.0972,0.0324,0.2151,0.0036,-0.0612,0.0521,-0.2230,-0.1242,0.1744,-0.0028,-0.2685,-0.2750,0.0491,-0.3106,-0.0289,0.0412,0.1117,-0.1235,0.0151,0.0022,-0.0756,-0.1129,-0.0006
"173,007",6.8225,27.5130,0.0083,0.1167,-0.0155,0.1050,-0.2074,0.0581,0.0355,-0.1245,0.0679,-0.0684,-0.0366,-0.0421,-0.0742,0.1801,-0.0794,-0.0210,0.1295,-0.1482,-0.0120,0.0248,0.1364,0.1040,-0.1913,0.0073,-0.1157,0.0671,0.0556,-0.0495,-0.0972,0.0989
"173,008",-21.7379,0.4916,-0.1659,-0.0052,0.0310,0.0004,0.1778,0.0169,0.0283,0.1441,0.0942,0.1662,-0.0641,-0.0457,-0.2217,-0.1548,-0.0768,-0.1444,0.1726,-0.0309,0.0972,-0.2614,0.0341,0.1662,0.0332,0.0758,0.1418,0.3277,0.3200,0.1765,0.2705,0.0940
"173,009",19.2953,-16.7246,-0.0142,0.0717,0.0343,0.0018,-0.0841,-0.0594,0.0128,0.0466,0.0086,0.0176,0.0040,-0.0505,-0.2131,0.1065,0.3586,-0.0707,0.2943,-0.1495,0.0666,0.3119,0.1169,-0.4450,0.1430,0.1170,-0.2349,0.1470,0.1118,0.2319,-0.1047,0.0632
"173,010",-28.9683,2.1162,-0.1103,0.0799,-0.1105,0.1229,-0.0386,0.2151,0.0067,-0.0642,0.1270,0.0248,-0.0531,0.0329,-0.1544,-0.2347,0.4639,0.4463,-0.4197,0.3944,-0.0897,0.2623,-0.2382,-0.0338,0.0453,-0.1539,0.0833,0.1363,0.2919,0.0109,-0.0649,0.2483
"173,012",-43.8591,-18.8168,-0.5391,-0.0645,0.0414,0.0088,1.2186,0.5424,0.4782,-1.1541,-0.3084,-0.3747,-0.1040,0.1133,0.3068,0.3193,0.2308,0.0219,-0.0781,-0.0400,-0.1428,-0.2491,-0.1174,-0.0129,0.1047,0.0403,-0.1523,-0.0047,0.0013,-0.0721,0.0141,-0.0050
"173,013",19.9434,20.5834,0.0036,0.1527,-0.2076,0.1839,-0.3893,0.2852,0.0095,-0.1746,0.1793,-0.0065,-0.1251,-0.1325,-0.0437,0.1739,-0.1426,0.1303,-0.1350,0.0585,-0.1570,0.0939,-0.2210,0.1994,-0.0535,0.2079,0.1040,-0.2601,-0.3481,-0.1675,0.1605,0.0389
"173,014",22.8195,17.6535,-0.0292,0.0269,-0.0432,-0.0149,-0.0571,0.1436,0.0467,-0.0696,0.0731,-0.0026,-0.0636,-0.1840,0.0290,-0.0174,-0.2533,0.2358,-0.2209,-0.1210,-0.1368,0.1802,0.1970,0.1786,-0.2473,0.2528,-0.1371,-0.1431,-0.1952,0.2449,0.0740,0.0631
"173,015",-23.3981,1.8184,0.0389,0.1320,0.0857,0.1168,0.0445,0.0316,-0.0282,0.0412,0.1176,0.0364,-0.0283,-0.0567,-0.1820,-0.0451,0.2956,0.1788,-0.1157,0.1134,-0.0948,0.1988,-0.1548,-0.1371,0.0032,0.0000,-0.0059,-0.0286,0.2408,0.1277,-0.1139,0.2629
"174,001",25.9354,1.4923,0.3296,0.1017,0.1709,0.0208,0.0095,-0.0044,0.0757,0.1078,0.0114,-0.0751,0.0930,0.0637,-0.0699,0.2549,0.0562,0.0758,0.0407,-0.2506,-0.3674,-0.0787,0.0684,-0.0214,0.1810,-0.0970,0.1383,0.1446,-0.1018,-0.0184,-0.0906,-0.0745
"174,003",6.9421,4.2273,0.0970,0.0062,-0.0256,-0.0326,-0.0350,0.0358,0.0092,0.0185,-0.0303,-0.0038,0.0200,-0.0247,0.0155,0.0085,0.0280,0.0481,-0.0165,0.0625,-0.0219,-0.0255,-0.0397,-0.0199,0.0433,-0.0048,0.0379,-0.0241,-0.0193,-0.0069,-0.0085,0.0069
"174,007",18.5316,-5.2524,0.1348,-0.0290,0.1041,-0.0821,0.0645,0.0238,0.1351,0.2853,-0.0441,-0.0451,0.1775,0.1830,-0.1165,0.2273,0.1274,-0.0214,0.0359,-0.5091,-0.5836,-0.3074,0.0295,0.3280,0.7916,-1.1901,0.1675,-0.1455,-0.6409,0.3734,0.2015,0.0803
"174,008",18.2817,-4.0294,0.4185,0.1540,0.2501,0.0760,0.0279,0.1068,0.1266,0.1644,0.0123,-0.0402,0.1370,0.1038,-0.0869,0.2188,0.0787,0.0171,0.0778,-0.3002,-0.4708,-0.2300,0.0799,0.1252,0.5120,-0.7239,0.0709,-0.0821,-0.4806,0.2522,-0.0291,0.0360
"174,010",-28.0494,-25.7853,0.1411,-0.0985,-0.4472,0.0534,-0.3416,0.2594,0.1165,-0.0024,0.0703,-0.3253,-0.1344,0.1843,0.3562,-0.3673,-0.4074,0.1360,0.6233,0.1678,0.0666,-0.6055,0.1940,-0.3341,0.0398,-0.0834,-0.0367,0.0036,0.6008,-0.0363,0.6853,0.1292
"174,011",-20.9581,-8.6791,0.0539,-0.0994,-0.0002,-0.1899,0.0957,0.0363,0.1781,0.1643,-0.0810,0.0235,0.0383,0.1650,-0.2540,0.0037,0.0422,-0.0234,0.0583,-0.0466,0.1976,-0.3122,-0.0849,0.2098,0.1142,0.1292,0.1020,0.1834,0.2642,0.4194,0.1936,-0.1053
"178,001",-17.8890,14.0589,-0.1570,-0.0169,0.0686,-0.0447,0.2685,-0.0174,-0.0522,0.1337,0.0001,0.0297,0.0317,-0.0876,-0.1446,-0.0401,-0.0025,-0.2038,-0.0046,0.1358,0.1299,-0.1947,-0.0712,0.0186,-0.1809,0.0248,0.2850,-0.1113,-0.0641,0.1780,-0.0959,-0.2335
"180,001",-25.0990,0.4687,-0.1127,-0.0206,0.0330,-0.0415,0.1548,-0.0123,0.0758,0.3881,-0.1749,0.3326,-0.5702,0.3239,0.3205,0.2036,0.1094,-0.1062,-0.0713,-0.0544,-0.1234,0.0180,0.1377,-0.1288,-0.1871,0.0555,0.2060,0.0559,0.0481,0.2721,-0.0997,0.1931
"182,001",-10.8898,-10.4837,0.0061,-0.3304,0.0417,-0.1090,-0.0085,0.0106,0.0941,0.1029,0.0341,-0.0232,0.1301,0.1519,-0.1072,-0.0027,0.0558,-0.1710,-0.0143,0.0204,0.0797,-0.0513,-0.0142,0.1492,-0.0349,-0.0684,0.0229,-0.0500,0.0639,0.0692,0.0076,-0.1989
"182,002",-3.9331,-6.8563,0.0396,-0.0945,-0.0380,-0.1632,0.0468,0.0159,0.1405,0.1944,0.0136,-0.1466,0.0710,0.0534,-0.0346,0.0104,0.0057,-0.1438,0.0055,0.0132,0.1172,0.1227,0.0840,0.0833,0.0487,-0.0016,0.1198,-0.0015,-0.0109,-0.0733,-0.0176,0.0066
"184,003",14.4840,-24.2261,-0.0539,0.0524,-0.0278,0.0034,-0.0853,0.1456,0.0935,-0.0576,-0.1253,-0.2619,0.0790,0.0445,0.0023,0.2647,0.1260,-0.7376,0.5271,-0.0772,0.2011,1.3292,-0.3612,-0.7848,0.6304,0.3489,0.0326,-0.2040,-0.2239,0.2318,0.6341,0.1946
"185,001",-7.5656,7.7708,-0.0492,-0.0155,-0.0386,-0.0628,0.0237,0.0434,0.0653,0.0483,0.0763,0.0680,0.0517,0.0340,0.0035,-0.0818,-0.1762,-0.0165,0.1267,0.0067,-0.0048,-0.0284,-0.0209,-0.0238,0.0507,0.0122,0.1658,0.0270,-0.0189,0.0999,-0.0831,-0.0104
"185,002a",-32.3460,-6.4007,-0.2160,0.0851,0.0282,0.0173,0.0885,0.0315,-0.1610,0.4621,0.3165,0.6383,-0.3621,0.2702,1.1133,0.6840,0.2004,-0.0400,-0.0376,0.2828,0.3063,-0.0412,0.1680,-0.1646,0.0024,-0.0298,0.1336,0.1273,0.0233,0.1314,-0.0144,-0.0354
"185,003",-3.3053,14.5069,-0.1896,-0.0042,0.0125,-0.0282,0.2026,0.0237,0.0334,0.0724,-0.0426,-0.0109,0.0054,-0.0003,0.0317,-0.0154,0.0578,0.1560,0.0404,0.2747,0.1909,0.3553,0.1765,0.0970,-0.0036,-0.1292,0.3400,0.3260,-0.0583,0.0451,-0.0764,-0.0289
"186,001",-4.5539,9.3911,-0.0295,0.0625,-0.0072,0.0076,-0.0569,0.0563,0.0510,0.0683,0.0624,-0.0241,0.0048,-0.0859,-0.1983,0.0567,0.1756,-0.1580,0.1565,0.0643,0.2587,-0.0382,0.0498,0.1337,0.1029,0.1773,0.0896,0.0235,-0.1084,0.0929,-0.1755,0.0439
"186,001a",4.5098,-4.2599,0.0783,-0.1968,0.0216,-0.0768,0.0938,-0.0383,0.0285,0.1612,0.0534,-0.1138,0.0401,-0.0263,-0.0864,0.0003,0.1391,-0.0843,-0.0351,0.1211,0.0845,0.0087,-0.0302,-0.0386,-0.0380,-0.0789,0.0524,-0.0863,0.1135,0.0317,-0.0026,-0.0507
"187,001",12.0031,25.7650,-0.2717,0.1262,0.0665,0.1223,0.0752,-0.3430,-0.0704,-0.2695,0.0724,0.1086,-0.0982,-0.1750,0.0432,-0.1395,-0.2186,0.2221,0.0665,0.3211,0.1818,0.3212,0.2752,0.2152,0.2166,-0.0463,0.1124,0.3956,-0.2096,-0.1592,0.1205,-0.1457
"192,001",-11.8805,4.7250,-0.0585,-0.0289,0.0318,-0.0786,0.1232,0.0268,0.0616,0.2166,-0.0596,-0.0322,-0.0383,0.1458,-0.0520,0.0960,0.1099,-0.0986,0.1920,0.0399,-0.0570,0.3623,0.2076,-0.1398,-0.0476,-0.2775,0.2333,0.3781,0.1100,0.1124,-0.1814,-0.0392
"192,002",-25.1661,-3.0857,-0.1613,-0.0762,-0.0280,-0.0254,0.0654,0.0772,0.0912,0.3625,0.0641,0.1683,-0.0406,0.3427,0.3651,0.1252,0.0782,-0.0761,0.0009,0.0282,0.0093,0.0676,0.1114,-0.1289,-0.0346,-0.1151,0.1259,0.1741,0.1590,0.1035,-0.0365,-0.0655
"192,002a",1.8073,-16.2737,0.1089,-0.1456,-0.0219,-0.3134,-0.0200,0.0232,0.0654,-0.0111,-0.0426,0.0447,0.1172,0.0370,-0.0071,-0.0408,0.1032,-0.0128,0.0619,0.0902,0.0026,0.0972,0.0204,0.1152,0.0702,0.0119,0.0395,0.1321,0.0642,-0.0985,0.0799,-0.1014
"192,004",-19.6300,-3.2411,-0.1889,0.0195,-0.0918,0.0371,-0.0604,0.0515,0.0591,0.0228,0.0471,-0.0170,0.0612,0.1635,0.0225,-0.2182,-0.3114,-0.0550,0.3217,0.1032,-0.1668,-0.0148,-0.0266,-0.0564,-0.0504,-0.0605,0.0871,-0.1003,-0.1243,0.0931,-0.3748,-0.0630
"192,005",3.4228,-27.0325,0.0485,-0.0196,0.0279,-0.1700,0.0576,-0.0262,0.0656,0.1343,0.0404,-0.0551,-0.0254,-0.1392,-0.0274,0.0523,0.0429,-0.2782,0.0646,0.1637,0.2041,0.1396,0.0028,0.3229,0.2496,0.0739,-0.1018,-0.1890,0.0659,-0.0641,-0.0753,0.0043
"192,006",8.5661,22.8951,-0.1976,0.0616,0.0693,0.0734,0.1495,-0.1065,-0.0520,-0.0798,0.0090,0.1159,-0.0641,-0.2336,0.0276,-0.0605,-0.1180,0.1119,0.0784,0.2873,0.1951,0.2450,0.1960,0.1681,0.0304,-0.0887,0.2944,0.2504,-0.1199,-0.0530,0.0484,0.0322
"193,001",-0.7271,23.6775,-0.1536,0.0278,0.0470,0.0086,0.0838,-0.0397,-0.3391,-0.0017,-0.0073,-0.1358,-0.0659,-0.0558,-0.0582,0.0527,-0.1041,0.0332,0.0641,0.0538,0.1971,0.1632,0.0204,0.0635,-0.1048,-0.2141,-0.0511,-0.0216,0.0139,-0.0505,0.0529,-0.1575
"194,005",7.3118,23.7726,-0.0941,0.1347,0.0497,0.1292,0.0102,-0.0279,0.0248,-0.2380,-0.0249,0.0633,-0.1555,-0.1435,-0.0594,0.2149,0.0121,0.0543,0.0466,-0.0786,0.1423,0.1863,0.1242,0.0873,-0.1564,-0.0578,0.0536,0.1997,-0.0980,0.1327,-0.0771,0.2182
"194,018b",4.1833,-32.4954,0.2645,-0.2153,0.0224,-0.4910,-0.1152,-0.0618,0.0473,-0.1790,-0.0572,0.1267,-0.0447,-0.1867,0.2246,-0.1307,0.0920,-0.1470,0.0131,0.0664,0.1877,0.1126,0.0459,0.3508,0.1702,-0.0650,-0.1435,-0.1086,-0.0363,-0.2800,-0.2164,-0.0680
"197,001",-3.1844,-15.6872,0.0860,-0.2635,-0.0153,-0.2045,0.1477,0.1176,0.3491,0.0123,-0.0403,-0.3753,0.0863,-0.0106,0.1944,-0.0216,0.1428,-0.1800,0.0282,-0.0590,-0.0915,0.2131,0.0335,-0.1140,-0.0276,0.0139,-0.2016,-0.0588,0.0538,-0.0144,0.2187,-0.1876
"197,001a",30.1167,8.8585,0.4810,0.1818,0.2688,0.0714,0.0554,0.0765,0.1372,0.0337,-0.0807,-0.0676,-0.1073,-0.0378,0.0726,-0.0695,0.0381,-0.1010,0.0877,0.0520,0.0136,0.2667,-0.0152,-0.0490,0.1300,0.0903,0.0038,-0.0506,-0.0688,-0.0336,0.0116,-0.0023
"197,001b",3.0828,-21.5383,0.0682,-0.0635,0.0331,-0.0168,-0.0591,0.0287,-0.0334,0.0138,-0.3897,-0.1349,0.0719,-0.2293,0.1578,0.0722,-0.0707,0.0033,0.0267,0.2964,0.0591,0.0333,0.1754,0.2109,0.3012,0.1453,-0.1077,-0.0535,-0.0394,-0.1468,-0.2444,0.0302
"197,002",-13.2052,11.9417,-0.1139,-0.0123,0.0577,-0.0418,0.1626,-0.1263,0.0669,0.0684,0.1025,0.0585,0.0232,-0.0091,-0.1536,-0.0677,0.1064,-0.0949,0.0749,0.1280,0.0886,-0.0624,0.0238,-0.0279,0.0016,-0.1237,0.0535,0.0339,0.2046,0.0889,0.0780,0.0120
"198,001",-6.9098,-4.0284,0.0375,-0.1852,0.0200,-0.1341,0.0685,-0.0021,0.1831,0.3054,-0.0734,-0.1925,0.2203,0.1696,-0.1331,0.0957,-0.1327,0.0028,-0.2059,-0.1683,0.0942,0.0826,0.0819,-0.1820,-0.1926,-0.1109,-0.1936,0.2426,0.0037,0.0465,-0.4060,-0.2345
"200a,001",-14.5836,2.5798,-0.1019,-0.0247,0.0354,-0.0402,0.1142,-0.0193,0.0634,0.2278,-0.0363,-0.0003,0.1081,0.0654,-0.0839,-0.0370,0.0719,-0.1347,0.0752,-0.1412,-0.1090,0.1561,0.0476,-0.0203,-0.0704,-0.0457,0.0205,0.0349,0.1078,0.1595,-0.0575,0.0795
"201,004a",-9.3439,24.1360,-0.2184,0.0585,0.0459,0.0474,0.1169,-0.0343,-0.0781,0.1580,0.0185,0.1450,0.0090,-0.0740,0.0184,-0.0189,-0.0027,-0.0725,0.0748,-0.0697,0.0395,0.0333,0.0337,0.0829,0.0210,-0.1442,-0.1349,-0.1274,0.0603,-0.0782,0.0535,-0.1401
"201,005",-15.0283,12.6842,-0.1479,0.0131,0.0298,0.0069,0.1356,-0.0206,0.0157,0.1040,0.0205,0.0558,0.0293,-0.0620,-0.0922,-0.0741,-0.0720,-0.0740,0.0603,0.0232,0.1414,-0.0247,0.0342,0.0662,0.0038,0.0168,0.0868,0.0675,0.0129,0.1024,-0.0075,0.0767
"205,001",-6.0766,-13.4796,0.1355,-0.1091,-0.0457,-0.1668,-0.0074,0.0597,0.2602,0.2695,-0.1920,-0.1310,-0.0412,0.2209,-0.0479,0.0163,0.0489,0.0245,0.0642,0.0088,-0.1879,0.1845,0.0811,0.1804,-0.0438,-0.0797,-0.1401,-0.0624,-0.0261,-0.0793,0.1675,-0.2011
"205,002",-2.6448,57.9812,-0.0327,0.0776,0.0960,0.0425,-0.2416,-1.2257,0.4559,-0.3780,0.0997,-0.1763,0.1788,0.4032,0.1270,0.0056,0.0706,0.0188,-0.1142,0.2455,-0.1437,0.0048,0.0288,-0.0057,0.0625,0.0526,0.0631,0.0713,-0.0972,0.0596,0.0090,-0.0616
"205,003",13.1351,33.7319,-0.1553,0.2014,0.1284,0.2321,-0.0827,-0.1539,-0.4162,-0.0617,-0.3977,0.0888,0.0927,-0.4456,0.0432,0.3128,0.0857,0.0141,-0.0129,0.0754,0.0115,-0.0758,0.0299,-0.0261,-0.1624,-0.2374,-0.2021,-0.2512,0.1002,-0.1640,0.2836,-0.3483
"205,004",-1.9426,-17.4483,0.1445,-0.1227,-0.0467,-0.2232,0.0070,-0.0041,0.2077,0.2547,-0.0881,-0.2348,0.1032,0.1479,-0.0326,0.1292,-0.0089,-0.0219,-0.2129,-0.1149,0.0972,0.0245,-0.0045,0.1371,0.2259,-0.2134,-0.0718,-0.1407,-0.0145,-0.0225,0.1030,-0.1265
"205,004b",2.5253,26.3547,-0.0198,0.0537,0.0744,0.0621,-0.0064,-0.1957,0.0194,-0.0261,-0.0384,0.0393,-0.0266,-0.0493,-0.0290,0.0843,0.0420,0.0592,-0.0500,-0.0977,-0.0369,0.0435,0.0404,-0.0192,-0.0328,0.0011,0.0397,0.0315,0.0461,0.1052,0.0125,0.1073
"205,006",-4.4841,-2.8209,-0.1074,-0.0503,-0.1266,-0.0485,-0.0433,0.2143,0.1492,0.0942,0.0757,-0.0502,0.0494,0.2581,0.1510,-0.0493,-0.0545,0.0243,-0.0591,0.0320,-0.1621,0.1191,-0.0425,0.0388,-0.2928,-0.1124,0.0337,-0.1111,-0.0544,-0.2021,0.1374,-0.0332
"208,001",39.2144,-1.0711,0.1143,0.0475,0.1067,0.0644,-0.0617,0.0456,-0.0399,0.0756,-0.0190,-0.1158,0.1123,0.0800,-0.0247,0.3196,0.0492,0.0732,0.1417,-0.6170,-0.3414,-0.0405,0.0907,-0.0836,-0.0076,0.3002,0.5869,0.6194,0.1335,-0.3426,-0.5807,-0.5036
"209,002",-14.5232,-4.4885,-0.0376,-0.0511,-0.0442,-0.1519,-0.0335,0.0995,0.1043,0.0515,-0.0871,0.0250,0.0173,0.1635,-0.1425,-0.1097,0.0012,-0.0136,0.1653,0.0198,0.1526,0.1199,0.0798,0.0760,0.0821,0.0145,0.0464,0.1269,0.0641,0.3760,-0.0280,-0.1140
"209,003",-35.3352,8.0956,-0.2350,0.0222,0.0569,0.0215,0.2336,-0.0329,0.0577,0.2045,0.2133,0.2286,0.0224,-0.0586,-0.3500,-0.2579,-0.0196,-0.2184,0.2781,0.1483,0.3001,-0.4562,-0.0384,0.3763,0.0317,0.5474,0.3008,0.2093,-0.4854,0.5760,0.1623,0.1545
"210,001",-5.5727,-4.7883,-0.0968,-0.0416,-0.0592,-0.0888,0.0199,0.0182,0.2063,0.1896,0.0467,0.0267,0.1221,0.2576,0.0183,0.1047,0.0009,0.0243,-0.0797,-0.0514,-0.2607,0.1006,-0.2991,0.3528,-0.2321,-0.0515,0.0577,0.1417,-0.3166,0.0743,0.2281,-0.3080
"210,002x",2.5037,15.0006,-0.0419,0.0441,0.0404,0.0344,0.0020,-0.0125,0.0074,0.0683,-0.0736,0.0124,0.0246,-0.0998,-0.0901,0.0771,0.0532,0.0444,0.0674,0.0336,-0.1028,0.2149,0.0829,0.1886,-0.0963,-0.0905,-0.0157,0.3175,-0.1050,0.0911,0.0736,-0.0949
"210,002y",3.0624,17.9122,-0.1083,0.0516,0.0387,0.0636,0.0814,0.0021,0.0111,0.0129,0.0272,0.0954,-0.0611,-0.1509,-0.1154,-0.0142,-0.0606,0.0663,0.0736,0.0592,-0.0503,0.2017,0.0909,0.1653,-0.0611,0.0051,0.0831,0.3192,-0.1979,0.2095,0.0064,0.0335
"210,002a",0.0816,58.9293,-0.1768,0.1622,0.1236,0.1381,-0.2343,-1.3176,0.3151,-0.5067,0.1694,-0.1067,0.0905,0.3768,0.1273,-0.0091,-0.0767,0.1467,-0.0525,0.1807,-0.0875,0.0892,0.1881,0.0231,0.1352,0.0679,-0.0451,0.0843,0.0628,0.0131,0.0827,-0.1428
"210,003",-17.3489,-2.2666,-0.0856,-0.0404,-0.0419,-0.0373,0.0393,0.1153,0.0529,0.1729,-0.1535,-0.1215,0.2453,0.1349,-0.0037,-0.0820,-0.0600,-0.0399,0.1754,0.2652,-0.3419,0.0734,-0.1037,-0.3614,-0.1585,-0.2171,0.3328,0.0086,-0.2559,0.4040,-0.6285,-0.5187
"210,004",-10.5208,39.0473,-0.0906,-0.0586,-0.0288,0.0183,-0.0043,0.0860,0.0601,0.0318,-0.1483,-0.0775,0.0053,0.0564,-0.0577,0.1258,-0.3283,0.2880,-0.1443,-0.2784,0.4107,0.1033,-0.0991,-0.0748,-0.0503,-0.1070,0.0256,0.0603,-0.1208,-0.0809,-0.0075,0.0210
"210,004a",-23.4358,-2.4690,-0.0990,-0.0910,0.0036,-0.1591,0.1535,0.0324,-0.0197,0.4472,0.1648,0.0765,-0.0584,0.3494,0.3172,0.1902,0.1435,-0.2473,-0.0269,0.1510,0.0884,-0.0446,0.1388,-0.0163,-0.0810,-0.1919,0.1141,0.0916,0.1520,0.1357,-0.1138,-0.0937
"210,005",-15.3247,24.8083,-0.1976,0.0598,0.0031,0.0645,0.0668,-0.0052,-0.0501,0.1323,0.1157,0.2119,-0.0677,-0.0430,0.0667,-0.1105,-0.1115,0.0310,0.1488,-0.0319,-0.0321,0.0288,-0.0111,-0.0635,-0.0112,-0.0093,-0.1151,-0.0034,0.0029,-0.0286,-0.0236,-0.0405
"210,006a",-17.3314,-3.1332,-0.1095,-0.1190,0.0016,-0.1569,0.1439,0.0106,0.1159,0.4173,0.0207,0.0422,0.0992,0.3390,0.0763,-0.0111,0.1375,-0.1869,0.1007,0.0065,-0.0268,0.0767,0.1111,0.1024,-0.0634,-0.3019,0.1128,0.2248,0.1938,0.1735,-0.2199,-0.2034
"210,006b",-5.9516,7.5872,-0.0060,-0.0171,0.0183,-0.1034,0.0394,0.0354,0.0468,0.0737,0.0050,0.0891,0.0285,-0.0091,-0.1070,0.0527,0.0070,-0.0702,0.1468,-0.0094,0.0695,0.1737,0.0974,0.0202,0.0277,-0.1199,0.0335,0.1566,-0.0174,0.0249,-0.0650,-0.0159
"210,007",-5.2233,36.9649,-0.1650,-0.0248,0.0234,-0.0546,0.0654,-0.2971,0.1813,0.1779,0.1592,0.1376,0.1517,0.2030,-0.1483,-0.1182,-0.0310,-0.2376,-0.0113,0.1907,-0.2101,-0.3298,-0.6431,-0.0394,-0.2385,0.1185,0.1353,0.4562,-0.8945,-0.0807,0.4549,-0.0388
"210,008a",-15.9969,-13.8379,0.1378,-0.0823,-0.0361,-0.3129,-0.1055,0.0205,0.2148,0.1412,0.0059,-0.0312,0.0265,0.0423,-0.0738,-0.2180,0.8016,0.4115,0.2915,-0.1266,0.1342,-0.1784,0.0294,-0.1000,-0.0935,0.0399,0.0126,-0.0983,-0.3288,-0.0239,0.0538,-0.2415
"210,010a",-2.4709,-3.4337,-0.0313,-0.1011,-0.0161,-0.1408,0.1444,-0.0542,-0.1347,0.2614,0.0839,-0.1745,0.0281,0.1768,-0.0883,-0.1086,-0.1305,-0.1298,-0.0254,0.0127,-0.0145,-0.0562,-0.0141,0.1264,-0.0296,0.0226,0.0360,-0.1293,0.0368,-0.0010,-0.1085,0.0212
"210,010b",9.0856,-29.8907,0.0732,-0.0987,0.0259,-0.3614,0.0385,-0.0239,-0.1039,-0.0675,0.0692,0.1665,0.1172,0.0388,-0.0472,-0.1132,-0.0165,-0.1246,0.0425,0.0166,-0.0141,-0.1055,-0.0336,-0.0915,-0.0646,-0.0084,0.2505,-0.1067,-0.0485,-0.0680,-0.0814,0.0980
"210,011",-8.4823,-10.9959,0.0149,-0.1320,-0.0552,-0.1353,0.1328,-0.0329,0.0331,0.3222,0.0147,-0.1252,0.0982,0.2232,-0.0879,0.0607,-0.0527,-0.0970,-0.0896,-0.1052,-0.0245,0.0029,-0.0912,0.3383,-0.0681,-0.0777,-0.0253,-0.0315,0.0493,0.1145,0.0709,-0.2242
"210,012",14.2900,-14.9556,0.0005,0.0090,-0.0491,-0.0094,-0.1315,0.0034,0.1182,0.0312,-0.0524,-0.0728,0.0818,0.1489,-0.0378,0.0764,0.0583,-0.1333,0.1942,-0.0984,-0.0800,0.3188,-0.0842,-0.2811,0.1267,0.0265,-0.0672,0.1652,0.0307,0.0886,-0.0044,-0.0670
"210,013",20.2385,-14.7781,0.0086,0.1005,0.0824,0.0249,-0.0564,-0.1123,-0.0538,-0.0200,-0.0136,0.0440,-0.1030,-0.1810,-0.1730,0.2094,0.1871,-0.1208,0.1624,-0.1647,0.0190,0.3790,0.1787,-0.3304,0.0717,0.0585,-0.1432,0.2580,0.1326,0.3197,-0.1231,0.2806
"210,014",19.0166,-8.5047,0.1406,0.0491,-0.0624,0.0048,0.0193,0.0232,0.0281,0.0648,0.0935,-0.0463,0.0134,-0.1552,-0.0682,-0.0465,-0.0465,-0.1415,-0.0828,0.2090,0.1318,-0.1633,-0.0124,-0.1379,0.1617,0.0892,0.0781,-0.0930,0.2812,0.0560,-0.0221,-0.0068
"210,015",-11.0271,-12.4432,-0.0818,-0.1067,-0.0042,-0.1188,0.0556,-0.0241,0.1952,0.3625,-0.0721,-0.0720,0.2342,0.2797,-0.0641,-0.0369,0.0840,-0.1237,0.0864,-0.1927,-0.2440,0.0332,-0.0359,0.2340,-0.1623,-0.0941,-0.1506,0.2671,0.0086,-0.1175,0.1581,-0.3595
"210,016",-46.0653,24.7395,-0.3273,0.1622,-0.2088,0.2972,-0.5112,0.4340,-0.0849,-0.1776,0.0698,0.1391,-0.0715,0.2425,-0.1665,-0.6523,0.3184,-0.3543,-1.0877,-0.1390,-0.0300,-0.1358,0.5959,-0.3316,0.4541,0.1632,-0.0471,0.0751,-0.0473,0.0720,0.0028,-0.2638
"210,017a",-10.3495,-12.8960,-0.0386,-0.1134,0.0084,-0.1225,0.0409,-0.0047,0.1835,0.3409,-0.0985,-0.0999,0.1918,0.2539,-0.0678,-0.0181,0.0338,-0.1668,0.0802,-0.1961,-0.2334,-0.0657,0.0627,0.1866,-0.1582,-0.0974,-0.1942,0.4477,0.1198,-0.2222,0.3065,-0.2312
"210,018",-2.4823,41.6065,-0.0672,-0.0389,0.0438,-0.1604,-0.0442,-0.4704,0.2212,-0.0493,0.0500,0.0469,0.2117,0.2523,0.0135,-0.0613,0.0201,-0.1161,-0.0263,0.0865,-0.1685,-0.0037,-0.1396,0.1532,-0.1909,0.0123,0.0107,0.1519,-0.3545,-0.0613,0.1603,-0.1126
"210,019",-7.0755,-6.8918,-0.0839,-0.0722,-0.0616,-0.0894,0.0211,0.0674,0.2030,0.2233,-0.0049,-0.0234,0.1217,0.2495,0.0095,0.0385,0.0112,0.0612,-0.0262,-0.0510,-0.2404,0.1770,-0.1603,0.3135,-0.2001,-0.0940,0.0703,0.1145,-0.2320,0.1095,0.2079,-0.3110
"210,020",-33.8564,-8.9774,-0.3298,0.0694,-0.0202,0.0714,0.0961,0.1047,-0.0970,0.7275,0.4288,0.8018,-0.5530,0.7086,1.5925,0.8086,0.2772,-0.0596,-0.0662,0.2129,0.2691,-0.0898,0.2350,-0.1912,-0.0452,-0.0003,0.1128,0.0470,0.0481,0.2207,-0.0662,0.1338
"210,021",-26.7829,-4.4371,-0.1383,-0.0762,-0.0481,-0.0838,0.0306,0.1157,0.0924,0.4886,0.0800,0.2132,-0.0588,0.5122,0.6519,0.2146,0.1860,-0.0371,0.0653,0.0024,0.0843,0.0194,0.0679,-0.0067,0.0324,-0.0503,-0.0256,-0.0359,-0.0868,-0.0302,-0.0313,-0.0637
"217,004b",-18.2047,17.6870,-0.2041,-0.0021,0.0593,0.0149,0.2328,-0.0526,-0.0083,0.1700,0.1590,0.2015,-0.0290,-0.0733,-0.1341,-0.0694,-0.0270,-0.1566,0.0277,0.0935,0.0216,-0.2115,-0.1714,-0.1044,-0.0936,0.0481,0.1411,0.0544,-0.0638,0.1373,0.0070,0.0416
"226,001",19.2575,-35.2887,0.3820,-0.0087,-0.1110,-0.2657,-0.2598,-0.1900,0.4907,0.0062,0.1439,-0.6436,-0.5239,-1.1248,1.0050,-0.8527,0.4161,-0.0881,-0.0249,-0.4192,0.2612,-0.1727,-0.3922,-0.0670,-0.2249,-0.2603,0.0874,0.1800,-0.1775,0.2358,-0.0306,-0.0978
"226,008",17.5965,-27.6498,0.2754,-0.0587,-0.0562,-0.2829,-0.1196,-0.0984,0.2965,0.0766,0.0997,-0.3767,-0.2002,-0.5886,0.5064,-0.3956,0.2705,-0.0974,-0.0553,-0.1889,0.0524,-0.0480,-0.1686,-0.1329,-0.1246,-0.1531,-0.0706,0.1572,-0.1641,-0.0664,-0.0676,-0.0156
"227,001",23.4434,5.9480,0.1751,0.0722,0.0802,-0.0165,-0.0010,-0.0262,0.0194,0.0498,0.0605,-0.0353,-0.0042,-0.0378,-0.0908,0.1502,0.0021,-0.0229,-0.0590,-0.0728,-0.1593,-0.0417,0.1028,0.0986,-0.0184,0.1425,-0.0247,-0.0676,0.0656,0.1496,-0.0382,0.1682
"227,002",17.7981,10.7230,0.2824,0.1811,0.0025,0.1301,-0.3059,0.1310,0.0780,-0.1502,0.0212,-0.0963,-0.1067,0.0325,-0.0645,0.1556,-0.0971,-0.0604,0.2379,0.0190,-0.1616,-0.0702,0.0411,-0.0283,0.0918,0.1467,0.0126,-0.0434,0.0553,-0.0492,-0.1226,0.1813
"227,003",13.5367,-5.2632,0.0547,0.0342,0.0613,-0.0078,0.0433,-0.0442,0.0265,0.1564,0.0279,0.0182,0.0031,-0.1389,-0.1941,0.1396,0.0762,-0.0955,-0.1375,0.2686,-0.0964,0.0143,-0.0647,-0.0886,0.0757,-0.1167,-0.0340,0.2000,0.1643,-0.0636,-0.2096,-0.0433
"227,004",-20.3316,-18.9951,0.1685,-0.0128,-0.0826,-0.1002,-0.1473,0.1217,-0.1458,-0.1071,0.0444,-0.1096,-0.1056,-0.0451,0.0445,-0.0335,-0.1115,0.2866,0.3020,0.1668,-0.1115,-0.0803,0.1728,-0.1720,0.1862,-0.0030,0.0065,0.0818,0.0620,-0.0058,0.0974,0.1579
"227,006",13.4682,19.1536,-0.0202,0.1091,-0.0269,0.0691,-0.0427,0.1505,-0.0115,-0.1395,0.0919,0.0044,-0.1675,-0.3590,0.0489,0.0133,-0.2119,0.3495,-0.0242,0.2525,0.0114,0.3221,0.0829,0.2007,0.0605,0.0847,0.1362,0.1670,-0.2389,-0.0246,-0.0197,0.0506
"227,007",7.0490,-4.1500,0.1500,-0.0041,0.0026,-0.0616,0.0420,-0.0016,0.0389,0.0731,-0.0086,-0.0697,0.0178,-0.0433,0.0237,0.0150,0.0070,-0.0781,0.0470,0.0513,0.0179,0.0366,0.0446,0.0095,0.0916,0.0323,0.0116,-0.0140,0.0139,-0.0438,-0.0368,0.0008
"227,008",1.3388,-21.6189,0.0127,-0.0138,-0.0019,-0.1004,-0.0400,0.0377,0.1195,0.1393,-0.0014,-0.0755,0.0528,-0.0426,-0.1132,0.1280,0.0811,-0.2748,0.1254,-0.0336,0.0726,0.2272,0.1215,0.3072,0.0700,-0.0117,-0.1856,0.1252,0.1347,-0.0669,0.0355,0.0486
"227,009",35.9824,-2.3859,0.1480,0.0445,0.0689,-0.1312,-0.0364,0.0239,-0.2593,-0.0731,0.1316,-0.0652,-0.0738,0.0278,-0.0469,0.1852,0.0209,0.0722,0.1457,-0.3829,-0.2463,-0.1466,0.1466,-0.0904,0.0430,0.2156,0.2025,0.4702,0.3143,-0.2489,0.1281,0.0750
"227,011",6.9924,-15.1125,0.2492,0.1204,0.1807,0.0511,-0.0223,0.0153,0.0563,0.0597,-0.1206,0.0659,-0.1155,-0.0410,-0.0864,0.0847,-0.0011,-0.1518,0.0490,-0.0607,0.0731,-0.0212,0.0244,0.2346,0.2227,0.0781,-0.1115,-0.0460,0.1562,-0.0641,0.0351,0.1053
"229,002",-25.3947,32.1665,-0.2176,-0.0030,0.0160,0.0692,0.0339,-0.0381,-0.2103,0.0100,-0.4417,-0.0940,0.2451,0.0007,0.1545,-0.1428,-0.0218,0.0154,0.0842,0.1407,0.0309,-0.0067,0.0663,0.0680,-0.0683,0.0296,0.2389,-0.0954,-0.0435,-0.0553,0.0598,0.2524
"230,001a",-17.1198,9.8244,-0.1397,-0.0230,0.0249,-0.0438,0.2202,0.0506,0.0414,0.0275,0.0557,-0.0989,-0.0000,0.0131,-0.1118,-0.0288,-0.0443,-0.1037,-0.0065,0.0191,0.0193,-0.1506,0.1224,-0.0724,-0.0715,-0.0933,0.0881,-0.0450,-0.0607,0.0221,-0.0377,0.0488
"231,001a",-18.2137,-1.4146,-0.0446,-0.0653,-0.1233,-0.0390,-0.0619,0.2128,0.0823,0.1728,-0.2533,-0.1354,0.3468,0.2052,0.0824,-0.1200,-0.1763,0.0960,0.1758,0.3658,-0.5717,-0.0180,-0.1444,-0.4476,-0.1924,-0.3302,0.3009,0.0509,-0.3485,0.5291,-0.8690,-0.8492
"231,004",-15.1612,-8.8038,-0.0352,-0.0897,-0.0426,-0.0506,0.0167,0.0758,0.1300,0.2075,-0.0574,-0.0534,0.0091,0.1656,-0.0377,-0.1318,-0.0588,0.0225,0.1764,-0.0262,-0.0257,-0.0615,0.0588,-0.0415,0.0455,-0.1765,0.0706,0.3605,0.3751,-0.0331,0.1551,-0.0895
"234,012a",5.4247,22.1523,-0.1527,0.0097,-0.0436,0.0235,0.0333,0.1072,-0.0114,0.0401,0.0182,0.0708,-0.0458,-0.1073,-0.0370,-0.1799,-0.1908,0.0891,0.0416,0.1415,0.2131,0.4000,0.1683,-0.0074,-0.0097,-0.2853,0.2564,0.1872,-0.3087,-0.3135,-0.1555,-0.1792
"238,001a",-18.3975,9.1766,-0.1438,-0.0630,-0.1045,-0.0183,0.0455,0.1630,0.1339,0.0398,-0.0109,-0.0851,0.0725,0.1862,-0.0042,-0.1385,-0.1516,-0.0843,0.1241,-0.0014,0.0285,0.0217,0.1449,-0.0251,-0.1466,-0.1548,0.3296,-0.0490,0.0899,-0.1068,-0.0562,-0.0691
"240,001",24.2539,15.6472,0.1696,0.0819,0.0609,0.0831,-0.1312,0.0931,0.0006,-0.0475,0.0192,-0.0725,-0.0504,-0.2365,-0.0062,0.2151,-0.1002,0.2228,-0.1150,-0.1974,-0.1609,0.0939,0.2347,0.0594,-0.2697,0.2556,-0.1105,-0.0488,-0.0767,0.1572,0.0604,0.2386
"240,002",22.3338,3.5237,0.1246,0.0544,0.0900,-0.0025,0.0525,-0.0116,0.0861,0.1757,0.1047,0.0064,0.0392,-0.0897,-0.1840,0.2573,0.0902,-0.0189,0.0025,-0.1404,-0.1832,-0.2458,-0.0425,0.0953,-0.0132,0.3243,0.3197,0.0657,-0.0926,0.0673,0.1550,-0.1408
"240,003",9.1718,18.2951,0.0426,0.0318,0.0801,0.0431,-0.0165,-0.0108,-0.0901,-0.0361,-0.2458,-0.0023,-0.1466,-0.2878,0.0627,0.1557,-0.0972,0.2248,-0.0682,0.0867,-0.0844,0.1651,0.1707,0.1950,0.0617,0.1190,0.0293,0.1309,-0.0948,-0.1153,0.0988,0.0225
"240,004",9.7122,1.2423,0.1232,0.0565,0.0437,-0.0359,-0.0362,0.0415,0.0437,0.0000,-0.0119,-0.1288,-0.1050,-0.2588,0.0991,0.0188,-0.0118,0.0047,0.0697,0.0914,0.0656,0.2556,0.1467,0.1867,0.1377,0.0052,0.0027,0.0898,-0.0850,-0.1083,-0.0328,0.0624
"240,005",23.3764,26.3662,-0.0428,0.1593,0.0915,0.1232,-0.0075,-0.1103,-0.1057,-0.0933,-0.0209,0.1550,-0.2486,-0.3431,-0.1120,0.2093,0.0671,0.0057,-0.0524,-0.3629,-0.1063,0.2963,0.3750,-0.1379,-0.2434,-0.0473,0.0140,0.1781,0.0667,0.4792,-0.1028,0.7118
"240,006",13.2928,24.5006,-0.0509,0.0792,-0.0258,0.0343,0.0271,0.1040,-0.1194,-0.1664,0.0676,-0.0230,-0.2141,-0.3441,0.0534,-0.0103,-0.2386,0.2303,0.0759,0.3705,0.1806,0.4494,0.2573,0.4187,0.2457,-0.0047,0.0814,0.2997,-0.3140,-0.2218,-0.0474,0.0158
"240,006a",-17.2195,10.8393,-0.1781,0.0305,0.0114,0.0030,0.0348,-0.1536,0.1195,0.0205,0.1099,0.0224,0.0274,0.1111,-0.0740,-0.2308,0.1083,-0.1882,-0.0916,-0.0123,0.0688,-0.0001,0.1785,0.0528,0.0814,-0.0045,0.0815,-0.2070,0.0235,-0.0576,-0.1156,0.0433
"242,052",-36.2382,17.6080,-0.2347,-0.2061,0.0934,-0.0073,0.3039,-0.0994,0.0997,-0.0321,0.0446,-0.0617,0.0850,0.1852,-0.0353,-0.2530,-0.1868,-0.3701,-0.0326,-0.0894,-0.0467,0.0680,0.3031,-0.3761,-0.7870,-0.4815,1.0376,-0.9773,0.1504,-0.7832,0.0426,0.4550
"244,006",28.7631,-8.4784,-0.0308,0.1040,0.1075,0.0487,0.1287,-0.0370,-0.1638,0.0520,0.1177,0.1628,-0.0762,-0.4086,-0.0850,0.2384,-0.0512,-0.0474,-0.0588,0.3006,0.0777,-0.0820,0.0279,-0.1142,0.0496,-0.0112,0.1170,-0.0622,0.0852,-0.0181,0.0273,-0.2200
"244,010",21.5811,-9.0450,0.1386,0.0068,0.0644,-0.1871,0.0370,-0.0216,-0.0170,-0.0132,0.0099,0.1148,-0.0674,-0.2103,-0.0877,0.1564,0.0423,-0.1462,-0.0295,0.2194,0.0427,-0.0787,-0.0411,0.0661,0.1938,0.1212,0.0723,-0.1639,0.0854,-0.1230,-0.1067,-0.0558
"244,013",26.9756,10.8879,0.3580,0.2042,0.1667,0.1270,-0.0720,0.1359,-0.0185,-0.0493,0.0880,-0.0960,0.0081,-0.0625,0.0567,0.1239,-0.1000,0.1862,-0.0605,-0.1233,-0.2281,0.0800,0.1029,0.0930,-0.0885,0.2623,0.0018,-0.0761,-0.1520,-0.0591,-0.0486,0.0838
"244,014",5.1510,35.5044,-0.0444,0.2147,0.0756,0.2323,-0.1883,-0.2143,-0.0278,-0.1909,0.0514,0.1281,-0.0660,-0.0903,-0.0646,0.2853,0.1094,-0.1196,0.0607,-0.2163,0.0567,-0.0262,0.0043,0.0345,-0.2100,-0.0844,-0.0940,0.0476,0.0846,0.1704,-0.0689,0.1357
"244,015",-2.7067,11.3492,-0.0600,0.0359,0.0175,0.0106,0.0633,0.0146,0.0003,0.0965,0.1188,0.0976,-0.0212,-0.1865,-0.2439,0.0648,0.1651,0.0744,0.1766,0.1676,0.1894,-0.1242,0.0231,0.0315,0.0459,0.0155,0.0418,-0.0301,-0.1659,0.0617,-0.0476,0.0301
"245,001",-8.8533,-8.4980,-0.0533,-0.1135,-0.0671,-0.1148,0.0838,0.0368,0.1543,0.3558,-0.0529,-0.0714,0.1554,0.3105,0.0211,0.1478,-0.0080,-0.0442,-0.0971,-0.2167,-0.1366,0.0607,-0.1839,0.4958,-0.1645,-0.1371,-0.0769,0.0825,-0.0298,0.1566,0.2672,-0.4477
"245,002",-34.4607,37.2659,-0.2241,-0.0303,-0.0112,0.1097,-0.0284,0.0414,-0.1504,0.2393,-0.8644,-0.1259,0.5703,0.1443,0.3488,-0.2456,0.1842,-0.1262,0.0182,0.0958,-0.1116,0.0850,-0.1116,-0.1859,0.1580,0.3094,0.3694,-0.0926,-0.0832,0.1055,0.0996,0.4226
"246,001",-16.0038,46.1347,0.1231,-0.0694,0.0040,-0.1701,0.0030,-0.1255,0.2300,0.1819,-0.1453,-0.1401,0.0543,0.1474,-0.1810,0.2409,-0.2644,0.1957,-0.3998,-0.2198,0.6020,-0.1933,-0.2460,-0.1189,0.2128,-0.0061,0.0049,-0.1625,0.0387,-0.0111,-0.0390,0.0485
"246,003",17.3113,-6.5818,0.1142,0.0073,-0.0592,-0.0561,-0.0784,0.0710,0.0841,0.0332,0.0524,-0.0505,-0.0226,-0.1200,-0.0748,0.1343,-0.0597,-0.0548,-0.0753,0.1379,0.1042,-0.1557,-0.1758,-0.0764,0.1196,0.0587,0.1069,0.0031,0.1230,-0.0083,0.0173,-0.0531
"246,004",-20.5769,1.6391,-0.0299,-0.0611,0.0170,-0.1045,0.0310,-0.0235,0.0815,0.1610,-0.0281,0.0741,0.0348,0.0159,-0.1550,-0.0214,0.0258,-0.1073,0.1045,-0.0691,0.1670,0.0279,0.0043,0.3372,0.1389,0.1208,-0.0390,0.0501,0.0575,0.1105,0.0778,0.1220
"246,008",3.9938,-2.6623,0.0648,-0.0773,0.0038,-0.1408,0.1323,-0.1547,0.1179,0.1150,0.0405,-0.0409,0.0962,0.0842,-0.0999,0.0905,-0.0497,-0.0288,-0.1468,-0.1155,0.0696,-0.1028,-0.0207,0.0359,0.0241,0.0383,0.0010,-0.0497,0.1156,0.1485,-0.0039,-0.0363
"246,009",2.9587,-18.9811,0.0726,-0.0797,-0.0004,-0.2091,0.0481,-0.0084,0.0836,0.1530,-0.0623,-0.0870,0.1447,-0.0084,-0.0268,0.0578,-0.0554,-0.0903,-0.0978,0.0924,0.0222,0.0164,0.0408,0.1177,0.1115,0.0353,-0.1349,-0.1543,0.0979,-0.0925,-0.0066,0.0357
"246,011",15.0491,-22.6278,0.0460,-0.0857,-0.0289,-0.1749,-0.0907,0.1174,0.0937,0.0458,-0.2402,-0.2152,0.2295,0.1619,-0.0171,0.2681,0.1228,-0.5973,0.4090,-0.1843,0.1287,1.2216,-0.3751,-1.0304,0.6564,0.3233,-0.0993,0.0426,-0.0508,0.3956,0.6518,0.1437
"246,014",-9.9241,8.6355,-0.0598,-0.0195,0.0146,-0.0291,0.1744,-0.0531,0.1161,0.0472,0.0450,-0.0274,0.0087,0.0649,-0.0767,0.0705,0.0223,0.0248,0.1251,-0.1217,-0.0428,0.1489,0.2637,0.1229,0.0548,-0.0638,0.2576,0.2534,-0.0138,-0.0218,-0.0390,-0.0098
"246,015",28.9934,-25.4130,0.0871,-0.0638,0.1205,-0.2591,0.1492,-0.1322,-0.6966,0.0766,0.1403,-0.6151,-0.2050,0.3296,-0.0710,0.0547,-0.0839,0.0131,-0.1363,-0.1027,0.1826,-0.0669,-0.1600,-0.1012,0.0359,-0.0111,0.0707,-0.0353,-0.0624,0.0513,-0.0922,0.0027
"246,016",3.7682,-5.9063,0.1181,-0.0091,0.0247,-0.0811,-0.0436,-0.1869,0.1932,0.1289,0.0123,-0.1596,0.1489,0.0758,-0.1032,0.2047,-0.0165,-0.0398,-0.1220,-0.0361,0.1291,0.0277,-0.2025,-0.2200,0.0510,0.0747,-0.0381,0.1167,-0.1635,-0.0048,0.1411,-0.0675
"246,017",-0.6737,5.7321,-0.0238,-0.0171,0.0113,-0.0379,-0.0054,0.0221,0.0646,0.0870,0.0587,-0.0089,-0.0051,-0.0365,-0.0711,-0.0799,-0.0109,-0.1028,-0.1832,-0.0747,-0.0426,0.0925,0.2692,-0.1112,0.0480,0.0145,-0.0558,0.1612,0.0581,-0.0528,-0.0113,-0.0151
"246,018",21.5509,1.2231,0.3407,0.0770,0.1187,-0.0159,0.0409,-0.0554,-0.0112,0.0857,-0.0926,-0.0564,-0.1793,0.0024,-0.1396,0.1064,0.1045,-0.0850,-0.0153,0.0664,-0.0680,-0.0521,-0.0939,-0.1046,0.0197,0.0805,-0.0347,-0.0715,0.1090,0.0865,-0.0728,0.0254
"246,020",37.5422,1.8323,0.3027,0.0220,0.0510,-0.0035,-0.0604,-0.0235,0.1597,0.1223,0.0756,-0.1234,0.1013,0.0274,-0.0963,0.3042,0.2984,0.1732,0.1935,-0.4737,-0.3087,-0.1316,0.2774,0.0957,0.1294,0.3789,0.4449,0.1939,-0.1170,-0.3416,0.0924,-0.1462
"246,022",4.4723,-20.8017,0.0455,-0.1637,-0.0441,-0.0771,-0.0706,0.1189,0.0805,-0.0304,0.0956,-0.0360,0.0427,-0.0121,0.0062,0.0322,-0.0986,-0.0734,-0.0166,0.1110,-0.0098,0.1318,0.0523,0.1527,0.0128,0.1228,0.0669,-0.2961,-0.1105,-0.1874,-0.0988,0.0860
"246,025",7.2736,-10.4316,0.3851,0.0455,0.1635,-0.0658,0.0832,0.0580,0.2368,0.1894,-0.0705,-0.1620,-0.0950,-0.0743,0.0582,-0.1140,0.0223,-0.0831,-0.1413,0.0191,0.0241,-0.0088,-0.0290,0.1291,-0.0990,0.0830,-0.1097,-0.1622,0.0071,0.2200,0.0616,-0.1327
"246,026",-16.0484,44.7325,0.2115,-0.1516,-0.3398,-0.0661,0.1651,0.0062,0.2220,0.2266,-0.1164,-0.2129,0.1710,0.2131,-0.1063,0.2116,-0.3014,0.3112,-0.4518,-0.3156,0.5281,-0.0878,-0.2210,0.0409,0.0114,0.0289,-0.0845,-0.1866,0.0606,0.1256,0.1234,-0.0111
"246,027",-1.5828,-11.1396,0.0723,-0.1816,-0.0647,-0.0980,-0.0397,0.0859,0.0839,0.1930,-0.0755,-0.1723,0.0801,0.0739,0.0132,0.0101,-0.1143,0.0805,-0.0007,0.0286,-0.1424,0.0487,0.1848,0.1738,-0.1332,-0.1215,-0.2584,-0.0339,0.1046,0.2023,0.1581,-0.1234
"246,028",15.2227,-9.2169,0.0938,-0.0536,-0.0651,-0.1105,0.0195,0.0047,0.0888,0.1226,0.0190,-0.0129,-0.0240,-0.0557,-0.1644,0.0687,-0.0605,-0.2075,-0.1388,0.2113,-0.0006,-0.1623,-0.0437,-0.0814,-0.0409,0.0762,0.0628,-0.1123,0.1022,-0.0094,-0.0467,-0.0120
"246,029",-16.2013,43.8275,0.1797,-0.1511,-0.0635,-0.1593,0.0458,0.0155,0.2440,0.2932,-0.1224,-0.2329,0.1277,0.0950,-0.1261,0.2342,-0.2771,0.2655,-0.4316,-0.1688,0.4645,-0.1409,-0.1822,-0.0029,0.1680,-0.0052,-0.1570,-0.2265,0.1158,0.1383,0.1392,-0.1389
"246,031",-11.7359,-1.8382,0.0245,-0.0468,-0.0442,-0.0524,-0.0150,0.0683,0.0879,0.1721,-0.0676,-0.0477,0.1329,0.0382,-0.0302,0.0492,-0.1115,0.0486,-0.0243,0.2042,-0.2502,0.0490,-0.0934,-0.0565,-0.0688,-0.1266,0.0504,0.1391,-0.2409,0.1651,-0.2492,-0.3473
"246,032",7.3250,-13.0181,0.0850,-0.0895,0.0313,-0.0646,-0.0259,-0.0648,0.1052,0.0899,0.0042,-0.1183,-0.0379,-0.1335,-0.0117,0.0890,0.0417,-0.1588,-0.0383,0.0245,0.0192,0.1124,0.1019,-0.0433,-0.0082,0.0452,-0.1763,0.0111,0.1171,-0.0717,-0.0500,0.0910
"246,033",4.7221,25.9697,-0.0420,0.0467,0.0570,-0.0561,0.0470,-0.0803,-0.1218,0.0229,0.0452,0.0824,0.0127,-0.2466,-0.0803,0.1270,-0.0310,-0.1131,0.0739,0.1437,0.0099,0.2545,-0.1043,-0.1794,0.1516,0.0678,-0.0033,-0.0932,-0.0783,0.0194,0.2141,-0.3969
"246,038",18.6542,5.9301,0.2567,-0.0065,-0.0539,-0.0511,0.0116,0.0145,0.0611,0.0992,0.0058,-0.0586,-0.0121,-0.1011,-0.0616,0.1971,-0.0770,0.0682,-0.1696,0.0420,-0.1673,0.0244,-0.0509,-0.0798,-0.0607,0.1627,-0.0466,-0.0699,-0.0050,0.0752,-0.0270,0.0028
"246,039",1.8060,-12.9734,0.0870,-0.0809,-0.0190,-0.1146,0.0300,-0.0353,0.1477,0.1944,-0.0198,-0.1441,0.0732,0.0083,-0.0629,0.1334,0.0026,-0.0277,-0.1175,-0.0278,-0.0092,0.1459,0.0411,0.0555,-0.0486,0.0410,-0.0920,-0.0812,0.0401,0.0128,0.0694,-0.0986
"246,042",-1.9843,-1.5710,-0.0068,-0.2789,0.0895,0.0623,0.0144,-0.0026,0.0657,0.1081,0.0598,-0.0539,0.0741,-0.0017,-0.1345,0.0241,0.2432,0.0560,0.0647,0.0814,0.0993,0.1511,0.1562,-0.0123,-0.1201,-0.1247,-0.0427,-0.0088,0.0099,-0.0476,0.0985,0.1136
"246,043",11.7357,0.6399,0.0383,0.0285,0.0357,-0.0398,0.0464,-0.0713,-0.0105,0.1325,0.0726,0.0087,-0.0042,-0.2731,-0.1342,0.1453,-0.0660,0.0110,-0.1776,0.1509,0.0541,-0.0302,-0.0549,-0.2193,0.0031,0.0473,-0.0597,0.2224,-0.2069,-0.0153,0.0065,0.1105
"246,044",11.5477,-11.4741,0.1631,-0.0564,-0.0190,-0.1529,0.1240,-0.0610,-0.0162,0.2209,0.0097,-0.1621,0.0721,-0.0785,-0.0815,0.1428,0.0472,-0.2371,-0.1572,0.0870,-0.0017,-0.0153,0.0004,-0.0996,0.0251,0.1713,-0.0464,-0.0657,0.1136,0.0182,-0.0734,0.1410
"246,045",-0.7739,-6.7165,-0.0210,-0.0318,0.0164,-0.0322,0.0123,-0.0072,0.0278,0.1840,-0.2171,-0.0951,0.1929,0.0014,-0.0001,0.0932,-0.1257,0.1421,-0.1662,-0.1418,0.1206,-0.0477,-0.0114,-0.0777,-0.0488,0.0124,-0.0793,-0.0006,0.0518,0.0098,-0.0055,0.0251
"246,048",-0.1934,-20.2827,0.1615,-0.1127,-0.0002,-0.2379,0.0469,-0.0176,0.0739,0.2382,-0.0451,-0.2971,0.0378,0.0544,0.0015,0.0823,0.0106,-0.1383,-0.1375,-0.0366,0.1028,0.1234,0.0134,0.1165,0.2172,-0.0642,-0.1122,-0.1428,0.0246,-0.0971,0.0244,-0.0778
"246,054",5.7919,-10.3768,0.1438,-0.1132,-0.0268,-0.1225,-0.0053,0.0306,0.1441,0.1332,0.0095,-0.1755,-0.0171,-0.1431,0.0562,-0.0228,-0.0053,0.0729,-0.1498,-0.0179,-0.0422,0.0589,0.0257,0.0304,-0.0464,0.0251,-0.1629,-0.0115,0.0309,0.0501,0.0528,-0.0400
"246,055",6.3068,-28.7392,0.1856,-0.2223,-0.0688,-0.4557,-0.0929,0.0660,0.0332,0.0089,-0.1927,0.0847,0.2905,0.1485,0.0624,-0.0100,-0.0231,-0.0307,-0.0455,-0.1200,0.0019,0.1815,-0.0709,-0.1416,0.0263,0.0269,-0.0591,0.0866,-0.0391,0.1115,-0.1377,-0.3227
"246,058",-10.9008,-22.7601,0.3582,-0.2474,-0.5338,0.0761,0.1218,0.0403,0.0515,0.0440,-0.1015,-0.0712,0.0146,0.0306,0.0297,-0.0486,-0.1548,0.3049,-0.0750,0.2693,0.0143,0.0234,-0.0222,-0.0104,0.1841,-0.1294,-0.0760,0.0669,0.1505,0.1132,-0.0588,-0.1188
"246,059",11.9993,-1.5813,0.1247,-0.0804,0.0050,-0.1474,0.0567,-0.0338,0.0693,0.1185,-0.0754,-0.0573,0.0834,-0.0334,-0.0922,0.1998,0.0564,0.0004,-0.0802,-0.0772,-0.0608,-0.0991,0.0637,0.0302,0.2576,-0.2559,0.0636,0.0578,-0.1030,0.1125,0.0569,0.1141
"246,060",1.1144,-3.6293,0.1558,-0.1543,-0.1568,0.0028,-0.0820,0.0820,0.1139,0.0529,-0.0797,-0.1440,-0.0659,-0.1187,0.1081,-0.0821,-0.0449,0.1135,0.0650,0.0894,0.0450,0.1082,-0.0686,-0.1396,0.1055,-0.1587,-0.0487,0.1658,0.0196,0.1186,-0.0996,-0.0895
"246,061",22.1677,-9.1287,0.0882,0.0089,-0.0067,-0.1065,0.0358,0.0110,-0.2037,0.0639,0.0917,-0.1771,-0.0479,-0.1826,-0.1233,0.1612,-0.0034,-0.0010,-0.1905,0.3402,0.0447,-0.2082,-0.1706,-0.0985,0.0228,0.1389,0.0938,-0.1442,0.1531,0.1720,-0.1100,-0.0168
"246,065",-14.7730,45.5238,0.0006,0.0034,0.0031,-0.0865,-0.0075,-0.0379,0.0676,0.0746,-0.0696,-0.0423,0.0776,-0.0271,-0.1223,0.2322,-0.2634,0.2229,-0.2201,-0.3072,0.5881,0.0543,-0.1338,-0.2294,0.1410,-0.0361,-0.0008,0.0845,-0.0747,-0.1192,-0.0820,0.1106
"246,068",7.3076,-6.4722,0.0804,-0.0784,0.0042,-0.1404,0.0182,-0.1296,0.2061,0.2118,0.0131,-0.1665,0.1366,0.0662,-0.1292,0.1290,-0.1029,-0.0559,-0.2112,0.0362,0.1731,-0.1755,-0.0442,-0.0545,0.0713,0.0395,-0.0964,-0.0791,0.0789,0.1454,-0.1316,-0.0958
"246,070",-3.7759,-12.3939,0.1487,-0.2059,0.0098,-0.0947,-0.0281,0.0467,0.1760,0.1506,0.0051,-0.1617,0.0759,0.0382,0.0331,0.0233,-0.0262,0.0101,0.0798,-0.0850,-0.1825,0.0326,0.1112,0.0138,-0.0461,-0.0319,-0.0800,0.0238,0.0521,-0.0465,-0.0316,-0.0657
"246,071",-13.8805,40.8453,0.0087,-0.0531,-0.0272,-0.1197,0.0649,0.0424,0.1093,0.2095,-0.0151,-0.2017,0.0769,0.0901,-0.1299,0.1341,-0.2276,0.0836,-0.2804,-0.1817,0.4198,-0.1007,-0.1440,-0.0458,0.0587,-0.1054,-0.0017,-0.1660,-0.0901,0.0521,-0.0436,-0.1447
"246,073",13.7220,-9.4135,0.2129,-0.1384,-0.0462,-0.2324,-0.0360,0.0466,0.0803,0.0948,-0.0505,-0.0154,-0.0068,-0.0015,-0.0896,0.0664,-0.1023,-0.0310,-0.0570,0.1674,-0.0260,-0.1900,-0.0192,-0.1077,0.1194,0.0111,-0.0558,-0.1018,0.1883,0.1140,-0.1254,-0.0564
"246,074",-4.5106,-21.1710,0.2480,-0.2040,-0.0982,-0.1673,0.0487,-0.0148,0.2283,0.2826,-0.2391,-0.1968,0.0238,0.1092,0.0004,0.0327,-0.0335,-0.0488,-0.1380,0.2147,0.0591,-0.0604,-0.0402,0.1033,0.1760,-0.0407,-0.1635,-0.0968,0.1499,-0.0761,0.0351,-0.1123
"246,075",9.5522,-10.0292,0.1862,-0.0115,0.0286,-0.1274,-0.0006,-0.0474,0.1480,0.1284,0.0002,-0.1454,-0.1307,-0.2142,0.0445,-0.0062,0.0300,-0.0954,-0.0876,0.0156,0.0301,-0.0181,-0.0558,-0.0799,0.0591,0.0886,0.0021,-0.1115,0.1090,-0.0053,0.0222,0.0036
"246,076",5.4374,1.2677,0.0778,-0.0839,-0.0751,-0.1987,0.0691,0.1055,0.0680,-0.0275,0.0224,-0.0257,0.0366,-0.0015,-0.0056,-0.0004,-0.1205,0.1021,-0.0483,0.1742,0.0927,0.0493,-0.0378,0.0790,0.1527,-0.0620,0.0623,-0.0120,0.0485,-0.0438,0.0266,-0.0873
"246,077",6.9202,-11.3765,0.1933,-0.1506,-0.0498,-0.1773,-0.1333,-0.2003,0.2534,0.0500,0.0044,-0.2391,-0.0179,-0.1464,0.2122,-0.1193,0.0247,0.0940,-0.1324,0.0160,0.0104,-0.0769,-0.0256,-0.0575,0.0420,-0.0707,-0.1535,0.0863,0.1625,0.0182,0.0358,-0.0484
"248,002",-20.1260,-32.5655,0.1655,-0.0072,-0.3226,0.0062,-0.2983,0.3160,0.0659,-0.1580,-0.0737,-0.2228,0.0452,-0.0799,0.2047,-0.0458,-0.7749,0.5513,0.5934,0.4585,-0.3376,-0.1204,0.2773,-0.4320,-0.0536,-0.0141,-0.2665,-0.1806,-0.0771,0.5478,-0.5260,-0.0876
"248,003",33.3893,-12.7091,0.2250,0.1784,0.1881,0.0526,0.1117,-0.0580,-0.1199,0.0342,0.1824,0.1350,0.0101,-0.4798,-0.1832,0.3699,-0.0120,-0.0718,-0.1705,0.4695,-0.0524,-0.3725,-0.1411,-0.3748,0.2459,0.0606,0.3035,-0.2634,0.3893,0.0050,-0.1224,-0.2820
"248,005",38.3546,1.4126,0.4791,0.2543,0.3116,0.1843,0.0146,0.0154,0.0322,-0.0034,0.0875,-0.0406,0.1078,0.0799,-0.0348,0.2811,0.1124,0.0704,0.1160,-0.5083,-0.3379,-0.0820,0.1952,0.0152,0.0279,0.2555,0.3402,0.3757,0.1159,-0.3258,-0.1063,-0.1069
"248,006",-21.5593,-21.0183,0.2185,-0.0680,-0.5324,0.0791,0.0372,0.0644,-0.1194,-0.0344,0.0705,-0.1814,-0.1034,0.1023,0.0513,-0.1740,-0.2285,0.0008,0.2998,0.0399,0.0541,-0.1914,0.0336,-0.0609,0.0375,-0.0456,0.0129,0.0608,0.2581,0.0026,0.1851,-0.0011
"248,008",30.6335,-9.5876,0.3587,0.1799,0.2189,0.0849,0.1037,0.0520,-0.0547,0.0387,0.0847,0.0642,0.0560,-0.2430,-0.1065,0.1628,0.0225,0.0541,-0.1265,0.4304,0.0587,-0.1561,-0.1137,-0.2013,0.2190,0.0112,0.1700,-0.1695,0.2274,-0.0258,-0.1627,-0.1652
"248,009",28.3235,-3.6558,0.2675,0.1827,0.0805,0.1126,-0.1243,0.0736,-0.0679,-0.0696,0.0688,-0.0367,-0.0071,-0.2834,-0.0572,0.2681,-0.0620,0.0277,-0.0323,0.3122,-0.0932,-0.1261,-0.0322,-0.0729,0.2252,0.0374,0.0425,-0.1715,0.0913,-0.0378,-0.2144,0.0320
"248,010",15.7640,17.1646,0.1254,0.0394,-0.3541,0.1260,-0.2675,0.2651,0.0244,-0.1737,0.1118,-0.0600,-0.0878,-0.0691,0.0313,0.0172,-0.1658,0.2081,-0.0686,0.2272,-0.0664,0.1300,-0.1381,0.1583,-0.0150,0.0577,0.0876,-0.0539,-0.2062,-0.1025,0.0750,0.0589
"248,013",20.8920,-0.1610,0.1556,0.0028,0.1095,-0.0152,0.0475,-0.0830,-0.1120,0.0958,0.0867,-0.1605,-0.0043,-0.0892,-0.1061,0.2269,-0.0136,-0.0274,-0.0642,-0.0320,-0.0326,-0.1281,-0.1069,-0.1953,0.1850,-0.0083,-0.0377,0.0022,0.1073,0.0808,-0.1129,0.1040
"248,018",18.0967,11.8287,0.1926,-0.0141,-0.1583,-0.0021,-0.1826,0.1890,0.1610,0.0275,0.0478,-0.2219,-0.0115,-0.1187,0.0513,0.1369,-0.2807,0.3842,-0.1687,-0.1149,-0.1230,0.0284,0.1064,0.0280,-0.1350,0.2887,-0.0148,-0.0981,-0.1603,0.1431,0.0642,0.0614
"248,021",34.3372,-12.9812,0.1929,0.1520,0.1503,-0.0037,0.0852,-0.0357,-0.1273,0.0114,0.1681,0.1424,-0.0286,-0.5579,-0.1503,0.3970,0.0190,-0.0778,-0.1248,0.6302,0.0459,-0.2996,-0.1318,-0.2451,0.3521,0.0897,0.3304,-0.1992,0.3030,-0.1028,-0.2120,-0.3320
"248,023",28.2793,1.2294,0.4014,0.1704,0.1122,0.0808,-0.0295,0.0407,-0.0546,-0.0020,0.1636,-0.1441,-0.0148,-0.1724,-0.0223,0.2367,-0.0871,0.1685,-0.0395,0.1296,-0.1701,-0.1285,-0.0292,-0.1379,0.2530,0.1656,0.1866,-0.1691,-0.0142,-0.1143,-0.2054,-0.0492
"048,024",30.5418,-11.4120,0.3021,0.1169,0.1497,-0.0148,0.0884,0.0146,-0.0507,0.0312,0.1425,0.0473,0.0487,-0.3178,-0.1169,0.2066,-0.0552,-0.0724,-0.1147,0.3999,-0.0571,-0.2697,-0.0543,-0.1952,0.2365,0.0888,0.2277,-0.3082,0.2447,0.0680,-0.3191,-0.1264
"248,026",34.6986,11.5791,0.5186,0.2864,0.3812,0.2089,-0.0163,0.0969,-0.0015,-0.1210,-0.0142,0.1259,-0.0493,0.0834,-0.0025,-0.0359,-0.0387,-0.0123,0.0106,-0.2577,0.0414,-0.1209,0.0641,0.0513,-0.0209,-0.0157,-0.0083,0.2147,0.1329,-0.0009,0.0956,0.1033
"248,029",29.7149,3.1525,0.5856,0.2783,0.3394,0.1811,0.0264,0.1377,-0.0316,-0.0613,0.0995,0.0438,0.0976,-0.0885,-0.0016,0.1361,-0.0957,0.0617,-0.0143,0.1134,-0.2232,-0.1985,0.0279,-0.0956,0.3108,-0.2835,0.0669,-0.2479,-0.1787,0.1618,-0.1460,0.0752
"248,053",25.9767,-2.4693,0.4135,0.1358,0.0027,0.0814,-0.0811,0.1519,0.0378,-0.0297,0.0782,-0.1365,0.0104,-0.2315,0.0390,0.1416,-0.2592,0.1857,0.0316,0.3655,-0.2114,-0.2030,-0.0029,-0.2353,0.2166,0.0443,0.0885,-0.2697,-0.0217,0.2144,-0.4495,-0.1032
"248,056",-16.7692,-29.9703,0.1775,0.0092,-0.2134,0.0213,-0.1652,0.2301,0.0990,-0.0297,-0.0271,-0.2053,0.0025,-0.2116,0.1403,0.0647,-0.5297,0.4807,0.1329,0.1970,-0.3362,0.0378,0.2191,-0.1481,-0.1733,0.1682,-0.1999,-0.1987,-0.2050,0.6281,-0.4300,-0.1190
"248,057",25.5091,-14.2687,0.0961,0.0431,0.0873,-0.0716,0.0176,-0.0100,-0.3774,-0.0017,0.1538,-0.2509,-0.1401,0.0460,-0.0899,0.1470,0.0414,0.0508,0.0315,-0.1281,-0.1552,-0.0301,0.0401,-0.0831,-0.0270,0.0961,0.0553,0.2108,0.1447,-0.0843,-0.0616,0.1453
"248,058",20.4549,-1.7320,0.2366,0.1101,0.1913,0.0283,0.0168,-0.0947,-0.0550,0.0335,0.0773,0.0129,-0.0192,-0.1657,-0.0702,0.1952,0.0584,-0.0150,-0.0356,-0.1933,-0.1482,-0.2873,-0.0544,-0.1141,0.4403,-0.4543,0.0893,-0.0357,-0.0725,0.2246,0.0140,0.2243
"248,060",32.6392,-11.7249,0.3158,0.2078,0.1842,0.0950,0.0563,-0.0562,-0.0989,0.0002,0.1547,0.0722,0.0290,-0.3683,-0.1095,0.3057,-0.0017,-0.0576,-0.1223,0.4219,-0.0346,-0.3303,-0.1844,-0.2873,0.2512,0.1220,0.2540,-0.2337,0.2670,-0.0343,-0.2019,-0.2157
"248,064",30.3220,5.9289,0.4408,0.1627,0.2185,0.1065,-0.0669,0.0606,0.0138,-0.0341,0.0409,-0.0284,-0.0410,-0.1401,0.0263,0.1564,0.0208,0.0421,-0.0255,-0.1149,-0.1187,-0.1383,-0.0398,-0.0594,0.1486,0.0131,0.0865,0.0211,0.0014,-0.0920,-0.0985,0.0487
"248,066",17.4723,14.2545,0.0957,0.1168,-0.0981,0.1466,-0.2269,0.1830,-0.0724,-0.0668,-0.1088,-0.0950,0.0648,-0.1708,0.1051,0.0941,-0.1271,0.2090,-0.1363,0.1601,-0.2073,-0.0004,-0.0225,0.0752,-0.0202,0.1370,0.0155,-0.2630,-0.2092,0.0088,0.0329,-0.0148
"248,071",28.2478,1.8425,0.3182,0.1467,0.1220,0.0353,-0.0621,0.0216,-0.0647,0.0025,0.1029,-0.1512,-0.0648,-0.2393,-0.0012,0.2525,-0.0384,0.0508,-0.0087,0.0921,-0.1674,-0.0597,0.0399,-0.0338,0.2094,0.1842,0.0398,-0.1092,0.0545,-0.1164,-0.2219,0.0538
"248,074",19.5245,-34.2148,0.4202,-0.0277,-0.1246,-0.2925,-0.2143,-0.1577,0.4739,0.0447,0.1480,-0.6375,-0.4708,-1.1100,0.9774,-0.8127,0.3746,-0.0475,-0.0738,-0.4368,0.1937,-0.1752,-0.3418,-0.0881,-0.2284,-0.1723,0.0850,0.1040,-0.1461,0.2569,-0.0073,-0.1273
"248,075",18.6718,-28.3601,0.2367,-0.0184,0.0164,-0.2875,-0.2110,-0.6753,0.4738,-0.1512,0.0424,-0.3709,-0.3500,-0.4662,0.6147,-0.5771,0.3199,-0.1803,-0.0448,-0.1246,0.1530,-0.0203,-0.1528,0.0353,-0.0441,-0.1467,0.0263,-0.0086,-0.0699,0.0264,-0.1243,-0.0899
"248,076",7.7071,-11.6034,0.2252,-0.0497,-0.0196,-0.1225,-0.0154,-0.0724,0.1849,0.1537,0.0027,-0.2258,0.0028,-0.1197,0.1262,-0.0282,0.1321,-0.0494,-0.0348,-0.1694,-0.0022,-0.0548,-0.0388,-0.0375,0.0246,0.0390,0.1072,0.0661,-0.0359,-0.0749,0.0043,-0.0492
"248,078",34.8659,7.9973,0.6705,0.3556,0.4506,0.2463,0.0714,0.0985,-0.1095,-0.0319,0.1209,-0.0556,0.0081,-0.0712,0.0757,0.1395,0.0189,0.0438,-0.0267,-0.0915,-0.1922,-0.1163,0.0099,-0.0942,0.0833,0.1306,0.1229,-0.0247,0.0071,-0.1888,-0.0969,-0.0763
"248,080",14.2144,8.8409,0.3432,0.0560,-0.3354,0.1380,-0.1383,0.1706,0.0640,-0.0671,0.1124,-0.1454,-0.0181,-0.0380,0.0015,0.0397,-0.1641,0.0545,-0.0694,0.2526,-0.0410,-0.1257,-0.1052,-0.0635,0.0726,0.0694,0.0735,-0.1626,0.0284,0.0556,-0.0389,-0.0274
"248,080a",17.7812,-24.6695,0.1923,0.0272,0.0020,-0.1278,-0.0298,-0.0771,0.1129,-0.0415,0.0089,-0.1894,-0.3506,-0.6772,0.4482,-0.2830,0.1524,0.0296,0.0110,-0.1103,0.1493,0.1483,0.0095,0.0305,0.0034,-0.1553,0.1056,0.2367,-0.1965,0.0123,-0.1646,0.0548
"248,083",23.0371,-3.9565,0.1813,0.0593,0.0585,0.0340,-0.0194,0.0882,-0.0137,0.0782,0.0676,-0.0369,0.0102,-0.1656,-0.0768,0.1117,-0.0899,0.1930,-0.0388,0.1745,0.0175,-0.0374,-0.0093,-0.1564,0.2042,0.0098,0.0995,-0.0565,0.0992,-0.1441,-0.1244,-0.1272
"248,085",-17.7326,-11.2057,0.2325,-0.0749,0.1005,-0.0285,-0.0589,0.0040,0.1468,0.0659,-0.2455,0.0794,-0.2329,0.1110,-0.1199,0.0032,-0.1497,0.0986,0.0564,-0.1971,0.2307,-0.2870,0.0096,0.1195,0.2652,0.0015,0.0200,0.3336,0.3947,-0.0599,0.2943,0.0484
"249,032",-30.8297,7.3430,-0.0628,0.0174,0.0640,-0.0549,0.2011,-0.0109,0.0824,0.0867,0.0964,-0.0058,0.0255,0.0132,-0.1460,-0.1337,-0.1114,-0.2032,0.1236,0.0663,0.1088,-0.0517,0.1069,0.3358,-0.0405,0.2060,0.1588,-0.0849,0.0247,0.3497,-0.0044,0.1763
"265,003",-6.3035,-8.0058,-0.0132,-0.1196,-0.0848,-0.0812,-0.0403,0.1357,0.1523,0.2425,-0.0166,-0.1209,0.1008,0.2456,0.0992,0.0505,-0.0216,0.0123,-0.0157,0.0610,-0.1067,0.1030,0.0794,0.0517,-0.0659,-0.1056,-0.0450,0.0075,-0.1044,-0.1773,0.0651,-0.0406
"267,001",4.9492,-28.8990,0.1553,-0.0054,0.0454,-0.2465,-0.1894,-0.0788,-0.0592,-0.1013,-0.2651,-0.0075,0.0091,-0.3877,0.2765,-0.0388,0.1605,-0.1475,-0.0193,0.0782,0.0524,0.1667,0.1580,0.3593,0.2966,0.0592,-0.1983,-0.1862,-0.0870,-0.5065,-0.2232,-0.0035
"272,001",18.7639,-29.1018,0.3633,0.0386,0.0486,-0.1947,-0.0890,-0.1251,0.2002,0.1117,0.0958,-0.5899,-0.3939,-0.7650,0.6382,-0.4635,0.3540,-0.2678,0.0528,-0.3034,0.1818,0.0814,-0.2387,-0.0417,0.1226,-0.1049,0.0841,-0.0508,-0.0956,-0.0287,-0.0920,-0.0771
"273,001",-4.5543,20.8682,-0.1115,0.0702,0.0320,0.0583,-0.0105,-0.0158,-0.0970,0.0092,-0.0719,0.0560,0.0505,-0.0769,-0.0311,0.0126,0.0167,-0.0002,-0.0201,-0.0503,-0.0159,0.0202,0.0119,-0.0199,-0.0758,-0.0384,-0.0347,-0.0360,-0.0202,0.0008,0.0639,-0.0659
"273,001a",1.8094,23.9878,-0.0391,0.1241,0.1238,0.0857,0.0109,-0.1303,-0.1561,-0.0255,-0.1355,0.0768,0.0368,-0.1988,-0.0429,0.1304,0.0846,0.0536,-0.0230,0.0165,-0.0995,0.0477,0.0974,0.0446,-0.0535,-0.0564,-0.1352,0.2074,-0.0220,0.0207,0.0230,0.0437
"280,001",-23.3980,-1.7886,-0.0969,-0.0384,0.0149,-0.1042,0.1679,-0.0384,0.0524,0.2624,0.0993,0.0927,0.0721,-0.0130,-0.1287,-0.0375,-0.0498,-0.3183,0.0648,0.1225,0.1243,-0.1912,-0.0199,0.1804,0.0001,0.0820,-0.1174,-0.1129,0.1080,0.2230,-0.1470,-0.0110
"282,001c",5.9230,18.1827,-0.0883,0.0602,0.0293,0.0241,0.0629,0.0257,-0.0806,-0.0454,0.0515,0.0831,-0.0559,-0.2389,-0.0535,0.0216,-0.1319,0.1360,-0.0046,0.1405,0.0459,0.1638,0.0779,0.0243,0.0408,-0.0416,0.0663,0.1669,-0.0813,-0.0448,0.0194,0.0595
"282,008",-2.3185,0.6623,-0.1537,-0.0425,-0.0388,-0.0477,0.1274,0.0718,0.0723,0.0740,-0.0407,-0.0587,0.1025,-0.0123,-0.0443,-0.0577,-0.0678,0.0488,0.0205,0.0600,0.0316,-0.0084,-0.0129,0.1812,-0.2061,-0.0856,-0.1216,-0.0389,0.0795,0.2625,0.1516,-0.2260
"282,011",-25.2468,15.7208,-0.2811,0.0548,0.0399,0.0645,0.1817,-0.0219,-0.0132,0.1734,0.1322,0.2702,-0.0673,-0.0024,0.0100,-0.1782,-0.0885,-0.1308,0.0222,-0.0053,0.0405,-0.0746,0.0586,0.1089,0.0572,0.1336,0.0774,0.1519,-0.0762,0.2746,-0.0455,0.0188
"282,012",-6.2909,14.1310,-0.1328,0.0964,-0.0347,0.1008,-0.0390,0.1125,-0.0204,-0.0229,0.1527,0.0391,-0.0831,-0.0510,-0.1697,-0.0219,0.1392,0.0301,-0.0865,-0.0170,-0.0196,0.0735,-0.0879,-0.0391,-0.1424,-0.0240,0.0358,-0.0195,0.1216,0.1058,-0.0823,0.2682
"282,013",-43.2626,-22.4396,-0.6261,-0.0836,0.0677,-0.0323,1.5863,0.6528,0.6701,-1.4814,-0.2242,-0.4474,-0.2114,0.1495,0.3419,0.4048,0.2758,-0.1402,-0.0372,-0.0970,-0.1757,-0.4030,-0.1143,-0.1421,0.2098,0.1655,-0.3348,-0.1104,-0.0125,-0.0934,-0.0448,-0.1129
"282,015",-11.1792,16.2718,-0.1576,-0.0264,0.0257,-0.0696,0.1468,-0.0057,-0.0010,-0.0987,0.0811,0.0831,-0.0008,-0.0667,-0.0821,-0.0494,-0.1370,0.0110,0.0695,-0.0349,0.0708,0.1496,0.2602,-0.0204,-0.2361,-0.1164,0.1056,0.1037,-0.0536,-0.0193,-0.0296,0.0868
"282,021",16.5062,-2.7046,0.0182,-0.1452,0.0604,-0.1048,0.1209,-0.0048,0.1044,0.0119,-0.1833,-0.0516,0.0850,0.0713,-0.0322,0.2312,0.0495,0.0791,-0.0447,-0.2923,-0.1112,-0.1186,0.2000,0.1862,0.4289,-0.5005,0.1259,0.0503,-0.1609,0.1835,0.1649,0.2407
"282,026",-14.7057,12.1445,-0.1461,-0.0176,-0.0551,0.0135,0.0704,0.0105,0.1320,-0.0113,0.1302,0.0028,-0.0107,0.0525,-0.0383,-0.1780,-0.1938,-0.0761,0.0728,0.1179,-0.0377,-0.0414,-0.0439,-0.0605,-0.2317,-0.0314,0.3666,-0.0062,-0.3532,-0.1459,0.1534,0.1358
"283,001",-42.7467,-22.5174,-0.6349,-0.0829,0.0654,-0.0297,1.5823,0.6450,0.6685,-1.4718,-0.2136,-0.4371,-0.2123,0.1657,0.3573,0.3794,0.2609,-0.1228,-0.0254,-0.1063,-0.2009,-0.3997,-0.1532,-0.1444,0.2032,0.1611,-0.3476,-0.1629,-0.0131,-0.1567,-0.0369,-0.1023
"289,001",11.6514,-9.6691,0.1397,-0.1367,-0.0391,-0.2342,0.0305,0.0167,0.1388,0.2236,0.0361,-0.1020,0.1270,0.0243,-0.1376,0.0852,0.0510,-0.1933,-0.1606,0.2066,0.0153,-0.2081,-0.1604,-0.0604,0.0211,0.0641,-0.0133,-0.0219,0.0851,0.0873,-0.0279,-0.0562
"289,001a",-8.2859,-16.3007,0.1651,-0.2224,-0.1349,-0.0296,-0.1675,0.1452,0.1201,0.0297,-0.0596,-0.1314,-0.0217,0.0050,0.1070,0.0158,-0.1831,0.1592,-0.0232,0.0266,-0.0391,0.0143,0.0952,0.0890,-0.0053,0.0259,-0.1630,-0.1229,-0.0607,-0.0369,0.0845,-0.0128
"289,003",13.0885,-12.2043,0.1931,-0.1029,-0.0210,-0.2868,0.0399,-0.0163,0.0807,0.1733,0.0346,-0.0718,0.0728,-0.0914,-0.1389,0.1043,0.0454,-0.1280,-0.2580,0.1764,0.0628,-0.1209,-0.0659,-0.1231,0.0466,0.1209,-0.1171,-0.1152,0.2240,0.0303,-0.1097,0.1050
"292,001",0.8251,-27.7232,0.0180,-0.0683,0.0070,-0.1281,0.0639,0.0178,0.0744,0.0926,0.0002,-0.0105,-0.0332,-0.0777,-0.0292,-0.0188,-0.0140,-0.1265,0.0932,0.1677,0.1678,0.1903,0.1500,0.4357,0.2658,0.0045,-0.0566,0.0218,0.0018,-0.1705,-0.2185,0.0360
"293,012",-10.5499,43.8019,-0.4068,0.0979,0.0172,0.1427,0.1324,-0.0866,-0.0222,0.2752,0.1568,0.4339,0.0049,0.1978,0.0517,-0.5659,-0.1284,0.1049,0.4078,-0.5539,-0.4063,-0.0593,-0.8312,-0.0245,0.3266,0.2110,-0.5466,-0.2812,-0.0175,-0.4140,-0.4327,0.1256
"293a,001",-31.8786,15.6947,-0.0711,-0.1629,0.0642,-0.0446,0.1698,-0.1699,0.1772,0.0911,0.0367,-0.1568,0.0621,0.0865,0.0650,-0.1610,-0.1307,-0.2701,-0.0278,-0.0026,-0.0559,0.0456,0.3591,-0.1354,-0.4408,-0.2980,0.2838,-0.5874,0.1796,-0.5319,0.0505,0.2911
"294,001",-7.9814,-6.0674,0.0277,-0.0797,-0.0526,-0.0907,-0.0628,0.0727,0.1248,0.1622,-0.0798,-0.0893,0.0920,0.0938,-0.0353,0.0149,-0.1341,0.1300,0.1413,-0.0532,0.0341,0.0655,0.0176,-0.1797,0.0990,-0.1340,-0.0088,0.1986,0.0929,0.0393,-0.0824,-0.0884
"294,002",-12.0824,5.4199,-0.1616,-0.0467,-0.0235,-0.0712,0.1918,0.0998,0.1622,-0.0457,-0.0154,-0.0538,0.0127,0.1373,-0.0331,-0.0167,-0.1048,0.0162,0.0799,-0.1651,0.0974,0.0480,0.0759,-0.0322,-0.0353,-0.1023,-0.0194,0.0351,0.0245,-0.0158,0.0041,-0.0013
"297,001",7.8082,-4.3602,0.2156,0.0937,0.1805,0.0303,0.1736,-0.0260,0.1090,0.0816,0.0450,-0.0579,0.1093,0.0100,-0.0055,-0.0904,-0.0672,-0.2309,-0.0218,0.1425,0.0766,-0.0323,0.0840,0.1187,0.0294,0.0763,0.0269,-0.2987,0.1723,-0.0039,-0.0758,0.0734
"297,002",0.5957,47.1073,0.0516,0.1174,0.0280,0.0436,-0.1381,-0.6330,0.1617,-0.2213,0.1337,-0.0308,0.0147,-0.0166,0.0542,0.0981,-0.0379,0.0683,-0.1135,0.1429,-0.1337,-0.0426,0.0267,-0.0512,0.1471,0.1449,0.0224,-0.0778,0.0509,0.0332,-0.1046,0.0604
"297,002a",1.8035,45.4915,0.1936,0.1929,0.1470,0.1411,-0.1714,-0.5568,0.1772,-0.2056,0.0909,-0.1481,0.0931,0.2063,-0.0116,0.2470,0.0917,0.1120,0.0228,-0.1048,-0.2013,-0.0297,0.0616,-0.0287,0.0705,0.1913,0.1222,0.0550,0.0786,0.0692,-0.0869,0.0312
"297,003",21.7049,2.2242,0.0737,0.0807,0.0435,0.0179,-0.0117,-0.0297,-0.0139,0.0561,0.1171,-0.1181,-0.0409,-0.1284,-0.0947,0.0922,0.0048,0.0072,-0.1975,0.0266,-0.0693,-0.0533,0.0458,-0.0848,0.0844,0.1534,0.0004,-0.0670,0.1243,0.1299,-0.1094,0.0517
"297,004",38.3544,-3.1222,0.0511,0.0729,0.0814,-0.0055,0.0002,-0.0692,-0.1097,-0.0662,0.1300,-0.1509,-0.0897,0.1660,-0.0045,0.2016,0.0108,0.0856,0.1551,-0.5440,-0.3751,-0.2394,0.1688,0.0335,0.0699,0.3197,0.2447,0.5986,0.4964,-0.3788,0.3526,-0.1928
"297,005",3.9474,-8.7305,0.1223,-0.0942,-0.1322,-0.1080,-0.0448,0.0576,0.1738,0.1775,0.0192,-0.1483,0.0954,0.1012,-0.0815,0.0211,-0.0265,-0.0731,-0.0643,0.1542,0.0651,-0.2369,-0.1249,0.0461,0.0779,0.0425,0.0023,0.0479,0.1888,0.1021,0.2784,-0.0271
"297,005a",-19.0076,-19.4770,0.2066,-0.0242,-0.3693,0.0231,-0.0597,0.0917,0.0562,-0.0165,0.1043,-0.1468,-0.0635,-0.0806,0.1012,-0.0951,-0.1470,0.0533,0.0961,0.1450,0.0368,-0.1364,-0.0929,-0.1227,0.0556,0.0279,0.0911,-0.0403,0.2113,0.0038,0.2136,-0.0496
"297,006",13.5420,-7.4650,0.2109,0.0167,0.0805,-0.0975,0.0297,-0.0167,0.0764,0.2171,0.0639,-0.1542,0.0390,-0.2143,-0.0839,0.2104,0.0435,-0.0447,-0.1136,0.0922,-0.0720,-0.2548,-0.0328,-0.3073,0.1419,-0.2374,-0.1660,0.1322,-0.1687,-0.0238,-0.2525,0.0168
"297,007",-26.5332,-2.4845,0.0796,-0.0406,-0.0493,-0.0848,0.0829,0.0676,0.1182,0.0976,0.1038,-0.0951,0.0598,0.0079,-0.2020,-0.0418,0.5253,0.2897,-0.1551,0.3627,-0.0229,0.1189,-0.1561,-0.0517,-0.0122,-0.0517,-0.1059,-0.0765,0.3307,-0.0155,-0.1477,0.2788
"297,008",38.7464,-4.0382,0.1298,-0.0385,0.0595,-0.1387,-0.0325,0.0434,-0.1030,0.0079,0.0916,-0.1206,-0.0081,0.1749,-0.0345,0.2038,0.0542,0.0708,0.1641,-0.5962,-0.3209,-0.2756,0.2236,0.0473,0.0419,0.2584,0.2568,0.7128,0.5177,-0.4548,0.3945,-0.2620
"298,001",0.5461,21.0156,-0.2215,0.0212,0.0433,0.0454,0.1915,-0.0406,-0.0224,-0.0996,-0.0884,0.0293,-0.0314,-0.1434,-0.0022,-0.0337,-0.0912,0.0411,-0.0180,0.0299,0.1391,0.2163,0.3268,0.0720,-0.0229,-0.1452,0.1767,0.2215,-0.1551,0.0228,0.0054,0.2290
"302,001",-7.7885,-1.3049,-0.0746,-0.1128,-0.0677,-0.0774,0.0597,0.1519,0.1266,0.0344,0.0093,-0.0931,0.0170,0.2168,0.0294,-0.0585,-0.0981,0.0891,0.0978,0.0126,0.0138,0.1878,-0.1549,0.0487,0.1448,-0.1007,-0.0100,0.0123,0.0099,-0.0663,0.0779,-0.1086
"305,001",-2.2510,13.3351,-0.0723,0.0334,0.0215,0.0090,0.0333,-0.0000,-0.0034,0.0079,0.0143,0.0294,-0.0292,-0.0451,-0.0094,-0.0068,-0.0104,0.0220,0.0559,0.0158,0.0265,0.0677,0.0587,-0.0020,0.0064,-0.0061,-0.0004,0.0498,-0.0375,-0.0004,-0.0225,0.0176
"305,002",4.0890,6.5099,0.0579,0.0445,-0.0149,0.0185,0.0237,-0.0168,0.0187,0.0560,0.0084,-0.0327,-0.0015,-0.0839,-0.0497,0.0545,0.1923,0.0790,0.0236,0.0335,0.0381,0.0895,0.0087,-0.0781,0.0048,-0.0568,0.0278,0.0577,0.0117,-0.0024,-0.0746,0.0957
"305,003",-1.9150,59.8933,-0.1085,0.1434,0.1192,0.1017,-0.2411,-1.3302,0.4320,-0.4545,0.1572,-0.1226,0.1168,0.3466,0.1625,-0.0226,-0.0117,0.0779,-0.1065,0.1810,-0.1062,0.0474,0.0921,0.0298,0.0957,0.0687,0.0050,-0.0100,-0.0203,0.0360,0.0057,-0.0381
"305,004",12.3286,6.3598,0.1595,0.0647,0.0661,-0.0072,-0.0077,0.0132,0.0082,0.0338,0.0258,-0.0854,-0.0019,-0.1021,0.0133,0.0650,-0.0672,0.0535,-0.0280,-0.0052,0.0031,0.0460,0.0645,-0.0262,0.0159,0.0303,-0.0410,0.0564,-0.0285,-0.0636,-0.0837,0.0729
"305,005",21.9381,10.8123,0.2332,0.0711,-0.0658,0.0306,-0.1788,0.1382,0.1303,0.0059,0.0615,-0.1696,-0.0212,-0.0826,0.0271,0.1776,-0.0529,0.2975,-0.0235,-0.1875,-0.2246,0.0928,0.1983,0.0608,-0.0771,0.2559,0.0490,-0.0530,-0.1918,-0.0549,0.1137,0.0897
"305,006",-1.1019,17.4608,-0.1441,0.0433,-0.0064,0.0344,0.0864,0.0482,-0.0104,-0.0328,0.0746,0.0324,-0.0853,-0.0418,0.0293,-0.0630,-0.1037,0.0989,0.0472,0.1036,0.0616,0.1504,0.0966,0.0905,0.0403,-0.0136,0.0712,0.1401,-0.0755,0.0231,-0.0233,0.0422
"305,008",0.7675,-14.9338,0.2959,0.0616,0.1554,0.0066,0.0821,0.0224,0.1221,0.1806,-0.0351,-0.1654,0.0897,0.1743,-0.0539,-0.0218,0.2783,-0.0598,0.1197,0.0141,0.0229,0.3658,0.0645,-0.0485,0.0868,-0.0673,-0.2341,-0.1265,-0.1152,-0.0296,0.3298,-0.0230
"305,009",-2.1609,-16.0088,0.2967,-0.0506,0.0040,-0.1405,-0.0378,0.0187,0.2478,0.2281,-0.3650,-0.0389,-0.3383,0.1877,-0.1147,0.0147,0.0417,0.0492,0.1307,-0.0187,-0.2341,0.0712,0.1344,0.0277,-0.0355,0.0075,-0.2148,-0.0360,-0.0660,-0.1269,0.1165,-0.0502
"305,009a",6.8861,21.7627,-0.1692,0.0732,0.0538,0.0318,0.0840,-0.0545,-0.1531,0.0426,-0.0079,0.1830,-0.1070,-0.2269,0.2340,0.1518,0.0018,0.0512,0.0827,0.2872,0.2686,0.2235,0.1576,0.0692,0.0315,-0.1363,0.1837,0.3146,-0.1034,-0.0622,0.0181,-0.1139
"305,010",0.5478,-13.8445,0.3569,0.0127,-0.0389,-0.0094,0.0253,0.0177,0.1816,0.2093,-0.1144,-0.1332,-0.0294,0.1314,-0.0568,0.0962,0.1475,0.0827,0.0745,-0.1155,-0.2238,0.1674,0.1779,0.0081,-0.0008,0.0434,-0.2292,0.0064,-0.1685,-0.1924,0.1653,0.0557
"305,011",-1.3319,6.0696,-0.0128,0.0181,-0.0449,-0.0067,-0.0798,0.0812,0.0683,0.0239,0.0080,-0.0663,-0.0472,0.0209,-0.0775,0.0135,-0.0984,-0.0267,0.1550,0.0342,-0.0246,0.0902,0.1422,-0.0998,-0.0140,-0.0353,0.0203,0.0410,-0.0146,0.0317,-0.0603,0.0502
"305,011a",-18.9238,5.3801,-0.1574,-0.1401,-0.0111,-0.0588,0.1393,0.0914,0.1336,0.1374,-0.1133,-0.0644,0.1670,0.2320,0.0109,-0.1549,-0.0927,-0.1235,0.1385,-0.1282,-0.0521,0.1735,0.1188,-0.0807,-0.2697,-0.2587,0.5102,0.0609,0.0567,-0.0783,-0.3762,-0.2670
"305,012",38.0276,3.4143,0.2917,0.1487,-0.0241,0.0978,-0.2349,0.1662,0.1028,0.0078,0.1809,-0.0967,-0.0155,0.0546,0.0464,0.3738,0.1689,0.1832,0.1572,-0.2740,-0.3080,-0.1319,0.1645,0.0092,0.0905,0.4299,0.4527,0.0601,-0.1329,-0.3918,0.0256,-0.0275
"305,013",8.1225,2.1555,0.1472,-0.0175,-0.0213,-0.1774,-0.0654,0.1076,0.0482,-0.0178,0.0531,0.0375,0.0659,-0.0257,-0.0342,0.0193,-0.0430,0.0292,-0.0182,0.0846,-0.0299,0.0172,0.0171,0.0414,0.0825,0.0963,0.0538,-0.0226,0.0113,0.0421,0.0568,0.0507
"305,014",15.3338,-12.6833,0.0549,0.0396,0.0622,0.0133,-0.0355,-0.1661,-0.0363,0.0537,0.0122,-0.0681,0.0165,-0.1081,-0.0351,0.1564,0.0272,0.0822,-0.1731,0.1937,-0.1812,-0.0315,0.1917,-0.1881,0.0258,-0.0517,-0.3439,0.2792,-0.0741,-0.1980,-0.1159,0.2298
"305,015",-0.8135,-4.3001,0.0583,-0.0243,0.0408,-0.0709,-0.0055,-0.0925,0.0399,0.0834,-0.0511,-0.1223,0.0125,0.1603,-0.0236,0.0370,0.0475,-0.0605,0.0435,-0.0415,-0.0055,0.1014,0.0294,-0.0032,0.0058,-0.0939,-0.0180,0.0426,0.0041,-0.0059,-0.0369,-0.0280
"305,016",-2.6863,-6.2162,0.0860,-0.0367,-0.0336,-0.0756,-0.0203,0.0422,0.1215,0.0996,-0.0124,-0.1063,0.0737,0.0812,0.0322,-0.0280,0.0452,0.0184,0.0216,-0.0091,-0.0440,0.0492,-0.0004,-0.0130,-0.0636,-0.0509,-0.0165,0.0085,0.0092,-0.0261,0.0218,-0.0252
"305,017",-38.8587,-7.9927,-0.2868,-0.0742,0.0163,-0.0584,0.5555,0.2185,0.2596,-0.2575,-0.0627,-0.1335,-0.0555,0.1986,0.2385,0.1495,0.0974,-0.1866,0.0660,-0.0290,-0.0354,0.0816,0.0412,0.0680,0.0469,-0.0351,-0.0955,-0.0516,-0.0145,0.0365,-0.0261,-0.0665
"306,001",-26.6801,15.3039,-0.1112,-0.0417,0.0439,-0.0369,0.1685,-0.0563,0.0453,0.1556,0.0646,0.0297,0.0843,-0.0323,-0.1444,-0.0299,-0.0095,-0.2729,0.0089,-0.0066,-0.0064,-0.0285,0.0865,-0.1801,-0.3240,-0.1505,0.4093,-0.2758,0.2010,-0.1099,-0.0404,0.1395
"306,003",-7.4778,3.9819,-0.1001,-0.0118,0.0351,-0.0515,0.1283,-0.0452,-0.0436,0.1177,0.0957,-0.1202,0.0092,0.0253,-0.1187,-0.0021,-0.0645,-0.1512,-0.0162,0.0116,0.0250,0.1358,0.1964,-0.0670,-0.1826,-0.0509,0.0568,0.0003,0.0264,-0.0939,0.0966,0.1126
"306,004",-41.4607,-7.1865,-0.2523,-0.1523,0.0011,0.0299,0.4322,0.2610,0.1605,-0.3788,-0.2224,-0.1893,-0.0082,0.0734,0.1277,0.0104,-0.0437,0.0450,-0.0553,0.0389,-0.0216,-0.0186,0.2367,0.0682,0.0126,-0.0489,-0.0177,0.0727,-0.0098,-0.0392,0.0287,0.0487
"307,001",-18.8721,2.0155,-0.1474,-0.0395,-0.0560,0.0317,-0.0728,0.1067,-0.0527,0.2310,-0.5724,-0.1404,0.4776,0.1645,0.2276,-0.0978,-0.0289,0.0024,0.0779,0.1501,-0.3975,-0.0585,-0.1400,-0.0776,-0.1734,-0.0792,0.1776,0.0551,-0.2195,0.2001,-0.3719,-0.5224
"309,001",11.0646,5.1127,0.0514,0.0176,-0.1330,-0.0289,-0.1268,0.1689,0.1147,0.0620,0.1096,-0.0979,0.0270,-0.0283,-0.0875,0.1023,-0.0299,-0.0575,-0.0165,0.1783,-0.0209,-0.0253,-0.1515,0.0143,-0.0372,0.1461,0.1793,-0.2014,0.0188,0.0906,0.1028,0.0458
"309,002",8.7866,-8.7012,0.1399,-0.0222,-0.0052,-0.1146,-0.0167,-0.1001,0.1314,0.0973,0.0460,-0.1592,0.0069,-0.1791,0.0625,-0.0041,0.0964,-0.0384,0.0004,0.0492,-0.0293,0.0538,0.0143,-0.1778,0.0678,-0.0497,0.0148,0.0575,0.0590,-0.0144,0.0491,-0.0524
"310,002",21.3082,32.6809,-0.2003,0.0760,0.0844,0.0494,0.1247,-0.1202,-0.2617,0.0621,-0.0463,0.0250,0.0144,-0.2626,-0.0859,0.1636,-0.0824,0.0209,-0.0515,0.0084,0.0681,0.3268,0.1068,-0.1375,-0.1441,-0.3969,-0.4050,-0.4250,0.0537,-0.1319,0.9410,-1.0430
"310,003",-42.5193,-21.2816,-0.5928,-0.0615,0.0685,-0.0251,1.4944,0.6073,0.6002,-1.4022,-0.1862,-0.4036,-0.2546,0.0600,0.3098,0.3699,0.2069,-0.0470,-0.0537,-0.0123,-0.1018,-0.3546,-0.0006,0.0008,0.2417,0.1416,-0.2924,0.0342,-0.0365,-0.1153,-0.0231,-0.1442
"311,001",10.3456,5.9080,-0.0547,-0.0290,-0.0214,0.0071,0.0210,0.1169,0.0636,0.0543,-0.0554,-0.1194,0.0500,-0.0172,0.0098,0.0569,-0.1652,0.0916,-0.1539,-0.1174,-0.1890,0.0389,0.1844,0.1308,-0.2292,0.1657,-0.2552,-0.1616,-0.1030,0.2040,0.0439,0.0013
"312,001",-16.0983,-16.0427,0.0586,-0.2108,-0.1089,-0.0694,-0.0298,0.0887,0.0915,0.1901,-0.0928,-0.3458,0.0247,0.1626,0.2054,-0.1992,-0.2170,0.0056,0.1851,0.0101,-0.0062,-0.2682,0.2888,-0.1436,-0.1236,-0.1779,0.0306,-0.0439,0.4170,-0.2419,0.4073,0.0854
"313,001",-0.9940,-6.1549,-0.0556,-0.0245,-0.0070,-0.0533,0.0722,0.0710,0.1325,0.1977,0.0444,-0.0896,0.0684,0.1001,-0.1464,-0.0054,0.1007,-0.0549,0.0577,-0.0998,0.0138,-0.0784,0.1429,0.0142,0.1103,-0.2602,-0.0281,-0.0879,-0.0648,0.0083,-0.0447,-0.0000
"315,001",-1.8819,18.1104,-0.1329,0.0425,0.0511,0.0139,0.2220,-0.0089,0.0598,-0.1604,-0.0071,-0.0225,-0.0498,-0.1350,0.0031,0.0581,-0.0864,0.0787,0.0070,0.0702,0.0876,0.1385,0.1515,-0.0508,0.0421,-0.0261,0.0332,0.1222,-0.0798,-0.0191,-0.0660,-0.0157
"315,003",-4.4456,-5.7091,-0.0430,-0.0229,-0.0432,-0.0622,0.0898,0.1544,0.1977,0.1143,0.0021,-0.1163,0.0555,0.1243,0.0086,0.1061,0.1022,0.1874,-0.0532,-0.0385,-0.3010,0.2342,-0.2370,0.3188,-0.0624,-0.1590,0.0041,0.0754,0.0873,-0.1599,0.1567,-0.1387
"315,005",12.0053,27.4745,-0.2598,0.0250,-0.0297,0.0258,0.1498,0.1057,-0.0871,-0.1228,-0.0049,0.0307,-0.0895,-0.1030,0.0537,-0.1958,-0.4391,0.2169,0.2877,0.2868,0.1759,0.3225,0.4064,0.2106,0.2293,-0.1253,-0.0173,0.4877,-0.1977,-0.0084,-0.0157,-0.2473
"319,002",29.8650,-6.8980,0.1565,0.2103,0.1688,0.1445,0.0010,-0.0515,-0.1188,-0.0137,0.1553,0.0915,-0.0180,-0.2906,-0.1375,0.2452,0.0149,0.0334,-0.1364,0.1790,-0.1372,-0.1576,-0.0981,-0.2595,0.1237,0.0347,0.0807,-0.1833,0.2712,-0.0161,-0.0396,-0.1428
"319,003",30.8080,7.3686,0.3728,0.2501,0.3320,0.1644,0.1547,-0.0128,-0.0356,-0.0178,0.1146,0.1135,0.0029,-0.1403,-0.0756,0.0617,-0.0082,-0.0485,-0.0884,0.0250,-0.1038,-0.0772,0.0202,-0.0833,0.0405,0.0813,0.0242,-0.0728,0.1853,0.1284,-0.0819,0.1538
"319,004",21.3305,26.3487,-0.1256,0.1069,0.0655,0.1183,0.0855,-0.1462,-0.0268,-0.1566,-0.0768,0.1640,-0.2717,-0.2590,-0.0840,0.1493,-0.0122,0.0707,-0.0649,-0.2994,-0.0442,0.2924,0.3869,-0.0217,-0.2472,-0.1203,0.0532,0.2069,-0.0097,0.3233,-0.0502,0.5478
"319,005",26.3023,3.3117,0.2028,0.2260,0.1893,0.1639,0.0245,-0.0486,-0.0530,0.0150,0.1414,0.0860,-0.0101,-0.1353,-0.0999,0.1254,0.0161,0.0357,-0.0259,0.0057,-0.1730,-0.0361,-0.1655,-0.1514,0.0775,0.1299,-0.0325,-0.1207,0.2209,0.0275,-0.0569,0.0852
"319,007",-24.2780,-23.1243,0.1343,-0.0338,-0.2509,0.0310,-0.2170,0.1184,0.1445,0.0328,-0.0984,-0.2868,0.0465,0.0680,0.2324,-0.2280,-0.2682,0.1708,0.3965,0.1292,-0.0241,-0.3221,0.0612,-0.2164,0.0367,-0.0119,0.0420,-0.0206,0.2761,0.0057,0.4181,0.1117
"319,007a",20.5586,-33.0641,0.3976,-0.0383,-0.0194,-0.3070,-0.1254,-0.1553,0.4688,0.2016,0.0794,-0.7450,-0.4935,-1.0011,0.9288,-0.7925,0.4624,-0.2901,-0.0067,-0.4772,0.2924,-0.0198,-0.2755,0.0844,-0.0898,-0.2385,-0.0191,-0.0089,-0.1343,0.1436,-0.0112,-0.2238
"319,008",23.6694,6.9441,0.0888,0.1037,0.0811,0.0501,0.0297,-0.0114,-0.0123,0.0675,0.1242,-0.0171,-0.0455,-0.1822,-0.1069,0.1543,0.0005,0.0646,-0.1138,-0.0107,-0.1474,-0.0093,-0.0247,-0.0343,-0.0568,0.2005,0.0016,-0.1345,0.0972,0.1902,0.0123,0.1085
"323,005",-15.3953,-24.6077,-0.1121,0.0273,-0.0187,0.0037,-0.0319,0.0544,0.1428,0.2405,0.1184,-0.0312,0.0860,0.1923,-0.5249,-0.1626,1.2793,0.6744,0.6860,-0.0557,0.6030,-0.2712,0.6075,-0.1871,-0.0995,0.3420,-0.1477,-0.4619,-0.4833,-0.0678,-0.0874,-0.2512
"323,006",-16.7082,0.6542,-0.0639,-0.2537,0.1118,0.1247,0.0203,0.0704,0.0138,0.1093,-0.1776,-0.0080,0.1926,0.1204,0.0014,-0.0086,0.0049,-0.1265,0.0820,-0.2641,-0.0761,0.1088,-0.0358,-0.0472,-0.1493,-0.0480,0.2316,0.2400,-0.0314,0.1285,-0.6919,-0.3684
"323,015a",-16.6350,-0.1465,-0.1235,-0.0709,-0.0661,-0.1127,-0.0194,0.1459,0.0131,-0.0000,-0.0682,0.0780,0.2093,0.1493,0.0344,-0.1511,-0.1830,0.0267,0.1039,-0.0194,-0.3182,0.1146,-0.0047,-0.2807,-0.3048,-0.2767,0.1403,0.0303,-0.1981,0.1982,-0.4434,-0.5537
"323,022",2.0618,-18.0335,0.0738,-0.2185,-0.0011,-0.0906,-0.0177,-0.0079,0.1048,0.2457,-0.0852,-0.1936,0.0946,0.1092,0.0051,0.0896,-0.0508,-0.1095,-0.1233,0.0634,-0.1083,0.0367,0.3157,0.1103,-0.0211,-0.0649,-0.5171,-0.0869,0.0043,-0.1443,0.0192,-0.0142
"326,001",1.3215,15.3155,-0.0889,0.0118,0.0247,0.0041,0.1099,0.0166,-0.0372,-0.0269,0.0117,-0.0089,-0.0570,-0.1476,0.0679,-0.0014,-0.0544,0.0160,0.0575,0.1369,0.1083,0.0667,0.0289,0.0031,0.0322,-0.0425,0.0723,0.0462,-0.0459,-0.0444,-0.0242,-0.0600
"330,001a",-13.4621,-3.1911,-0.1768,-0.0767,-0.0194,-0.0690,0.3616,0.2281,0.1776,-0.1885,-0.1621,-0.1957,0.1055,0.1615,0.0563,0.1064,0.0039,-0.0498,-0.0296,0.0795,-0.2670,-0.0981,-0.2243,-0.2906,-0.0091,-0.1148,0.1459,-0.0603,-0.2076,0.1901,-0.1713,-0.3435
"332,002",-28.8387,28.6333,-0.2088,0.0568,-0.0951,0.1807,-0.2680,0.1868,-0.1378,-0.0509,-0.4419,-0.0876,0.2319,0.0623,0.1538,-0.2364,0.0797,-0.0782,-0.3227,0.0315,-0.0886,-0.0992,0.2274,-0.0233,0.1007,0.0795,-0.0852,-0.0530,-0.0324,0.0049,-0.1041,-0.0410
"335,001",-5.0520,-18.3347,0.0404,-0.1571,-0.0347,-0.2174,0.0553,0.0372,0.1874,0.2376,-0.0186,-0.1335,0.1366,0.1891,-0.0250,0.0500,0.0193,-0.1456,-0.0256,0.0326,0.0012,0.0512,-0.0043,0.2983,0.0911,-0.1501,-0.0785,-0.1049,0.1235,-0.0353,0.0952,-0.1224
"335,002",-32.3815,42.0161,-0.2239,0.0511,0.0333,0.2284,-0.1797,0.0052,-0.3625,0.1015,-1.0877,-0.1279,0.6393,-0.0519,0.3963,-0.0366,0.2368,-0.0583,-0.0209,-0.0622,-0.0818,-0.2491,-0.1485,0.2169,-0.0844,0.2134,0.0392,0.0625,-0.0116,0.0636,-0.1656,0.1864
"335,002a",8.0425,-2.6527,0.1088,-0.0346,0.0257,-0.0414,0.0689,-0.0791,-0.0280,0.2033,-0.0616,-0.1270,0.1122,-0.0549,-0.1353,0.2277,-0.0228,0.0136,-0.1602,-0.0971,0.1533,-0.1235,-0.0744,-0.1025,0.0553,-0.0288,-0.0531,-0.0571,0.1413,0.0785,-0.0176,-0.0180
"335,003",-26.2000,-0.5386,-0.0568,0.0106,-0.0961,0.0217,-0.0394,0.0706,0.0540,-0.0068,0.1126,-0.0900,-0.0020,0.1078,-0.1278,-0.1408,0.3651,0.2742,-0.2071,0.3012,-0.0489,0.1865,-0.2224,-0.0609,-0.0181,-0.1608,-0.0794,0.0823,0.1673,-0.0024,0.0033,0.1246
"335,004",8.5679,-4.1910,0.0524,-0.0038,-0.1050,-0.0168,-0.1669,0.1334,0.0568,0.0567,0.0144,-0.0366,0.0589,-0.0125,-0.0233,0.0476,-0.0275,-0.0404,-0.0355,0.1865,0.0406,-0.2963,-0.1707,-0.0047,0.0402,0.1033,0.1379,-0.0812,0.1526,0.0402,0.2131,0.0754
"335,005",-20.7653,-14.9144,-0.0472,-0.0073,-0.0588,-0.0399,0.1135,0.1252,0.1694,0.2124,0.1811,-0.0906,0.0697,0.1688,-0.4436,-0.2473,1.2408,0.8930,0.3067,0.3979,0.2763,0.0520,0.0822,-0.1764,-0.1083,0.0364,-0.1619,-0.3113,0.0424,0.0908,0.0309,0.1970
"335,006",-2.6207,-9.9922,-0.0378,-0.0523,-0.0003,-0.1178,0.0543,-0.0059,0.1124,0.1666,0.0548,-0.0943,0.0530,0.0933,-0.1303,0.0061,0.1955,-0.1543,0.1231,-0.0375,0.1362,0.0216,0.1537,0.2632,0.0518,-0.1367,-0.0555,-0.1983,-0.0504,-0.0589,-0.0647,-0.0452
"335,008",-6.4439,-3.3563,0.0436,-0.0708,-0.0811,-0.1011,-0.0560,0.1730,0.0952,0.0968,-0.0181,-0.1772,0.0756,0.1908,0.0375,-0.0162,0.0105,0.0256,0.0560,0.1470,-0.0851,0.1561,-0.0654,0.0312,-0.1289,-0.1327,-0.0135,0.0641,0.0913,-0.0968,-0.0254,0.0373
"335,009",4.2750,8.9980,-0.1666,0.0118,-0.0146,0.0327,0.0325,0.0131,-0.0761,0.1317,-0.0528,-0.0380,0.0686,-0.0903,-0.0499,0.0538,-0.0602,-0.0114,-0.0839,-0.0876,0.0014,0.0761,0.0352,0.1886,-0.4051,-0.1812,-0.2544,-0.2293,0.0831,0.2050,0.3627,-0.3578
"335,010",3.2422,0.2380,-0.0878,-0.0644,-0.0817,-0.0392,-0.0580,0.1405,0.1301,0.1835,-0.0426,-0.1151,0.1163,0.1938,0.0126,0.0350,-0.0624,-0.0241,-0.1479,-0.1245,-0.1104,0.1033,0.0896,0.2867,-0.2991,-0.0318,-0.1425,-0.1392,-0.0290,0.1164,0.2567,-0.3234
"335,012",-1.4916,-20.9245,0.0739,-0.0960,0.0008,-0.1960,0.0342,-0.0439,0.2439,0.2527,-0.0128,-0.2537,0.0758,0.0417,0.0831,-0.0506,0.1466,-0.2514,0.0005,-0.0404,0.0600,0.2831,0.1494,0.2382,0.0483,-0.1158,-0.2615,-0.2380,-0.0067,-0.0919,0.1537,-0.0049
"335,013",-14.9337,-26.4963,-0.0532,-0.0028,-0.0429,-0.0354,-0.0608,0.0774,0.2009,0.2836,0.1052,-0.1125,0.1449,0.2245,-0.5655,-0.0560,1.5344,0.9545,1.0068,-0.0901,0.6584,-0.3059,0.8574,-0.2825,-0.2776,0.5263,-0.1221,-0.6150,-0.7307,-0.2801,0.0037,-0.5130
"335,014",-8.0354,-8.7463,0.0317,-0.1320,-0.0103,-0.1516,-0.0219,0.0528,0.0965,0.1705,-0.0619,0.0047,0.1189,0.1852,0.0080,0.0073,0.0916,-0.0134,0.0523,-0.0485,-0.0744,-0.0070,0.0448,0.0855,0.0180,-0.0887,-0.0086,0.0335,0.0131,0.0554,0.0948,-0.0583
"335,014a",-12.2155,3.4899,-0.1091,-0.0601,0.0019,-0.0689,0.0846,-0.1129,0.0695,0.0879,-0.0185,-0.1173,0.0932,0.1561,-0.0168,-0.1155,-0.0256,-0.1133,0.1110,0.0578,0.0004,0.0807,0.0623,-0.0172,-0.0810,-0.0704,0.1563,0.0277,-0.0200,0.0499,-0.1245,-0.0029
"335,016",15.9073,-18.3170,0.1262,-0.1736,0.0384,-0.1664,0.1197,-0.0400,0.1581,0.4890,0.1100,-0.2982,0.1859,0.0333,-0.1899,0.2682,0.0542,-0.4147,-0.2960,0.5074,-0.2973,-0.3417,0.2676,-0.6982,-0.5535,-0.3146,-1.3407,0.9602,-0.6170,-0.8740,-0.2514,0.7289
"335,017",8.6357,-14.3873,0.0497,-0.1188,0.0048,-0.1905,0.1045,-0.0434,0.1930,0.3384,-0.0001,-0.0921,0.1794,0.0743,-0.1902,0.0758,0.0605,-0.3307,-0.1467,0.2281,-0.0623,-0.0973,-0.0555,-0.0314,-0.1611,-0.0746,-0.2726,0.1149,0.0315,-0.1851,-0.0215,0.0406
"335,018",27.1864,-11.9847,0.0541,0.0049,0.0348,-0.0496,0.0919,-0.0261,-0.0181,0.0971,0.0652,0.0671,0.1026,-0.1988,-0.0789,0.1028,-0.0420,-0.0733,-0.1336,0.3754,-0.0496,-0.2547,-0.2141,-0.2098,0.0848,0.1015,0.2784,-0.1275,0.1049,0.0302,-0.1078,-0.1862
"335,019",-21.1261,-8.4690,-0.0282,-0.1212,-0.0462,-0.1496,0.1093,0.0570,0.1937,0.3332,0.0048,-0.0680,0.1571,0.0927,-0.1418,-0.0425,-0.0182,-0.0855,-0.0360,-0.0088,0.0031,-0.1837,-0.1496,0.3859,-0.1535,0.1065,-0.1811,-0.0910,0.0469,0.5243,0.2384,-0.2886
"335,020",1.0948,8.6148,-0.0385,0.0057,-0.2277,0.0025,-0.2382,0.2477,0.1296,-0.0035,0.1150,-0.0628,0.0361,0.2064,0.0512,-0.0623,0.0255,0.0917,-0.0458,0.2515,-0.1495,0.0491,-0.3831,0.0302,-0.2934,-0.1115,0.0238,0.0859,-0.2574,-0.2175,0.2312,0.0793
"335,021",-6.0577,-8.9561,0.0043,-0.0654,-0.0436,-0.0880,-0.0179,0.0836,0.1193,0.1807,-0.0409,-0.1196,0.1171,0.1315,-0.0346,0.0006,-0.0346,-0.0171,0.0264,-0.0301,-0.0660,0.0936,0.0937,0.0518,-0.1216,-0.0929,-0.0910,0.0239,0.0230,0.0514,0.0197,-0.1075
"335,023",-18.7577,-1.8647,-0.1242,-0.0686,-0.0142,-0.0843,0.0334,0.0854,0.1325,0.2984,-0.0825,0.0404,0.1671,0.2273,-0.2010,-0.1796,0.1345,-0.0972,0.3047,-0.1786,-0.0420,0.0803,0.0081,0.3508,0.0728,-0.2735,-0.0655,0.2423,0.2476,0.2593,-0.0646,-0.1592
"335,024",16.5080,11.2147,0.0584,0.0084,-0.1037,-0.0161,-0.0958,0.1271,0.1519,0.1055,0.0545,-0.1033,0.0324,0.0383,-0.0392,0.1500,-0.0827,0.2336,-0.4111,-0.0897,-0.0933,0.0825,-0.1016,0.2234,-0.1712,0.2436,-0.0165,-0.2114,0.0340,0.3003,0.2545,0.0086
"335,025",-17.9281,-8.4442,0.0481,-0.1020,-0.0665,-0.1624,0.0599,0.0699,0.2137,0.2984,-0.0170,-0.0912,0.1304,0.1518,-0.1427,0.0898,-0.0811,0.0163,-0.2160,-0.1267,0.1310,-0.1355,-0.1159,0.4037,-0.0817,0.1936,-0.1094,-0.1178,0.0871,0.5196,0.2743,-0.1631
"335,026",0.5038,-15.9380,0.0384,-0.1548,-0.0708,-0.1338,0.0025,0.0906,0.1969,0.2676,-0.0893,-0.2040,0.1698,0.1530,0.0092,0.0526,-0.0527,-0.0289,-0.1696,-0.0152,0.0005,0.0378,0.0966,0.2359,-0.1824,0.0184,-0.2564,-0.1459,0.0625,-0.0139,0.1655,-0.0545
"335,026a",6.5619,1.1051,0.1114,-0.1295,-0.1269,-0.1352,-0.0129,0.0929,0.1769,0.2579,-0.0447,-0.2283,0.1294,0.0460,0.0751,0.0381,-0.0341,0.0286,-0.1363,-0.0760,-0.1297,0.0880,0.0066,0.2618,-0.3549,0.0155,-0.1509,-0.1046,0.0530,0.3321,0.1938,-0.3090
"335,027",-2.9316,-10.6862,0.0542,-0.1282,-0.0432,-0.1002,-0.0243,0.0357,0.0740,0.1066,-0.0395,-0.0939,0.0739,0.0880,0.0094,0.0294,-0.0321,-0.0044,-0.0151,-0.0232,-0.0176,0.0140,0.0761,0.0478,-0.0343,-0.0210,-0.0917,0.0022,0.0056,-0.0450,0.0162,-0.0323
"335,028",-4.3636,34.8296,-0.0538,-0.0552,-0.1032,-0.0544,-0.0816,0.0372,0.1302,0.1553,0.1371,-0.0546,0.1122,0.1864,-0.1413,-0.0477,0.1003,-0.1296,-0.0982,0.4381,-0.1706,-0.2314,-0.5241,-0.1282,-0.3962,-0.0857,-0.0575,0.4382,-0.7785,-0.2551,0.4663,0.1256
"335,029",5.1903,3.7865,-0.0086,-0.0931,-0.0633,-0.1121,-0.0172,0.0856,0.1967,0.3001,-0.0615,-0.1624,0.1511,0.2028,-0.0420,0.2285,-0.0636,-0.0377,-0.1891,-0.2453,0.0216,0.0600,-0.0489,0.4719,-0.3204,-0.0856,-0.2751,-0.1381,0.0103,0.2287,0.3750,-0.4864
"335,030",2.2364,-16.8602,-0.0007,-0.0875,-0.0089,-0.1542,0.0219,0.0190,0.1825,0.2850,-0.0111,-0.0807,0.1290,0.1075,-0.1261,0.0759,0.0203,-0.1931,-0.0137,-0.0822,-0.0668,0.0576,0.1486,0.2025,-0.1502,-0.0927,-0.4070,0.2096,0.1019,-0.1126,0.1581,0.0397
"335,031",-4.7454,37.7756,-0.0817,-0.0838,-0.0034,-0.1203,0.1082,-0.2293,0.2036,0.3234,0.2609,0.0131,0.2215,0.1207,-0.3012,-0.0440,0.0189,-0.5125,-0.1282,0.7177,-0.2043,-0.7109,-0.7550,-0.3252,-0.5846,0.1164,-0.0264,0.8743,-1.5704,-0.3502,0.7471,0.2604
"335,032",3.2591,-6.5105,-0.0274,-0.0836,-0.0502,-0.0687,-0.0096,0.0822,0.0899,0.1556,-0.0851,-0.1726,0.1220,0.0610,-0.0059,0.0342,-0.1624,0.0338,-0.0993,-0.0314,-0.1009,0.0710,0.1744,0.0959,-0.2443,-0.0072,-0.2592,-0.1037,0.0148,0.1604,0.0865,-0.1636
"335,033",1.5971,1.3532,-0.0157,-0.0603,-0.1613,-0.0299,-0.0245,0.1771,0.1338,0.1054,0.0239,-0.1202,0.0472,0.1264,-0.0157,-0.0209,-0.0787,0.2921,-0.2063,0.1160,-0.0116,0.0918,-0.1245,0.1134,-0.1526,-0.0493,-0.0567,-0.0601,0.1792,0.1161,0.1140,-0.0147
"335,034",-4.2879,-14.7253,-0.0204,-0.1476,-0.0326,-0.0794,-0.0137,0.0167,0.0284,0.3035,-0.3826,-0.2418,0.3415,0.1530,0.1493,0.0112,0.0072,0.0361,-0.1142,0.0475,-0.0913,-0.0472,0.1485,0.0982,-0.1369,0.0341,-0.2631,-0.0254,0.0515,-0.0704,0.1156,0.0295
"335,036a",-33.1834,24.9324,-0.0876,0.0941,-0.0923,0.1212,-0.2887,0.0793,0.1208,-0.1160,0.0793,-0.0093,0.0031,0.2418,0.0038,-0.2766,0.0022,-0.1113,-0.3628,-0.0281,-0.0123,-0.0873,0.2806,-0.1190,0.1047,0.0544,0.0597,-0.0138,0.0116,0.1339,-0.0152,-0.1012
"335,037",16.5593,-16.3815,0.0809,-0.1622,0.0306,-0.2128,0.1589,-0.1166,0.2194,0.5523,0.1478,-0.3184,0.2460,0.1054,-0.2808,0.2371,0.0453,-0.5798,-0.2922,0.6005,-0.3646,-0.5253,0.1723,-0.7508,-0.7536,-0.3151,-1.5111,1.2376,-0.9661,-1.0606,-0.0782,0.8674
"335,038",-6.0395,-8.2109,0.0296,-0.0655,-0.0648,-0.1101,-0.0106,0.0808,0.0867,0.1554,0.0362,-0.1593,0.0262,0.1621,-0.0562,0.0519,0.0429,-0.0177,0.0773,-0.1422,-0.0425,-0.0218,0.0836,0.1848,-0.0948,0.1169,0.1090,0.0527,0.1194,-0.0710,0.2262,-0.2230
"335,039",-3.5820,-1.6292,-0.0209,-0.0510,-0.0387,-0.0948,-0.0198,0.0575,0.0785,0.1387,0.0373,-0.0232,0.0480,0.0189,-0.0271,-0.0409,-0.0413,-0.0239,0.0101,0.0099,0.0003,0.1644,-0.0296,0.0221,0.0633,-0.0392,-0.0622,0.0166,0.0237,-0.0880,-0.0149,-0.1112
"335,040",-9.5386,-1.3857,-0.0282,-0.0459,-0.1457,-0.0163,-0.0741,0.1992,0.1596,0.0938,0.0252,-0.1001,0.0457,0.1978,0.0906,-0.0104,-0.0553,0.0375,0.0689,0.0074,-0.1975,-0.0090,-0.0775,-0.0141,-0.0198,-0.0223,0.1416,-0.0735,-0.1424,0.0326,-0.0329,-0.2896
"335,041",-43.8613,26.8299,-0.2689,0.1131,-0.2836,0.2831,-0.5730,0.5075,-0.0052,-0.1832,0.0522,0.0183,-0.0567,0.3180,-0.1003,-0.5773,0.2854,-0.2234,-0.9008,-0.0253,0.0012,-0.0740,0.4630,-0.2238,0.3231,0.0777,-0.0731,0.0188,-0.0515,-0.0180,0.0117,-0.1904
"335,042",1.5709,-2.3289,0.0080,-0.0694,-0.0100,-0.0894,0.0623,0.0005,0.0486,0.1085,-0.0146,-0.0472,0.0428,0.0437,-0.0355,0.0212,0.0336,-0.0628,0.0100,0.0259,0.0204,-0.0121,-0.0145,-0.0175,0.0017,-0.0104,0.0200,-0.0133,0.0179,0.0098,-0.0088,-0.0206
"335,043",7.7687,5.0775,0.0366,-0.0794,-0.1631,-0.0891,-0.0028,0.1266,0.2604,0.1775,-0.0015,-0.1775,0.1124,0.2516,-0.0721,0.1844,-0.0303,0.3607,-0.3673,-0.0860,0.0545,0.1139,-0.3455,0.3061,-0.2348,-0.0174,0.0093,-0.0796,0.2456,0.2758,0.2201,-0.0340
"335,044",20.7348,13.7229,0.1003,-0.0160,-0.0894,-0.0712,-0.0286,0.1435,0.2042,0.1600,0.0590,-0.2015,0.0123,-0.0665,0.0181,0.0934,-0.0789,0.1637,-0.1945,-0.1460,-0.1657,0.1484,0.0401,0.1753,-0.3084,0.2829,-0.1714,-0.2327,-0.0414,0.3629,0.2445,0.0106
"335,045",-2.2207,-20.8345,-0.0045,-0.0822,-0.0182,-0.1432,0.0444,0.0383,0.1481,0.2191,-0.0587,-0.1322,0.0672,0.0742,-0.0782,0.0748,0.0187,-0.1714,-0.0603,0.0086,0.0613,0.1612,0.1493,0.3616,0.0081,0.0047,-0.2171,-0.1243,0.1180,-0.1186,0.1744,-0.0645
"335,046",3.6114,-11.1403,0.0252,-0.1615,-0.0129,-0.1280,0.0153,0.0382,0.1419,0.1990,-0.0177,-0.1971,0.1355,0.0497,-0.0283,0.0332,-0.1218,-0.0004,-0.2244,-0.0620,0.0086,0.1399,0.2131,0.1707,-0.2659,0.0922,-0.2633,-0.2380,0.0227,0.1032,0.1752,0.0856
"335,047",12.1175,-7.1506,0.0322,-0.0921,0.0042,-0.1469,0.1468,0.0113,0.1035,0.2317,0.1348,-0.0756,0.1140,0.0086,-0.1970,0.0940,0.0390,-0.0568,-0.2289,0.3327,-0.1448,-0.2074,-0.2957,-0.1468,-0.1685,-0.0595,0.1619,0.0083,0.2119,0.1049,-0.0114,0.0589
"335,048",-18.1097,4.2997,-0.2001,-0.0134,-0.0307,0.1756,-0.2183,0.1367,-0.1569,0.1195,-0.7658,-0.1388,0.5249,0.1211,0.2178,-0.0400,0.1591,-0.1679,-0.0099,-0.1874,-0.1563,0.0310,-0.1101,-0.0119,-0.0635,0.1067,0.1674,0.2234,-0.0722,0.2553,-0.6591,-0.4295
"335,050",-9.1011,13.0564,-0.1662,-0.0430,0.0300,0.0737,-0.0159,0.0174,-0.0554,0.1331,-0.1835,-0.0129,0.1755,-0.0257,-0.0416,-0.0385,0.0883,-0.1800,0.0846,0.0095,0.0906,0.0301,0.0821,0.1582,-0.1032,-0.1593,0.0058,-0.0112,0.0934,0.0113,0.0059,0.0460
"335,051",3.9102,-17.3596,0.1139,-0.1634,-0.0402,-0.1204,0.0027,-0.0668,0.1690,0.2567,-0.0444,-0.2392,0.1469,0.0940,-0.0345,0.0603,0.0074,-0.0376,-0.0949,0.0892,-0.0273,-0.0212,0.1619,-0.0951,-0.0648,-0.0724,-0.3867,0.0737,0.0633,-0.1617,-0.0035,0.0143
"335,051a",14.9518,3.3351,0.2047,-0.0512,-0.1667,-0.1527,0.0514,-0.0174,-0.0381,0.0156,0.0291,0.0979,0.0143,-0.2168,-0.0102,0.0992,0.0369,-0.0315,-0.0660,-0.0272,-0.0220,0.1058,0.0937,-0.1320,0.0674,0.0399,0.2511,0.1237,0.0286,0.0854,-0.2071,0.0784
"335,052",-0.4469,-18.3933,0.0239,-0.1170,-0.0476,-0.1331,0.0539,0.0003,0.1712,0.3100,-0.2420,-0.2193,0.2704,0.1215,-0.0029,0.0622,-0.0653,-0.0898,-0.2083,0.0094,0.2142,0.0208,-0.0098,0.1551,0.0391,0.0884,-0.1337,-0.2016,0.1155,0.0448,0.2125,0.1058
"335,053",-3.6337,-14.8804,0.0812,-0.1511,-0.0083,-0.1612,0.0258,0.0131,0.2139,0.3049,-0.0240,-0.1909,0.1489,0.1537,-0.0495,0.0433,0.0743,-0.0859,-0.0138,-0.0562,-0.0805,0.0208,0.0882,0.0384,-0.0774,-0.1032,-0.1713,0.0680,0.0593,-0.0238,0.0425,-0.1172
"335,054",2.7617,-2.7477,0.0045,-0.0830,-0.0630,-0.1318,0.0884,0.0969,0.1806,0.1860,0.1161,-0.0778,0.1216,0.1094,-0.1455,0.0751,0.1267,0.1355,-0.2982,0.3917,-0.2014,0.0252,-0.5476,0.1064,-0.2209,-0.2268,0.2623,0.0447,0.4229,0.1294,0.0248,0.1218
"335,054a",16.1118,-22.9860,-0.0021,-0.0042,-0.0548,-0.0791,-0.1067,0.2280,0.1407,-0.0517,-0.2851,-0.3771,0.1762,0.1862,0.0096,0.3761,0.1823,-1.0521,0.7986,-0.1845,0.1435,2.0160,-0.5982,-1.6104,1.0711,0.5869,-0.0513,-0.1118,-0.2254,0.6017,0.9932,0.2977
"335,055a",-23.7580,-8.5493,0.0188,-0.2024,-0.0082,-0.1963,0.0893,0.0178,0.1439,0.3665,-0.0924,-0.1437,0.2037,0.2317,-0.1313,-0.0042,0.0017,-0.2420,-0.0362,0.0321,0.0709,-0.1979,-0.0160,0.4982,-0.0339,0.1188,-0.2150,-0.0827,0.1648,0.4975,0.0859,-0.1607
"335,056",-30.1584,1.5399,0.0556,0.0242,-0.2334,0.0380,-0.1237,0.2505,0.2135,-0.0668,0.1381,-0.1780,-0.0924,-0.0490,0.0523,-0.0992,0.4404,0.5715,-0.3049,0.3786,-0.2205,0.3832,-0.6048,0.2095,-0.1783,-0.2542,0.1372,0.1138,0.2768,0.0283,0.0040,0.2561
"335,057",-9.5580,-7.8749,-0.0313,-0.0864,-0.0310,-0.1075,0.0449,0.0486,0.1275,0.2263,-0.0283,-0.0895,0.1338,0.1559,-0.0706,-0.0136,0.0641,-0.0289,0.0190,-0.0466,-0.0468,0.0553,0.0070,0.0197,-0.0489,-0.0784,-0.0818,0.0607,0.0184,0.0152,0.0069,-0.0559
"335,058",12.6600,-13.1702,0.1245,-0.1374,-0.0199,-0.2370,0.0665,-0.0151,0.1751,0.2592,-0.0236,-0.0850,0.0502,-0.0219,-0.1612,0.0735,0.0025,-0.3083,-0.1961,0.2382,-0.0093,-0.1315,-0.0089,-0.0366,-0.1102,0.0420,-0.1097,-0.1513,0.1128,-0.1517,-0.0413,0.0379
"335,059",-16.2559,49.5638,-0.1001,0.0243,0.0326,0.0053,0.0422,-0.0810,0.1244,0.0583,-0.1237,-0.0160,0.0981,0.0734,-0.1571,0.1553,-0.3511,0.5323,-0.2312,-0.4084,0.8194,-0.0512,-0.1757,-0.1787,0.2012,-0.0190,0.0398,0.1740,-0.1094,-0.1447,-0.0942,0.0741
"335,060",9.6298,-6.4432,0.0381,-0.1888,0.0350,-0.1330,0.1462,0.0167,0.0959,0.2785,0.0793,-0.0754,0.1248,0.0377,-0.1421,0.0793,-0.0455,-0.0829,-0.2010,0.2023,-0.0846,-0.2103,-0.1890,-0.2266,-0.1447,-0.0524,0.0890,0.0178,0.0940,0.0584,-0.0293,-0.0562
"335,060a",-6.4982,36.8664,-0.1301,-0.1930,0.0904,-0.0339,0.2067,-0.1785,0.1033,0.2245,0.2134,0.0686,0.1264,0.0213,-0.2457,-0.1160,-0.0174,-0.3799,-0.0321,0.3818,-0.0304,-0.4974,-0.4198,-0.0857,-0.3287,0.2041,0.3783,0.2953,-0.8634,-0.0050,0.4701,0.0821
"335,061",39.6727,-4.4157,0.0351,0.0245,0.0198,-0.0568,-0.0643,0.0976,-0.0502,0.0280,0.1101,-0.1413,-0.0289,0.2719,-0.0531,0.0985,0.1129,-0.0324,0.1210,-0.5652,-0.3357,-0.2555,0.2089,0.1192,0.0487,0.2495,0.2689,0.6455,0.5272,-0.4469,0.5041,-0.3754
"335,062",3.7225,-7.9810,0.0283,-0.0981,-0.0159,-0.0886,0.0419,-0.0003,0.1448,0.2080,0.0140,-0.1545,0.1037,0.0566,-0.0612,0.0987,-0.0675,0.0116,-0.1427,-0.0957,-0.1046,0.0586,0.1019,0.0209,-0.1902,0.0159,-0.1471,-0.0462,0.0292,0.0655,0.0552,0.0219
"335,063",-23.8927,-4.2341,-0.0546,-0.0730,-0.0681,-0.1082,0.1939,0.1605,0.2200,0.0975,0.0759,-0.1309,0.0758,0.1279,-0.1289,-0.0733,0.4588,0.3317,-0.0282,0.2391,-0.0539,0.0818,-0.1439,0.0416,-0.1558,0.0274,-0.1280,-0.0881,0.0468,0.0961,0.0931,0.0744
"335,064",-10.6784,-16.6066,-0.0132,-0.1219,-0.1578,-0.1531,-0.1380,0.1494,0.0671,-0.0187,-0.0644,-0.0772,0.1218,0.2058,0.1053,-0.1047,-0.3283,0.0953,0.2392,0.1811,0.0017,0.0484,0.2775,0.0709,-0.0041,-0.1512,-0.2620,0.0836,0.1100,0.0439,0.1268,-0.0549
"335,065",9.0937,5.6217,0.0231,-0.0721,-0.1084,-0.0941,-0.0224,0.1246,0.1717,0.2139,-0.0064,-0.1807,0.0821,-0.0313,0.0281,-0.0021,-0.1179,0.0986,-0.1491,-0.0770,-0.0935,0.0625,0.0207,0.2851,-0.3524,0.0813,-0.2351,-0.2173,-0.0229,0.3980,0.3438,-0.2547
"335,066",3.1644,-19.0819,0.0429,-0.1688,-0.0300,-0.2280,0.0985,0.0020,0.2588,0.3961,-0.0135,-0.2109,0.2215,0.1655,-0.1071,0.0572,0.0083,-0.2787,-0.1559,0.1154,-0.0190,-0.0399,0.0924,0.2582,-0.1453,-0.0336,-0.4552,-0.0311,0.0538,-0.1284,0.1091,0.0167
"335,068",-2.1728,-22.8306,0.0802,-0.0613,0.0715,-0.1901,-0.0268,-0.2530,0.2203,0.1402,-0.4956,0.2390,-0.5826,0.3841,-0.3212,-0.1114,0.1530,-0.0194,0.1050,-0.0378,-0.1533,0.0622,-0.1910,0.0914,0.0231,-0.1080,-0.0544,0.0270,0.0400,0.0691,-0.1377,-0.1256
"335,069",-0.4631,-14.7497,0.0287,-0.1380,-0.0488,-0.1278,-0.0116,0.0402,0.0318,0.2407,-0.1450,-0.1977,0.1960,0.1535,-0.0070,-0.0379,0.0314,-0.1447,-0.1635,0.1266,-0.0692,-0.0561,0.1448,-0.0189,-0.0233,-0.0116,-0.1799,0.0327,0.1213,-0.0469,-0.0244,-0.0155
"335,069a",-5.7084,-3.5830,-0.0093,-0.1478,-0.0632,-0.0630,-0.0415,0.1158,0.1486,0.2683,-0.1943,-0.1831,0.2621,0.1857,0.0227,0.0461,-0.0206,-0.0267,-0.0483,-0.0728,-0.1698,0.0393,-0.0401,0.2602,-0.2041,0.0731,-0.0082,-0.0610,0.0658,0.4128,-0.0927,-0.3244
"339,003",1.5655,-6.4144,0.0115,-0.0129,0.0125,-0.0313,-0.0385,-0.2266,0.1838,0.1226,0.0152,-0.0637,0.1260,0.0978,-0.0416,0.1118,0.1226,0.1948,-0.0623,-0.1744,-0.1922,-0.0131,0.0325,0.0328,0.0085,0.0041,0.0294,-0.0654,-0.0235,-0.0086,0.2105,-0.3001
"340,001",-35.4741,9.1875,-0.2522,0.0023,0.0474,-0.0215,0.2601,-0.0674,0.0426,0.2744,0.2065,0.2263,0.0592,-0.0183,-0.2729,-0.2650,-0.0705,-0.3146,0.1918,0.2639,0.2013,-0.5048,-0.1887,0.3130,-0.0071,0.4890,0.2774,0.2799,-0.6309,0.4789,0.2567,0.1102
"341,001",34.3946,10.5020,0.5592,0.1711,0.3277,0.2080,0.1179,0.0058,0.0907,-0.0134,-0.1620,0.1163,-0.1362,0.0963,-0.0668,-0.0806,-0.0447,0.0298,-0.0545,0.2551,0.0595,0.0515,-0.0476,0.0126,0.0634,-0.0139,-0.0145,0.0631,0.0545,0.0887,-0.0203,-0.0550
"341,001a",1.2456,11.7511,0.0088,0.0515,-0.0368,-0.0084,-0.1298,0.0617,0.0000,-0.0909,0.0888,-0.1583,-0.1926,-0.0532,0.0939,-0.1250,0.0826,-0.0810,0.0241,0.0734,0.0838,0.0894,-0.1697,0.1400,-0.0433,-0.1309,0.2087,0.0114,-0.0240,-0.1842,-0.2149,0.0314
"342b,001",5.2824,-37.6775,0.2098,-0.2583,0.0254,-0.5055,-0.0885,0.0340,-0.0974,-0.2162,-0.0474,0.3106,0.1027,0.0053,0.0375,-0.0210,0.0547,0.0325,-0.0421,-0.0023,-0.0034,0.0083,-0.0410,0.0544,-0.0102,-0.0170,0.0207,0.0702,-0.0262,0.0276,0.0978,0.0165
"343,001",-18.7851,20.7232,-0.2609,0.0739,0.0578,0.0583,0.1512,-0.1367,-0.0579,0.1050,0.1653,0.2704,-0.0513,-0.0925,-0.0024,-0.0788,-0.0819,-0.0772,0.0072,0.0468,0.0946,-0.0672,0.0038,-0.0154,0.0860,0.0808,0.0490,0.0750,0.0081,0.0755,-0.0799,-0.0864
"346,001",14.2716,11.2286,0.0893,0.0178,-0.0723,-0.0542,-0.0820,0.1073,0.1159,-0.0447,0.0682,-0.1604,-0.1794,-0.4210,0.2397,-0.1793,-0.1530,0.2443,-0.1050,-0.0090,-0.0498,0.1491,0.0787,0.0869,-0.1551,0.1196,-0.0019,-0.0011,-0.2172,0.2368,0.1091,-0.0167
"350,001",-28.1926,15.0819,-0.1301,-0.0519,-0.0220,-0.0969,0.1183,-0.1072,0.1326,0.0561,0.0898,-0.1151,0.0676,0.1250,-0.0488,-0.2252,-0.1547,-0.1526,0.1308,0.1605,0.0989,0.1330,0.3521,0.0048,-0.1461,-0.0289,0.4362,-0.3239,0.0176,-0.1779,-0.0870,0.3723
"353,001",-8.6040,-13.5556,-0.1195,-0.0475,0.0083,-0.0545,0.0904,-0.0241,0.0561,0.2770,-0.1159,-0.0666,0.2151,0.0912,-0.0254,-0.0887,0.1365,-0.0194,0.0639,-0.0490,-0.1114,0.1470,-0.0373,0.0888,-0.0571,-0.0454,-0.0989,-0.0641,0.0578,-0.0545,0.2684,-0.2563
"353,002",-33.2975,1.1148,-0.0690,-0.0293,-0.1799,-0.0440,0.0082,0.2804,0.2467,-0.0678,0.1103,-0.1033,0.0459,0.2909,-0.1420,0.0206,0.4831,0.6305,-0.4497,0.5170,-0.3000,0.5348,-1.0685,0.4226,-0.3260,-0.5698,0.3682,0.3053,0.7521,0.0367,0.0286,0.3969
"357,001",2.3409,-9.7066,0.1481,-0.0575,-0.1682,-0.0413,0.0489,0.0022,0.1016,0.1898,0.0610,-0.1443,0.0410,-0.0048,-0.0144,0.0263,0.0237,0.0311,-0.1214,-0.0444,-0.0753,0.1001,-0.0516,0.0319,-0.0952,-0.0037,-0.0496,-0.0813,0.0377,0.0552,0.1664,-0.1156
"362,002",-13.2545,10.1292,-0.1223,-0.0750,0.0649,0.0164,0.1965,0.0048,0.0813,-0.0552,0.0203,0.0717,-0.0376,-0.0282,-0.0924,0.0363,-0.0255,-0.0753,0.0390,-0.0197,0.0399,-0.1348,-0.0015,0.0139,0.0003,-0.0505,0.0248,0.0807,0.1343,-0.0238,0.0310,0.0375
"362,003",-20.9240,15.1809,-0.1729,0.0066,0.0396,0.0238,0.1076,-0.1119,0.0621,0.0726,0.0994,0.0569,-0.0220,0.0099,-0.1176,-0.1670,-0.0843,-0.0718,-0.0092,-0.1277,-0.0722,0.0126,0.2200,-0.0168,-0.1309,0.0024,0.1015,-0.0844,0.1504,-0.1073,-0.0470,0.1630
"364,012",-5.5462,21.1825,-0.0856,0.0457,0.0547,0.0528,0.0920,-0.0917,-0.0693,0.0753,0.0218,0.1104,-0.0200,-0.1778,-0.0959,0.0153,0.0813,0.0007,-0.0379,-0.0562,-0.0184,-0.0965,0.0984,-0.1481,-0.1193,0.0186,0.0497,-0.0199,0.1312,0.1932,-0.0438,0.2588
"364,019",-43.1176,-11.9388,-0.3214,-0.0429,-0.0268,-0.0149,0.6671,0.4049,0.3901,-0.6061,-0.1219,-0.2392,-0.0623,0.1491,0.1555,0.3484,0.0620,0.2043,-0.1855,-0.0907,-0.1163,-0.0190,-0.2795,0.1319,-0.1405,-0.0720,0.0781,-0.0475,-0.1004,-0.0077,0.0523,-0.0213
"364,0036",30.8435,-36.1093,0.0922,-0.0757,0.2016,-0.4681,0.1745,-0.2384,-1.6254,-0.1606,0.2867,-0.9869,-0.5275,0.6575,-0.0063,-0.1209,0.0417,-0.0216,-0.0437,-0.0760,0.0171,-0.0518,-0.2047,0.0911,0.0102,0.0642,-0.0082,-0.0683,-0.0748,0.1398,-0.1220,0.0282
"364,044",1.3110,17.8807,-0.1526,0.0351,0.0400,0.0397,0.1267,-0.0175,-0.0282,0.0355,0.0444,0.0955,-0.1051,-0.1110,-0.0841,-0.0684,-0.1311,0.0021,0.1286,0.0473,0.1688,0.0969,0.1201,0.0977,0.1463,-0.0096,0.0614,0.3479,0.0996,-0.0520,0.1241,0.0126
"365,001",-6.6723,-7.8744,0.1027,-0.0236,-0.0882,-0.0235,-0.2032,0.1688,0.1771,0.0753,0.0181,-0.1503,0.0811,0.1996,-0.0248,0.0578,0.1001,-0.1020,0.0401,-0.1555,-0.1258,0.0482,0.0115,0.1468,-0.0374,-0.0035,0.1224,0.0866,-0.0069,-0.1696,0.1712,-0.2473
"366,025",30.6834,-34.5736,-0.0645,0.0358,0.1670,-0.1786,0.1279,-0.1909,-1.5568,-0.1445,0.1852,-0.9903,-0.5314,0.5142,-0.0046,-0.1222,0.0092,0.0652,0.0387,0.0397,0.0866,-0.0159,-0.1299,0.1344,-0.0056,-0.0307,-0.0219,0.0157,-0.0927,0.1086,-0.0561,0.0190
"367,002",-21.6703,-6.3651,0.0143,-0.0927,-0.0636,-0.1706,0.1159,-0.0677,0.0157,0.1622,0.0275,0.1030,0.1064,0.1172,-0.2388,-0.1106,0.0726,-0.2084,-0.0418,0.1096,0.1352,-0.1136,-0.1330,0.1600,0.0579,0.0140,0.0977,-0.0547,0.2337,0.3123,0.0004,-0.0698
"369,001",-11.6322,-0.2256,-0.0934,-0.0344,-0.0107,-0.0424,0.0681,0.0676,0.0822,0.1917,-0.0589,-0.0277,0.0736,0.1358,0.0354,-0.0201,0.0417,-0.0009,0.0211,-0.0620,-0.0695,0.1352,0.0040,0.0109,-0.0193,-0.0652,0.1586,0.0311,0.0150,-0.0948,-0.1107,-0.0893
"370,012",2.5575,18.9759,-0.1645,0.0056,0.0179,-0.0168,0.1731,0.0152,-0.0168,0.0640,0.0671,-0.0141,-0.0540,-0.0718,-0.1052,-0.0911,-0.0847,0.0560,0.0672,0.0885,0.1703,0.2811,0.2836,0.1032,0.0251,-0.1146,0.0934,0.2182,-0.0721,-0.1250,0.0686,0.0544
"375,001",-17.5312,23.6841,-0.2744,0.0514,0.0564,0.0968,0.1601,-0.0684,-0.0897,0.1687,0.1083,0.2077,-0.0014,-0.1134,-0.1298,-0.1710,-0.0919,-0.0475,-0.0142,-0.0381,-0.0787,-0.0854,-0.0639,-0.0546,-0.0824,0.0395,-0.0196,-0.0119,-0.0796,0.0839,0.1391,-0.0421
"375,002",-0.7057,-10.5594,-0.0589,-0.0749,0.0221,-0.1359,0.1181,-0.1294,0.0958,0.2191,0.0701,-0.1407,0.1066,0.0816,-0.0615,-0.0445,-0.0456,-0.2212,-0.0313,0.0552,-0.0257,0.0622,0.1167,-0.0191,-0.0868,-0.0499,-0.2688,-0.1178,0.0362,-0.1206,-0.1131,0.0335
"375,003",-8.0678,22.0632,-0.1739,0.0852,-0.0667,0.1035,-0.0473,0.1339,0.0204,0.0108,0.1602,0.1135,-0.0845,-0.0286,-0.0016,-0.1192,-0.1592,0.1401,-0.0169,-0.1028,-0.0915,0.1068,-0.1368,0.0665,0.0310,0.1069,-0.0196,-0.1022,-0.1460,-0.1364,0.0241,0.0603
"375,004",20.6397,26.5494,-0.2611,0.1029,0.0112,0.1302,0.0465,-0.0258,-0.0688,0.1051,0.1080,0.3410,-0.2310,-0.0262,0.0508,-0.1025,0.0121,0.0236,-0.3165,-0.4178,-0.1318,0.0567,0.1933,-0.1817,-0.1667,0.0489,-0.0579,-0.0489,-0.0128,0.3888,-0.0612,0.3585
"375,005",14.4935,32.3827,-0.1088,0.1726,0.1226,0.1403,0.0411,-0.1106,-0.3079,0.0084,-0.0322,0.1628,-0.0326,-0.4123,-0.1154,0.3005,0.0451,0.0401,-0.0399,-0.0172,-0.0585,-0.0415,0.1130,-0.1947,-0.0795,-0.3723,-0.2160,-0.1937,0.0402,-0.0612,0.2959,-0.3849
"375,006",-15.3343,20.2301,-0.2213,0.0296,0.0818,0.0652,0.1857,-0.1193,-0.0802,0.1478,0.1742,0.1917,-0.0420,-0.1831,-0.1829,-0.0732,-0.0893,-0.0823,-0.0409,0.0097,-0.0081,-0.1154,0.0392,-0.1374,-0.1141,0.0141,-0.0093,-0.0379,0.0767,0.1684,0.0483,0.0309
"375,007",-13.1410,21.9891,-0.2461,0.0580,-0.0053,0.0907,0.0251,0.0809,-0.0885,-0.0384,0.0278,0.0855,-0.0220,-0.0319,-0.0768,-0.1927,-0.0097,-0.0899,-0.2508,-0.0234,0.0494,0.0112,0.2277,-0.1336,0.0066,-0.1525,0.0443,-0.1203,-0.0558,-0.0769,0.0504,-0.1724
"375,008",-23.6508,25.4762,-0.0371,-0.2144,-0.0825,0.0884,-0.1065,0.1089,-0.0388,0.0760,-0.3746,-0.1074,0.2395,0.1101,0.1922,-0.0577,-0.0555,0.1151,0.0173,0.1005,-0.0797,-0.0117,-0.0038,0.1089,0.0009,0.0245,-0.0386,0.0043,0.0608,-0.0324,0.0109,0.0736
"375,009",-11.1888,27.2233,-0.3148,0.1014,0.0614,0.1502,0.1534,-0.0306,-0.1176,0.1504,0.1871,0.3512,-0.1406,-0.1003,-0.0791,-0.1653,0.0438,-0.0431,-0.1148,-0.2266,-0.0648,-0.0720,0.0826,-0.2694,-0.1514,-0.0233,-0.1200,-0.0785,0.0628,0.2444,-0.0474,0.1110
"375,010",16.3272,24.7914,-0.1417,0.0879,-0.0023,0.0942,0.0687,-0.0247,-0.0233,-0.0519,0.0276,0.1438,-0.1956,-0.2072,-0.0519,-0.0504,-0.0840,0.1400,-0.0897,-0.1650,-0.0265,0.2813,0.2585,0.0130,-0.1544,-0.0354,0.0928,0.1720,-0.1013,0.2419,-0.0319,0.4377
"375,011",-3.7239,14.3692,-0.1081,0.0203,-0.0319,-0.0164,-0.0115,0.0554,0.0370,-0.0064,0.0755,0.0116,-0.0356,-0.0341,-0.0482,-0.0659,-0.1477,-0.0170,0.0681,-0.0370,0.0715,0.1431,0.1445,0.1066,0.0021,-0.0132,-0.0597,-0.0231,-0.0349,-0.0956,-0.0901,0.1077
"375,012",35.6373,3.2805,0.2763,0.1319,0.0986,0.0801,-0.0723,0.0696,0.0592,0.0246,0.1236,-0.1264,-0.0023,-0.0800,-0.0291,0.2474,0.0362,0.1731,0.0675,-0.3080,-0.3146,-0.0219,0.1917,0.0225,0.0126,0.3141,0.2969,0.0753,-0.0240,-0.3311,-0.0563,0.0276
"375,013",14.2660,18.0704,-0.0209,0.0884,-0.2009,0.1141,-0.2073,0.2041,-0.0210,-0.1306,0.1798,-0.0447,-0.1187,-0.0244,0.0422,-0.1455,-0.2740,0.2783,0.0690,0.0829,-0.1274,0.1003,-0.0795,0.0516,0.0485,0.1273,0.0720,-0.0800,-0.1737,-0.1771,0.0861,0.0966
"375,014",-10.2850,45.8006,-0.4642,0.1335,0.0268,0.1977,0.1773,-0.0517,-0.0851,0.2833,0.2872,0.5650,-0.1366,0.1528,0.2326,-0.4411,-0.1702,0.0896,0.3206,-0.4375,-0.2864,-0.0057,-0.6860,-0.0984,0.2065,0.1655,-0.4963,-0.3037,-0.0612,-0.4005,-0.4854,0.1004
"375,015",53.5028,7.9895,1.3784,0.7529,1.0670,0.6678,0.3557,0.3346,0.0550,-0.1727,-0.0012,0.2074,0.1970,0.4034,0.2029,-0.4960,-0.0728,-0.1359,0.0162,0.1253,0.2645,0.1110,-0.0528,0.0944,-0.1923,-0.1024,-0.1494,-0.0288,-0.0567,0.0415,0.0384,-0.0690
"375,016",-14.8670,7.5432,-0.2297,0.0693,0.0175,0.0678,0.1440,0.0082,-0.0754,0.0466,0.0816,0.0668,-0.0573,-0.0340,-0.1695,-0.1796,0.3140,0.4188,0.0732,0.2562,0.2017,0.2931,0.0486,0.0349,-0.0003,-0.0956,0.1463,0.2146,0.0301,0.0731,-0.0371,0.1826
"375,017",6.5314,13.7980,0.1102,0.1018,-0.0351,0.0305,-0.1782,0.1335,0.0186,-0.0931,0.0939,-0.0909,-0.0891,-0.0860,0.0317,-0.0219,0.0089,0.0530,0.0790,0.0298,0.0165,0.0653,-0.1703,-0.0519,-0.1695,-0.0818,0.0250,0.0019,-0.0506,0.0716,0.0016,0.0688
"375,018",-12.4407,20.6233,-0.2166,0.0715,0.0435,0.0630,0.0809,-0.0451,-0.0602,0.1054,0.0938,0.1985,-0.0547,-0.1040,-0.0042,-0.0156,-0.0385,-0.0693,0.0961,-0.0619,0.1012,0.1060,0.0425,0.1233,0.0329,-0.0252,-0.1154,-0.0335,0.0750,-0.0798,-0.1840,-0.0154
"375,019",4.0557,20.7568,-0.1576,0.0761,0.0649,0.0512,0.1121,-0.0356,-0.0467,-0.0504,-0.0580,0.0967,-0.0880,-0.2017,-0.0120,-0.0070,-0.0835,0.0035,0.0057,0.1084,0.1599,0.2324,0.2607,0.1384,0.0269,-0.0463,-0.0262,0.1929,-0.1011,-0.0034,-0.0006,0.0205
"375,020",-3.9987,20.5648,-0.2342,0.0624,0.0353,0.0896,0.1096,-0.0083,-0.0518,-0.0168,0.0276,0.1225,-0.0599,-0.1320,-0.0495,-0.0479,-0.1565,0.0639,0.0000,-0.0588,0.1168,0.1707,0.1026,-0.0393,-0.0845,-0.0950,0.0163,0.0807,-0.0822,-0.0680,-0.0012,0.0459
"375,021",-16.7993,21.7016,-0.2804,0.0792,0.0146,0.1118,0.1316,0.0483,-0.0447,-0.0102,0.1354,0.1769,-0.0703,-0.1193,-0.1492,-0.2260,-0.0956,-0.0846,-0.1490,-0.0790,-0.0195,-0.0361,0.1474,-0.0904,-0.0548,0.0558,-0.0506,-0.0138,-0.0316,0.0800,-0.0097,0.0515
"375,022",-30.0969,35.4718,-0.1442,-0.0717,0.0170,0.0241,-0.0391,-0.0243,-0.2279,0.2356,-0.7043,-0.1822,0.4355,0.0894,0.3269,-0.0515,0.1047,0.0363,-0.0666,0.1090,-0.0333,-0.1738,0.0489,0.1467,-0.0181,0.1418,-0.0549,-0.0370,0.0102,-0.1168,0.1316,0.1129
"375,023",-5.6305,22.3100,-0.3202,0.1080,0.0004,0.1386,0.0728,0.0848,-0.1864,-0.1641,0.0244,0.0875,-0.1138,-0.0652,-0.0309,-0.2417,-0.0477,-0.0308,-0.2052,0.0560,0.1096,0.0872,0.2649,-0.0469,0.1302,-0.0636,-0.0106,0.1450,-0.0764,-0.0397,0.0740,-0.1833
"375,024",-0.0437,29.8872,-0.1874,0.1315,0.0984,0.1386,0.1343,-0.0864,-0.1177,-0.0690,-0.0171,0.1861,-0.1393,-0.2468,-0.0875,0.2020,0.0479,-0.0451,-0.0297,-0.2692,-0.0558,0.0800,0.1835,-0.0763,-0.2676,-0.1696,-0.1501,0.0170,0.0921,0.2321,0.0645,0.1503
"375,025",-11.6639,19.7047,-0.1252,-0.0263,0.0356,0.1073,0.2031,-0.0429,-0.0374,0.0372,0.1031,0.1526,-0.0681,-0.1365,-0.1544,-0.0158,-0.0028,-0.0977,-0.0005,-0.1425,-0.0244,-0.0808,0.1155,-0.0395,-0.1516,0.0866,0.0491,0.0682,0.0705,0.2985,-0.0276,0.2494
"375,026",-7.5838,28.3585,-0.2420,0.1001,0.0935,0.1099,0.1626,-0.0976,-0.1819,0.1093,0.1042,0.2437,-0.0805,-0.2060,-0.1203,-0.0088,-0.0065,-0.0530,-0.0631,-0.1202,-0.0546,-0.0730,0.0665,-0.1724,-0.1200,-0.1196,-0.1199,-0.0865,0.0426,0.1354,0.1005,-0.0368
"375,027",9.7454,15.9915,0.1080,0.1343,0.0797,0.1190,-0.0181,0.0253,-0.0573,-0.0702,0.0107,0.0116,-0.0300,-0.2487,-0.0345,0.1715,-0.0002,0.1718,-0.0377,-0.0083,-0.0605,0.0966,0.0782,-0.0482,-0.0896,0.0337,-0.0225,0.1168,0.0148,-0.0024,-0.0308,0.1837
"376,001",3.7689,-16.7307,0.0376,-0.0356,-0.1001,-0.1178,-0.0816,0.1244,0.0856,0.1090,0.0128,-0.1302,0.0752,0.0206,-0.0877,0.0978,-0.0566,-0.1312,-0.2272,0.1116,0.2601,-0.0837,-0.1618,0.2508,0.1102,0.0209,-0.0061,-0.2619,-0.0033,0.0033,-0.0307,-0.0753
"379,001",27.1784,-10.0919,0.0461,0.0389,0.0765,-0.1019,0.0850,-0.0268,-0.0990,0.0403,0.1267,0.1927,0.0161,-0.2616,-0.0908,0.1706,-0.0103,-0.0645,-0.0895,0.3246,0.0271,-0.2014,-0.0813,-0.1650,0.0701,0.0470,0.1939,-0.0509,0.0648,-0.0319,0.0111,-0.1421
"380,002",15.1019,-0.0036,0.0868,0.0565,0.0485,0.0173,-0.0493,-0.0085,0.0302,0.0196,0.0302,-0.0579,0.0053,-0.1475,-0.0637,0.2025,0.0138,-0.0983,0.1302,-0.0178,-0.0620,0.2249,-0.0423,-0.2714,0.1036,0.0755,0.0411,0.0520,0.0265,0.1231,0.0308,0.0040
"382,001",7.6474,-0.9417,-0.0432,-0.0153,0.0367,-0.0449,0.1155,-0.0645,0.0093,0.2038,0.0464,-0.0632,0.0794,-0.0748,-0.1551,0.0358,-0.0299,-0.1153,-0.0777,0.1262,0.1106,-0.1438,-0.1702,-0.1921,-0.0290,-0.0137,0.1356,0.0783,-0.1023,0.0079,0.0100,0.1119
"384,001",-19.7333,13.0064,-0.1717,0.0089,0.0444,-0.0269,0.1265,-0.0852,-0.0021,0.1409,0.0575,0.1311,0.0333,0.0025,-0.0497,-0.1542,-0.0147,-0.0753,0.0940,-0.0515,0.0052,-0.0386,-0.0305,0.1229,0.0823,0.0711,-0.0443,-0.0074,0.0365,0.0335,-0.0227,0.0318
"386,001",-2.8483,10.6190,-0.0142,-0.0662,-0.0454,-0.0294,0.0081,0.1316,0.0392,0.0301,0.0167,-0.0794,0.0132,0.0411,0.0406,-0.0146,-0.1439,0.0970,0.0265,0.1275,0.0020,0.1623,0.1514,0.0665,0.0728,-0.0475,0.1768,0.0885,-0.0874,-0.1079,-0.0084,0.0403
"386,001a",-19.6294,8.0208,-0.1824,-0.1049,0.0410,0.0258,0.1741,0.0034,0.1134,0.0759,0.0254,0.0588,0.0659,0.0952,-0.0177,-0.0955,-0.1090,-0.1144,0.1429,-0.1355,-0.0736,0.0747,0.0019,-0.0606,-0.0816,-0.0093,0.3418,0.0608,-0.0136,0.0431,-0.2992,-0.0423
"386,001b",31.9421,-12.4803,0.1012,0.1341,0.0714,0.0036,-0.0017,-0.0007,-0.1457,-0.0231,0.1412,0.1384,-0.0521,-0.5033,-0.1300,0.3733,0.0074,-0.1287,-0.0565,0.5746,0.1253,-0.2648,-0.1613,-0.1424,0.2632,0.1127,0.3027,-0.1575,0.0986,-0.1515,-0.1550,-0.3182
"386,002",1.4343,-13.2080,0.0926,-0.1535,-0.0736,-0.1062,-0.0234,0.1315,0.1521,0.1914,-0.0427,-0.1585,0.0470,0.0510,0.1602,0.0480,-0.1734,0.1557,-0.1526,0.0234,-0.1837,0.0895,0.2483,0.0732,-0.2011,-0.0170,-0.3644,-0.0728,-0.0478,0.0763,0.1100,0.0608
"386,003",-17.1508,45.1181,0.1883,-0.0513,-0.0567,-0.0841,0.0378,-0.0403,0.1883,0.2318,-0.0398,-0.2242,0.1311,0.0424,-0.1372,0.2682,-0.2616,0.3325,-0.4415,-0.0820,0.3945,-0.2348,-0.2393,-0.2686,0.2144,0.0443,-0.0133,-0.2343,0.0598,0.1016,-0.0839,0.0039
"388,004",-27.2414,14.8659,-0.1936,-0.0120,0.0081,-0.0476,0.1150,-0.2048,0.0790,0.0481,0.1510,-0.0734,0.0347,0.1220,-0.0522,-0.4042,-0.2690,-0.1650,0.1192,0.0490,-0.0125,0.0561,0.2225,0.0850,-0.1228,0.0544,0.3228,-0.5280,-0.0544,-0.3158,-0.2570,0.3076
"389,001",-1.8531,22.1368,-0.2657,0.0598,0.0598,0.0660,0.2271,-0.0696,-0.0968,0.0560,0.0854,0.1913,-0.0510,-0.2017,-0.0957,-0.2042,-0.1798,0.0219,0.1534,0.0748,0.1281,0.1088,0.1841,0.1168,0.1468,0.0173,0.1075,0.2807,-0.0122,0.0644,0.0323,0.0212
"389,002",-9.2112,12.4525,-0.0889,0.0184,0.0473,0.0003,0.2314,0.0780,0.1032,0.0040,0.0670,-0.0147,-0.0102,-0.0424,-0.0444,0.0312,-0.0952,0.0275,-0.0131,-0.1161,-0.0169,-0.0418,-0.1075,-0.0594,-0.1027,-0.0415,-0.0485,-0.0209,-0.0168,-0.0114,-0.1131,0.0250
"389,003",-22.2802,-15.4507,-0.1470,0.0712,-0.0962,0.0861,-0.1368,0.1167,-0.0111,-0.1127,0.0261,-0.0173,-0.0681,-0.0285,-0.0189,-0.0875,-0.3412,0.0364,0.3357,0.1262,-0.0350,0.0474,0.1646,-0.1444,-0.0474,-0.0930,-0.1609,-0.0013,-0.0004,0.1909,-0.1378,0.0211
"389,004",-7.8031,16.0789,-0.1389,0.0326,-0.0614,0.0368,0.0226,0.0889,0.0307,0.0419,0.1170,0.0591,-0.0157,0.0221,-0.0615,-0.1605,-0.0681,0.0892,0.1097,0.0207,-0.0661,0.1300,-0.1118,0.1496,0.0638,-0.0264,-0.0099,-0.0488,-0.1124,-0.0770,-0.0456,0.1154
"389,005",-31.8752,0.0894,0.0699,-0.0339,-0.3543,0.0970,0.1027,0.1494,0.1443,-0.0390,0.0891,-0.0721,0.0204,0.1594,-0.1577,-0.1046,0.6413,0.5819,-0.3916,0.5744,-0.2431,0.4575,-0.6479,0.1505,-0.0903,-0.4614,0.1341,0.3149,0.6503,0.0263,-0.1046,0.3662
"389,006a",6.2295,-17.5519,-0.0047,-0.0700,0.0181,-0.0935,0.0377,-0.0753,0.1859,0.2792,0.0322,-0.1186,0.0980,0.1326,-0.1226,0.0172,-0.0094,-0.2067,-0.0124,-0.0113,-0.1563,-0.1452,0.1724,-0.0248,-0.1900,-0.1256,-0.4176,0.4229,-0.0378,-0.2955,0.1829,0.1498
"389,007",-17.5234,20.1609,-0.2007,0.0701,0.0644,0.0121,0.1775,-0.0472,-0.0847,0.1583,0.1748,0.2908,-0.0476,-0.1660,0.0182,-0.0159,-0.0905,-0.1083,0.0515,0.2225,0.0892,-0.1705,-0.0450,-0.0632,0.0930,0.0949,0.1611,0.1023,-0.0711,0.1243,-0.0504,-0.1156
"389,008",12.1348,17.2020,0.0487,0.0905,0.0050,0.0190,-0.0683,0.0753,-0.0171,-0.0384,0.0114,0.0049,-0.1255,-0.2879,0.0246,0.1281,-0.1527,0.1891,0.0876,0.1773,-0.1191,0.2692,0.0921,0.0507,0.1112,0.0631,0.0925,0.1171,-0.2053,-0.0546,-0.0153,0.0193
"389,009",-5.5543,6.2400,-0.0831,-0.0112,0.0095,-0.0151,0.0627,0.0230,0.0091,0.0976,-0.0094,-0.0060,0.0170,0.0033,-0.0524,0.0251,-0.0269,-0.0367,0.1536,0.0325,0.0425,0.1408,0.0089,-0.0918,0.0050,-0.1319,0.0584,0.1490,0.0019,0.0623,-0.1556,-0.0758
"389,010",20.8108,-5.1376,0.0827,0.0914,0.1330,0.0446,0.0145,0.0393,-0.0305,0.1872,0.0596,0.1218,0.0790,0.0091,-0.1979,0.3288,0.1914,0.0670,0.2245,-0.5890,-0.8686,-0.6808,0.2018,0.3358,1.6259,-2.1995,0.2936,-0.5013,-1.1833,0.7432,0.2911,0.5975
"389,011",-10.8659,2.1376,-0.0981,0.0200,0.0291,-0.0079,-0.0017,0.0059,0.0221,0.1738,0.0068,0.0491,0.0739,0.0133,-0.1512,-0.0180,0.2294,-0.0456,0.1862,-0.1521,0.0383,0.0780,0.1301,0.0251,-0.0243,-0.0675,-0.0687,0.0010,0.0159,-0.0996,-0.1910,-0.2430
"389,012",18.8377,22.1763,-0.0406,0.1360,-0.2135,0.1789,-0.4195,0.3009,0.0251,-0.2234,0.1603,0.0025,-0.1236,-0.0409,-0.0397,0.1293,-0.1089,0.0576,-0.0804,0.0662,-0.1122,0.0978,-0.2103,0.2629,0.0412,0.1076,0.1828,-0.1980,-0.3846,-0.2129,0.1179,0.0449
"389,013",-33.5874,42.7284,-0.2982,0.0793,0.0831,0.2327,-0.0582,-0.0866,-0.4249,0.1003,-1.0277,-0.0040,0.5372,-0.1845,0.3546,-0.1014,0.0744,0.2408,-0.1399,0.0262,0.0813,-0.1943,-0.0941,0.1237,0.0658,0.1671,0.0110,0.0689,-0.0143,-0.1429,0.1444,0.2632
"389,014",-8.6316,28.6325,-0.2701,0.0921,0.0119,0.1443,0.0467,-0.0584,-0.1674,0.0093,0.0757,0.1741,-0.0451,-0.1166,-0.0287,-0.1589,-0.1501,0.1030,0.1162,0.0515,-0.0280,0.0777,-0.0670,-0.0584,0.0153,-0.1540,-0.1121,-0.0579,-0.0047,-0.1330,0.2199,-0.3277
"389,015",-19.0889,1.0404,-0.1755,-0.1373,0.0456,0.1518,-0.0615,0.1192,-0.0283,0.1507,-0.3500,-0.0397,0.3321,0.1703,0.0532,-0.0039,-0.0008,-0.1647,0.1435,-0.3723,-0.1415,0.1717,-0.0943,-0.1430,-0.1695,-0.0212,0.4978,0.4551,-0.1092,0.1301,-1.2525,-0.8568
"389,016",-2.5234,2.3888,0.1076,0.0658,0.0181,0.0346,-0.0593,0.1601,0.0382,0.0295,-0.0433,-0.0498,0.0233,0.0946,0.0451,0.0056,0.0332,0.0941,0.0826,0.1663,-0.0686,0.2094,-0.0643,-0.0353,-0.0491,-0.1158,0.0213,0.0795,0.0656,-0.0881,-0.0180,0.0583
"389,017",24.9333,-1.9879,0.2256,0.0990,0.1094,0.0014,0.0177,0.0245,-0.0488,0.0045,0.0843,0.0013,0.0105,-0.1857,-0.0822,0.2012,0.0177,-0.0514,-0.0190,0.1633,-0.0412,-0.0048,-0.0029,-0.0260,0.1801,0.1027,0.0622,-0.1068,0.0858,-0.0503,-0.1420,0.0563
"389,018",23.9557,13.7219,0.1782,0.1949,0.0321,0.1189,-0.2288,0.1374,-0.0683,-0.0112,0.1939,-0.0681,-0.1634,-0.2419,0.0674,0.2961,0.1820,0.2704,0.2404,-0.0351,-0.1937,-0.0433,-0.2584,0.1577,0.0553,0.3983,0.1221,-0.3452,-0.5508,-0.5909,-0.1565,-0.2612
"389,019",4.4027,36.1728,-0.1507,0.1813,0.0577,0.1875,-0.1090,-0.0164,-0.1559,-0.0426,0.0084,0.1777,-0.0664,-0.2279,-0.0731,0.2948,0.1311,-0.1601,0.1091,-0.1220,0.1927,-0.0291,-0.0660,0.0266,-0.2590,-0.1587,-0.1490,0.0042,0.1476,0.0901,-0.0402,-0.0110
"389,020",-3.8683,3.0604,-0.0024,0.0411,0.0848,-0.0046,0.0541,-0.0586,-0.1651,0.1491,0.0255,-0.1162,0.0133,0.1300,-0.0013,0.0041,0.0453,0.0840,0.1373,-0.2018,-0.1899,0.0804,-0.0453,-0.1120,0.0677,0.0069,0.0053,0.0301,0.0229,-0.0049,-0.1763,-0.0982
"389,021",-26.9352,-21.0492,-0.1225,0.0679,-0.2174,0.1107,-0.1630,0.1512,-0.0892,-0.0800,0.1237,-0.0678,-0.1052,0.1216,0.0348,-0.2335,-0.3740,0.1639,0.4334,0.0385,0.0234,-0.2425,-0.1129,-0.1974,0.1442,0.0213,-0.1308,0.0150,0.2550,-0.0948,0.2473,0.0924
"389,022",19.6814,-5.6089,0.0151,0.0263,0.1002,-0.0092,0.0585,0.0054,-0.0298,0.2314,-0.0551,0.0219,0.1041,0.1061,-0.0880,0.2243,0.1377,0.0355,0.0298,-0.5412,-0.6068,-0.4230,0.1346,0.2509,1.0072,-1.5202,0.2100,-0.2970,-0.8123,0.4922,0.2643,0.3104
"389,024",-41.8812,-11.7426,-0.2977,-0.0337,0.0534,-0.0393,0.6964,0.2041,0.2298,-0.5575,-0.0204,-0.2452,-0.1105,0.1148,0.0890,0.1546,0.0961,-0.1204,0.0759,-0.1092,-0.1423,-0.1453,-0.2009,-0.2182,0.2627,0.1299,-0.3820,-0.0564,0.0735,-0.1057,-0.0911,-0.1006
"389,025",4.0385,25.5975,-0.0867,0.1009,0.0418,0.0325,-0.0183,0.0065,-0.1075,-0.0649,-0.0159,0.1327,-0.0623,-0.1994,0.0576,0.2644,0.0643,-0.0177,0.0814,0.0648,0.1754,0.1059,0.0237,-0.0983,0.0140,-0.0452,0.0520,0.1101,0.0161,-0.0269,-0.0145,-0.1144
"389,026",20.7489,-4.9534,0.2015,0.0735,0.1104,0.0615,-0.1250,0.0582,0.0629,0.0630,0.0459,0.0361,0.0755,0.0561,-0.2190,0.4165,0.2220,0.0277,0.2379,-0.4455,-0.6590,-0.5800,0.1383,0.3354,1.3141,-1.7736,0.3064,-0.3980,-0.9586,0.5611,0.1940,0.4629
"389,027",-46.8725,25.8013,-0.3942,0.1843,-0.2318,0.3592,-0.5417,0.4922,-0.1067,-0.2126,0.0595,0.1373,-0.0978,0.2635,-0.1624,-0.7763,0.3951,-0.3480,-1.2296,-0.1049,-0.0113,-0.0893,0.6431,-0.3558,0.4812,0.1330,-0.0836,0.0954,-0.0586,0.0457,-0.0472,-0.2701
"389,028",9.5468,-33.4886,0.3002,-0.0699,0.0336,-0.4246,-0.0514,-0.0205,-0.1169,-0.1245,0.0256,0.1124,0.0564,-0.1190,0.0809,-0.0514,0.1163,-0.0354,-0.0367,-0.0500,0.0194,-0.0517,-0.0270,-0.0731,0.0395,0.0568,0.0246,0.0599,0.1086,-0.0545,-0.0629,0.0666
"389,030",-14.9149,15.6072,-0.1832,0.0639,0.0068,0.0898,0.0438,0.0527,0.0517,-0.0532,0.0792,0.1053,-0.0410,0.0118,-0.0623,-0.0959,-0.0476,-0.1119,-0.0605,-0.1319,0.0359,0.0350,0.1374,-0.1124,-0.0489,-0.0178,0.1316,0.0731,-0.0028,0.0990,-0.1553,0.0275
"389,031",-34.7868,23.5131,-0.2512,0.1082,-0.0908,0.1732,-0.1515,0.2044,-0.0630,-0.0323,0.1042,0.1059,-0.0447,0.1065,-0.2000,-0.4220,0.4640,0.1690,-0.5150,0.1470,-0.0136,0.1033,0.1794,-0.2267,0.1976,-0.0415,-0.0685,0.0598,0.0913,0.0282,-0.0398,-0.0013
"389,032",-29.5045,37.1032,-0.3096,0.0546,0.0540,0.1488,0.0172,-0.0360,-0.3219,0.1342,-0.6963,0.0445,0.4048,-0.0994,0.2055,-0.2324,0.0757,0.1953,-0.0130,0.0094,0.0401,-0.0822,-0.0582,0.1256,0.0668,0.1592,0.0369,0.1184,0.0126,0.0085,0.0545,0.1220
"389,036",-15.1711,30.1428,-0.1987,0.0345,0.0199,0.0116,0.1557,-0.0271,0.0160,0.1138,0.1356,0.1571,-0.0099,0.0339,-0.0796,-0.1650,0.0132,0.1430,-0.0338,-0.0584,-0.2171,0.0089,-0.3753,-0.0619,0.0341,-0.0612,-0.1315,-0.0197,0.0633,-0.1297,0.1669,-0.1236
"389,037",10.1356,18.7694,-0.0834,0.1086,-0.0583,0.1056,-0.1736,0.0946,-0.0299,-0.0194,0.0948,0.0637,-0.0994,-0.1352,0.0525,0.1169,-0.0076,0.0038,0.0160,-0.0567,-0.0060,0.0479,-0.1363,0.1220,-0.1039,0.0099,0.0123,-0.0773,-0.0847,-0.0815,0.0459,0.0500
"389,038",9.6090,19.8422,-0.0409,0.0674,-0.0506,0.0764,-0.0812,0.0877,0.0046,-0.0959,0.0049,0.0444,-0.1730,-0.1898,-0.0695,0.1171,-0.1101,0.1043,-0.0956,0.0304,0.0270,0.1322,0.0596,0.0907,-0.1630,0.0635,0.1355,0.0163,-0.0861,0.1845,0.0145,0.2251
"389,038a",30.5044,-32.2126,0.0715,0.0292,0.1799,-0.2360,0.1036,-0.1856,-1.2721,-0.0957,0.2215,-0.8404,-0.4919,0.3610,-0.0299,0.0290,0.0162,-0.0529,0.0124,0.0063,0.0328,0.0854,-0.0723,0.1365,0.1074,0.0820,-0.0049,-0.0136,-0.0901,0.0657,-0.1754,0.1068
"389,039",7.5051,-3.5591,0.0733,-0.1142,0.0019,-0.1013,0.0194,0.0089,0.0411,0.1122,-0.0316,-0.0288,0.0552,-0.0939,-0.0251,0.1005,0.0419,-0.0177,-0.0377,0.1413,0.0614,0.0790,-0.0036,-0.0355,0.0518,-0.0142,0.0149,0.0313,0.0868,0.0064,0.0543,-0.1374
"389,041",23.2059,16.4514,0.0812,0.0908,0.0319,0.0470,-0.0518,0.0575,0.1086,0.1117,0.1022,-0.0657,-0.0608,-0.1540,-0.0381,0.3090,-0.0421,0.2545,-0.1977,-0.3942,-0.3480,0.1144,0.0709,0.2805,-0.2788,0.2822,-0.0838,-0.1346,-0.2167,0.3506,0.1765,-0.0465
"391,001",0.2806,-7.5551,-0.0996,0.0185,-0.0225,-0.0018,-0.0540,0.0179,0.1064,0.0989,-0.0049,-0.0173,0.0406,0.0974,0.0107,-0.0187,0.0767,-0.1431,-0.0930,-0.1624,-0.0369,0.3078,-0.0037,-0.1544,0.1380,0.0877,-0.0239,0.0202,-0.0804,0.0938,0.2389,-0.0969
"392,002",18.1167,15.2219,-0.0445,0.0796,-0.0601,0.0735,-0.0999,0.1208,0.0574,0.0355,0.1180,0.0173,-0.0575,-0.0860,0.0182,0.1286,-0.1098,0.2074,-0.1695,-0.0946,-0.2393,0.1838,-0.1617,0.2462,-0.0866,0.2089,-0.0089,-0.2148,-0.1954,-0.0572,0.1391,-0.0122
"392,004",15.1526,2.4052,0.0468,0.0517,0.0039,0.0102,-0.1700,-0.2008,0.0931,-0.1104,0.0260,-0.0786,-0.0259,-0.0334,-0.0773,0.1663,0.1218,-0.0710,0.0886,0.1472,0.0309,0.2472,0.0178,-0.2153,0.1472,-0.0045,-0.0729,0.1753,0.1845,0.1041,-0.0525,0.0606
"392,004a",-1.4855,-49.8882,0.3822,-0.2695,-0.0273,-1.1309,-0.1943,0.0650,-0.3300,-0.6072,-0.0022,0.7544,0.2848,0.0406,0.0911,-0.1349,0.0646,0.0249,-0.0248,-0.0306,0.0568,-0.0062,-0.0761,-0.0732,-0.0913,0.0181,-0.0470,-0.0591,-0.0509,0.0319,-0.0119,-0.0378
"392,005",3.8106,12.8214,-0.0052,-0.0045,-0.1584,0.0872,-0.2940,0.2882,0.1194,-0.0713,0.0261,-0.1060,0.0164,0.2019,-0.0038,0.0052,-0.0867,-0.0121,0.1050,-0.0133,0.0171,0.2331,-0.1723,-0.0680,0.1180,-0.0214,0.0505,-0.0313,-0.0759,-0.1024,0.1264,-0.0193
"392,006",-0.8902,61.1745,-0.2044,0.2069,0.1086,0.2004,-0.3479,-1.5245,0.4225,-0.6544,0.1552,-0.0999,0.1186,0.4184,0.1992,-0.0371,-0.0708,0.2000,-0.0728,0.2675,-0.0652,0.0836,0.1589,0.0376,0.1935,0.0504,-0.0170,0.0664,0.0249,0.0995,0.0650,-0.1493
"392,009",-18.6319,-12.7349,0.1556,-0.0511,0.0571,-0.0342,-0.1203,0.0058,0.1620,0.0420,-0.4850,0.1911,-0.7055,0.1517,-0.1716,-0.0819,-0.1744,-0.0093,0.1988,-0.1358,0.0448,-0.2135,0.1531,0.1112,0.1141,-0.0540,0.1371,0.4765,0.3735,-0.2522,0.4209,0.0302
"392,010",25.5001,4.3698,0.2252,0.1302,0.1240,0.0488,-0.0257,-0.1021,-0.0119,0.0263,0.0670,-0.1058,0.0485,0.0463,0.0091,0.1986,-0.0079,0.1857,0.0636,-0.1434,-0.3244,0.0376,0.0664,-0.1410,0.0644,0.1093,0.0647,0.0695,0.0696,0.0583,-0.1819,-0.0063
"392,011",-16.9705,8.4554,-0.1482,-0.0334,0.0234,-0.0765,0.1578,0.0291,-0.0054,0.2789,0.1449,0.0995,-0.0006,0.0697,-0.0245,0.0229,0.0925,-0.2666,-0.0497,0.1862,0.1266,-0.0160,0.1380,-0.0048,-0.0781,-0.1184,0.2313,0.0420,0.1108,0.1090,-0.0599,-0.1215
"392,013",-7.7149,21.9659,-0.3665,0.0767,0.0786,0.1147,0.3510,-0.1714,0.0730,-0.3071,0.0388,0.1206,-0.0547,-0.1172,0.0187,-0.0792,-0.0986,0.0523,0.0950,0.0346,-0.0025,0.0510,0.0280,0.0558,0.0924,0.0388,-0.0731,0.1083,-0.0797,0.0140,0.1130,-0.1732
"392,015",-33.4622,0.8540,-0.1045,0.0201,-0.2267,0.0694,0.0847,0.3784,0.2440,-0.2179,0.1310,-0.1337,-0.0561,0.1966,-0.1024,-0.0919,0.7485,0.8100,-0.4829,0.7010,-0.3271,0.5828,-0.9881,0.2982,-0.1820,-0.5482,0.2627,0.3659,0.7065,-0.0499,-0.0402,0.5016
"392,017",0.2995,6.9748,-0.0361,0.0134,-0.0854,-0.0210,-0.0411,0.1313,0.0970,0.0767,0.0716,-0.0562,0.0404,0.0108,-0.1312,0.0119,0.0118,-0.0851,0.1819,0.1404,0.0505,0.0716,-0.0649,0.0056,0.0191,0.0617,0.1473,-0.1277,-0.0210,0.1431,0.0706,0.0683
"392,018",-11.8878,23.3662,-0.2253,0.0874,-0.0108,0.0961,0.0160,0.0011,-0.0835,0.0143,0.1075,0.1533,-0.0556,-0.0067,0.0551,-0.1441,-0.0358,0.1205,-0.0343,0.0585,-0.0980,0.0754,-0.1640,-0.0163,0.0406,-0.0855,-0.0494,0.0302,-0.1311,-0.1399,0.1045,-0.0169
"392,020",-9.3417,44.1729,-0.4587,0.1306,0.0091,0.1843,0.2044,-0.0369,-0.0648,0.1226,0.2442,0.4142,-0.1152,0.1346,0.1303,-0.4552,-0.1257,0.1587,0.2969,-0.3258,-0.2814,-0.0483,-0.6731,-0.0713,0.2667,0.1614,-0.4951,-0.2528,0.0003,-0.3717,-0.3208,0.0613
"392,022",-13.1707,28.7814,-0.2665,0.1237,-0.1261,0.1778,-0.2499,-0.1676,0.1255,-0.1447,0.1828,0.1047,-0.0173,0.2971,0.0515,-0.3290,-0.2420,-0.0195,0.3969,-0.1392,-0.1760,-0.0810,-0.3678,-0.0189,0.1635,0.0740,-0.2878,-0.1854,-0.0111,-0.1771,-0.2955,0.1194
"392,023",-21.6574,26.4302,-0.3468,0.0872,0.0311,0.1069,0.2104,-0.0684,-0.0309,0.1450,0.1424,0.2659,-0.0237,-0.0310,-0.0698,-0.3586,-0.0966,0.0464,0.2578,-0.1052,-0.0844,-0.0709,-0.2623,0.0636,0.1901,0.1571,-0.1529,-0.0082,0.0366,0.0926,-0.0227,0.0977
"392,028",-10.6848,25.1136,-0.2694,0.1027,-0.0895,0.1434,-0.0329,0.0690,-0.1002,-0.0537,0.1783,0.1113,-0.1230,0.0150,0.0282,-0.3652,-0.3262,0.2396,0.2235,0.0311,-0.0520,0.0630,-0.1361,0.0222,0.1796,0.0746,-0.0881,0.0179,-0.0756,-0.2137,0.0312,0.0536
"393,003",-0.7037,10.9464,-0.0449,-0.0056,-0.0054,-0.0493,0.0486,0.0460,0.0165,0.0629,0.0526,0.0043,-0.0255,-0.0561,-0.0609,0.0180,-0.0264,0.0232,-0.0091,0.1118,0.0373,0.1413,0.0246,0.1616,0.0345,-0.0354,0.0069,0.0441,-0.0527,-0.0617,-0.0657,0.0310
"395,001",-4.4370,12.1990,-0.1011,0.0393,-0.0265,-0.0332,-0.0623,0.0371,-0.0991,-0.0112,0.0843,0.1079,-0.0329,-0.0155,-0.0286,-0.0401,-0.0365,-0.0642,-0.0018,-0.1007,-0.0397,-0.0807,0.1166,-0.0402,-0.0645,0.0371,-0.0418,0.0135,0.1029,0.0238,0.0725,-0.0044
"396,005",31.8955,6.5609,0.4089,0.1212,0.2279,0.0939,-0.0174,0.0453,0.1125,0.0356,-0.0999,0.0015,-0.0930,0.0593,-0.0783,0.1092,0.0930,0.1102,0.0896,-0.1995,-0.1319,-0.0163,0.2240,0.0511,0.0758,0.2497,0.1511,0.0269,-0.0296,-0.1176,-0.0339,0.1059
"397a,001",-23.8575,13.0573,-0.0920,-0.0089,0.0319,-0.0205,0.1454,-0.0118,0.0623,0.1410,0.1001,0.0067,0.0580,-0.0127,-0.0923,-0.1726,-0.1149,-0.1057,0.0357,-0.0002,-0.0860,0.0061,0.1237,-0.0174,-0.0659,0.0328,0.2744,-0.2577,0.0918,-0.0663,-0.2158,0.0628
"398,001",-9.8248,-10.8404,0.0790,-0.2008,0.0316,-0.0502,-0.0236,0.0343,0.1325,0.1528,-0.1481,0.0044,-0.0103,0.1430,-0.0492,0.0509,0.0098,0.0517,0.0561,-0.0755,-0.0239,0.0282,0.0439,0.0502,0.1331,-0.1308,-0.0580,0.1781,0.0990,0.0088,0.0517,-0.0608
"403,001",21.4182,-35.0826,0.3885,-0.0343,-0.0633,-0.3115,-0.1864,-0.2507,0.4918,0.0813,0.1065,-0.7052,-0.5543,-1.1205,1.0349,-0.8808,0.5019,-0.2301,0.0108,-0.4838,0.3342,-0.1700,-0.4023,-0.0301,-0.1521,-0.3249,0.1032,0.1528,-0.1460,0.1832,-0.0831,-0.1577
"404,001",6.4656,20.2156,-0.1010,0.0517,0.0420,-0.0010,0.1469,-0.0005,-0.1904,-0.0517,0.0272,-0.0027,-0.0903,-0.2058,-0.0168,0.0310,-0.0899,0.0208,0.0290,0.2247,0.1715,0.1696,0.0788,0.1545,0.0341,-0.0779,0.0736,0.0911,-0.1015,-0.0332,0.0631,-0.1076
"404,002",5.7341,11.2580,0.0156,0.0868,0.0986,0.0208,0.0416,-0.0497,-0.2356,0.0374,0.0490,-0.0758,-0.1204,-0.0603,-0.0350,0.0883,0.0065,0.0252,0.0207,0.0326,-0.0233,0.0255,0.0199,-0.0045,0.0193,-0.0355,0.0138,0.0645,0.0103,0.0800,-0.0502,-0.0005
"404,003",23.0218,-3.1045,0.1236,0.1299,0.1820,0.0653,0.1283,-0.0786,-0.0415,0.0682,0.1419,0.1368,0.0278,-0.1631,-0.1226,0.1456,0.0010,-0.0853,-0.0205,0.1217,-0.0160,-0.1975,-0.0672,-0.2158,0.1572,-0.1958,0.1013,-0.0925,0.1668,0.1470,0.0412,-0.0130
"404,004",33.3539,11.0292,0.3551,0.3251,0.3714,0.2979,0.1402,0.0786,-0.0494,0.0061,0.1052,0.1520,0.0407,0.0630,0.0403,-0.0153,0.0680,0.1118,0.0045,0.0308,-0.0431,0.0898,-0.0571,-0.0586,-0.0664,-0.0487,-0.0571,0.0157,0.1462,0.0378,-0.0756,0.0381
"404,005",-23.2996,33.3896,-0.0463,0.0708,0.0770,0.1005,-0.0139,-0.0652,-0.1569,0.0760,-0.4435,-0.0703,0.2369,-0.1553,0.1226,0.1174,0.0787,-0.0232,-0.0559,0.1118,-0.0773,-0.0795,-0.0181,0.0951,-0.0280,0.1340,0.0346,-0.1292,-0.0429,-0.0281,0.0042,0.0690
"404,006",2.3848,16.4090,-0.0545,0.0818,0.0436,0.0644,0.0273,0.0106,-0.0495,0.0180,0.0489,0.0363,-0.0652,-0.1230,-0.0292,0.0502,-0.0458,0.0574,0.0162,-0.0044,0.0101,0.1121,0.0833,0.0212,-0.0354,0.0020,-0.0122,0.0625,-0.0110,-0.0124,-0.0288,0.0099
"404,011",0.5366,39.9876,-0.0448,0.0809,0.0611,0.0697,-0.1119,-0.3805,0.0862,-0.1429,0.0477,-0.0473,-0.0103,-0.0491,-0.0284,0.1063,-0.0018,0.0092,-0.0390,0.0473,-0.0036,0.1715,0.1897,-0.0763,0.0234,0.0097,-0.1239,0.1379,0.0262,0.0247,-0.0085,0.0179
"404,012",-27.0562,1.4784,-0.0978,0.0892,0.0416,0.1572,0.1128,0.0766,-0.0615,-0.0613,0.0355,0.0503,-0.0315,-0.1256,-0.1004,-0.0169,0.2475,0.4277,-0.1874,0.2033,-0.0959,0.1762,-0.2547,-0.0043,-0.0342,-0.0782,-0.0260,0.1062,0.2439,0.0229,-0.0161,0.2545
"406,001",2.9630,-23.1435,0.1366,-0.0798,-0.0085,-0.2031,-0.0011,0.0213,0.1487,0.2757,0.0531,-0.0269,0.0401,0.1207,0.1562,0.2076,0.1618,-0.1318,-0.0652,0.0452,0.0360,0.1471,0.0916,0.1780,0.1412,0.0228,-0.1983,-0.1510,0.0056,-0.2202,-0.0933,0.0718
"406,002",-18.1527,1.2104,-0.2061,-0.1099,-0.0178,0.0204,0.0527,0.1545,0.0440,0.0642,-0.1919,-0.0155,0.2166,0.1975,0.0558,-0.1137,-0.1318,-0.0842,0.1449,-0.1929,-0.1136,0.2093,0.0062,-0.0901,-0.2593,-0.1525,0.4514,0.2573,-0.1353,0.0874,-0.8457,-0.6580
"406,003",20.0838,-4.0476,0.2671,0.1258,0.2183,0.0327,0.0147,0.0228,-0.0816,0.1394,0.0790,0.1103,0.0965,-0.1334,-0.2637,0.5178,0.2264,0.0714,0.1998,-0.5308,-0.9740,-0.8207,0.3108,0.2447,1.9023,-2.5384,0.3055,-0.7018,-1.3099,0.8108,0.2976,0.7105
"406,004",9.5520,7.9101,0.1260,0.0867,0.0547,-0.0119,-0.1232,0.0064,-0.2205,-0.0145,0.0530,-0.1684,-0.0825,-0.0085,-0.0757,0.2605,-0.0046,-0.0458,-0.0486,-0.0967,-0.0880,-0.0559,-0.1259,0.0468,0.0086,0.0167,-0.0163,-0.0315,0.0258,-0.0227,0.0440,-0.1009
"406,005",32.7760,10.2136,0.4486,0.2368,0.3281,0.1207,0.1255,0.1105,-0.0101,0.0099,0.1254,-0.0187,0.0869,0.0650,-0.0303,-0.0483,0.0228,-0.0675,0.0160,-0.0679,-0.0689,0.0352,0.0540,-0.0191,-0.1040,0.1340,0.0454,0.0706,-0.0015,0.0664,-0.0023,0.1253
"406,006",51.5200,9.0493,1.2238,0.6870,0.9542,0.6085,0.3225,0.3260,-0.0827,-0.1704,0.0827,0.1177,0.1770,0.4535,0.1397,-0.4413,-0.0163,-0.0229,0.0333,0.0765,0.2184,0.0818,-0.0740,0.1010,-0.1574,-0.0781,-0.1141,-0.0037,-0.0755,0.0090,0.0505,-0.0343
"406,007",-18.6794,32.0384,-0.3161,0.1227,0.0140,0.1415,0.1104,-0.0511,-0.1427,0.1194,0.1532,0.2666,-0.0588,-0.0557,-0.0291,-0.2605,-0.1221,0.1120,0.0971,-0.0830,-0.1004,-0.1339,-0.3767,-0.0989,0.1809,0.0959,-0.2318,-0.0847,0.1737,-0.0766,0.0768,-0.0011
"406,008",21.0005,5.5269,0.2723,0.0772,0.0381,-0.0241,-0.0987,0.0530,0.0860,0.0225,0.0303,-0.0903,-0.0709,-0.1460,0.1200,-0.0110,0.0558,0.0581,0.0517,-0.0466,-0.1212,0.0016,-0.0066,-0.0557,0.1178,0.0664,0.1138,-0.0077,-0.0385,-0.1148,-0.0474,0.0017
"406,010",-27.3367,32.7947,-0.3323,0.0593,0.0296,0.1394,0.0950,-0.0360,-0.2479,0.1633,-0.4878,0.0687,0.2988,-0.0747,0.1872,-0.3335,-0.0643,0.0474,0.2179,0.1068,0.0183,-0.1731,-0.0176,0.1661,0.1104,0.2404,0.1146,0.0735,0.0112,0.1304,0.0432,0.2589
"406,010a",-34.9063,28.1616,-0.1482,0.1279,-0.1929,0.2109,-0.4431,0.2812,-0.0129,-0.1591,0.0348,-0.0009,-0.0275,0.1172,-0.1026,-0.2108,0.1350,-0.2224,-0.3568,0.0093,0.0536,-0.1163,0.1302,-0.1467,0.1417,0.0261,-0.0009,-0.0170,0.0383,0.0029,0.0065,-0.0886
"406,011",2.9121,40.6489,0.1262,0.0567,0.0432,0.0180,-0.1116,-0.2813,0.1984,-0.0223,0.0303,-0.1744,0.1017,0.1928,-0.0097,0.2061,0.0720,0.1052,0.0073,-0.1180,-0.1864,0.0601,0.0478,0.0651,0.0364,0.1402,0.1402,0.0430,0.0297,0.0301,-0.0327,-0.0488
"406,012",-18.9711,4.7640,-0.2877,0.0187,-0.0002,0.2101,-0.1353,0.0934,-0.2326,0.1064,-0.7255,-0.0554,0.4772,0.0572,0.2382,-0.1472,0.0651,-0.0572,-0.0229,-0.1550,-0.1605,0.0392,-0.0753,-0.1063,-0.0440,0.0948,0.2031,0.2384,-0.1021,0.1582,-0.7198,-0.4515
"406,013",-12.9862,15.4301,-0.1559,0.0216,0.0156,0.0295,0.1169,0.0069,-0.0512,-0.0013,0.1301,0.0925,-0.0541,-0.1434,-0.0881,-0.0238,-0.1572,-0.0046,0.0224,0.1360,0.0261,-0.0288,-0.0186,0.0016,-0.0573,-0.0045,0.2577,-0.0935,-0.0587,-0.0496,0.0023,0.0347
"406,014",-1.9990,61.5951,-0.1105,0.1697,0.0995,0.1532,-0.3190,-1.4341,0.4800,-0.5495,0.1951,-0.1244,0.1526,0.4672,0.1413,0.0121,-0.0730,0.1249,-0.1193,0.2085,-0.1623,0.0457,0.0916,-0.0004,0.0763,0.1445,0.0270,-0.0303,-0.1007,0.0796,0.0116,0.0331
"406,015",-26.9538,0.2179,-0.1366,0.0680,-0.0246,0.1013,0.0964,0.1325,-0.0600,-0.0378,0.1322,0.0175,-0.0660,-0.0162,-0.1704,-0.1726,0.3617,0.4851,-0.0753,0.3576,0.0279,0.2982,-0.1758,0.0342,-0.0309,-0.1548,0.0947,0.1299,0.2059,0.0761,-0.0550,0.2901
"406,016",-12.6672,0.1168,-0.2039,-0.0254,-0.0762,-0.0066,0.1741,0.2178,0.1961,0.0414,0.0352,-0.0502,-0.0140,0.2105,0.1892,-0.0623,-0.0521,-0.0611,0.1211,-0.0682,-0.1125,0.1059,-0.0867,0.0025,0.0134,-0.0078,0.0755,-0.0860,-0.1060,0.0931,-0.1236,-0.1866
"406,016a",20.9885,-4.3624,0.3014,0.1112,0.2181,-0.0012,0.0121,0.0396,-0.0283,0.1382,0.0831,0.1127,0.0992,-0.0676,-0.2495,0.4701,0.2360,0.0644,0.2009,-0.5886,-0.9674,-0.7744,0.3232,0.2752,1.8113,-2.3845,0.3138,-0.6005,-1.2412,0.8073,0.2420,0.7643
"406,020",-14.8251,26.1930,-0.2210,0.0303,-0.0099,0.0018,0.1642,0.0266,-0.2270,-0.0679,0.1472,-0.1115,-0.1314,0.2058,0.0130,-0.2073,-0.1143,0.0942,0.1131,-0.0848,-0.0688,-0.0902,-0.3588,-0.1002,0.2153,0.0696,-0.2492,-0.0753,0.1014,-0.1175,-0.0280,0.0317
"406,022",-25.0924,-18.5185,0.0233,0.0417,-0.1855,0.0417,-0.1563,0.1001,-0.1037,-0.0556,0.1045,-0.1720,-0.1272,0.1391,0.0584,-0.1578,-0.2891,0.1472,0.3209,-0.1011,-0.0789,-0.1790,0.0559,-0.1740,0.1407,0.1187,0.0284,0.2323,0.3365,-0.1407,0.3697,0.0406
"406,023",-16.1249,29.4622,-0.1851,0.0932,0.0435,0.0506,0.0745,-0.0520,-0.2738,0.0931,0.1904,0.0610,-0.1476,0.1643,0.1005,-0.1185,0.0303,0.2336,0.0458,-0.2279,-0.2142,-0.0094,-0.1536,-0.0084,0.0731,0.0781,-0.0864,0.1382,0.1886,-0.1549,0.1399,-0.0113
"406,024",1.2755,5.6809,0.0523,0.0573,0.0252,0.0113,0.0120,0.0510,0.0345,0.0680,0.0667,-0.0301,-0.0092,-0.0433,-0.0889,0.0351,0.2010,0.0778,-0.0470,0.0961,0.0276,0.0857,0.0104,0.0510,0.0104,0.0157,-0.0496,-0.0175,0.0644,-0.0163,-0.0874,0.1217
"406,025",11.4469,13.6883,0.1361,0.0306,-0.3219,0.0371,-0.2294,0.1601,0.0911,-0.1583,0.1244,-0.0886,-0.0776,-0.0777,0.1307,-0.1297,-0.1693,0.2356,-0.0190,0.1278,-0.0988,0.1000,-0.0665,0.0418,-0.0451,0.0646,0.0695,-0.0658,-0.1445,0.0231,0.0775,0.0388
"406,027",-33.9203,44.1052,-0.2808,0.1080,0.0919,0.2929,-0.1413,-0.0658,-0.5072,0.0512,-1.2396,-0.0448,0.6250,-0.2310,0.4511,-0.0477,0.2186,0.0730,-0.0831,0.0818,-0.0511,-0.2731,-0.0827,0.1894,-0.0237,0.2043,0.0143,-0.0135,-0.0056,-0.0763,0.0612,0.3150
"406,029",-22.7495,-26.0190,-0.0734,0.0104,-0.2377,0.1094,-0.4196,0.1711,0.0820,-0.1996,-0.1425,-0.2081,0.1205,0.1936,0.1664,-0.1512,-0.4514,0.1264,0.3726,0.2590,-0.1537,-0.0778,0.2609,-0.1143,-0.0341,-0.1011,-0.2316,-0.1215,0.0229,0.2326,-0.2052,0.0402
"406,030",-1.3539,60.4468,-0.1948,0.1661,0.0983,0.1570,-0.2685,-1.3935,0.4468,-0.4902,0.1947,-0.0504,0.1525,0.4608,0.1566,-0.1122,-0.0941,0.1155,-0.1026,0.2380,-0.1835,-0.0044,-0.0072,0.0054,0.0679,0.1452,0.0283,0.0362,-0.2210,0.0443,0.1109,0.0344
"406,033",-2.5200,14.0741,-0.1116,0.0544,0.0751,-0.0033,0.0800,-0.3090,-0.1829,-0.0853,0.1263,-0.1670,-0.0954,0.1340,-0.0635,-0.0821,0.1255,0.2295,0.0185,0.1712,0.0539,0.1338,0.0380,0.0045,0.0527,0.0201,0.1545,0.1096,0.0129,0.0658,-0.0473,0.0709
"406,034",-24.0226,-20.9525,-0.0028,-0.0018,-0.2264,0.0428,-0.2022,0.2003,0.0424,-0.0883,0.0439,-0.1014,-0.0560,0.0359,0.1032,-0.1921,-0.3323,0.1451,0.3228,0.1121,-0.0090,-0.1109,0.1294,-0.0990,0.0274,-0.0198,-0.0665,-0.0047,0.1146,-0.0044,0.0763,0.0824
"404,036",-13.4746,9.1648,-0.0793,0.0986,-0.0856,0.1094,-0.1186,0.1357,0.0326,-0.0774,0.1240,-0.0107,-0.0541,0.0389,-0.0514,-0.0570,0.0497,0.2175,-0.0446,0.1210,-0.1192,0.1572,-0.1974,0.0389,-0.0550,-0.0848,0.0118,0.0310,0.1154,-0.0535,-0.0367,0.1702
"406,039",24.0519,-6.5118,0.0859,0.0905,0.0742,-0.0075,0.0599,-0.0701,-0.0479,0.1093,0.1086,0.0757,0.0034,-0.2458,-0.1387,0.2179,-0.0780,0.1278,-0.2275,0.0614,0.0553,-0.1927,-0.2491,-0.2669,0.1371,0.1019,-0.0053,-0.1008,0.1645,0.0085,-0.0189,-0.0324
"406,040",-3.7912,10.3793,-0.0768,0.0151,-0.0268,-0.0010,-0.0178,0.0940,0.0654,0.0141,0.0301,-0.0041,0.0315,0.0140,-0.0819,-0.0109,-0.0486,-0.0493,0.1504,0.0352,0.0517,0.1307,-0.0188,0.1170,0.0112,-0.0208,0.0741,0.0499,-0.0520,0.0594,-0.0224,0.0849
"406,041",48.5740,9.3580,1.0810,0.5881,0.8545,0.5303,0.3015,0.2473,0.0185,-0.0942,-0.1384,0.1817,0.2152,0.3682,0.1219,-0.3885,0.0012,-0.1125,0.0195,0.1801,0.2729,0.1149,-0.0391,0.0926,-0.1061,-0.1236,-0.1386,-0.0547,-0.0492,0.0164,0.0393,-0.0698
"406,043",-15.1311,5.0350,-0.1622,-0.0105,0.0081,0.0098,0.0809,-0.0124,0.0289,0.1899,-0.0213,0.0752,0.0900,0.0530,-0.0546,-0.1729,-0.0201,0.0128,0.1158,-0.0555,-0.0798,0.0418,-0.0151,0.0806,0.0064,-0.0679,-0.0330,0.0524,-0.0138,-0.0305,-0.1167,-0.1124
"406,044",41.4468,-0.0834,0.3848,0.1533,0.1722,0.0548,-0.0393,0.0485,-0.0063,0.0340,0.1406,-0.1830,0.0343,0.0546,-0.0446,0.3842,0.1675,0.2073,0.1776,-0.7220,-0.5194,-0.1844,0.3193,-0.0044,0.0711,0.5106,0.5312,0.5157,0.1939,-0.5177,0.0090,-0.1353
"406,045",-2.9557,12.1192,-0.0326,0.0325,0.0750,0.0038,0.0761,0.0378,-0.0204,0.0163,0.0723,0.1265,-0.0180,-0.1213,-0.1317,-0.0098,0.0314,-0.0300,0.0749,0.0308,0.0903,-0.0355,0.0520,0.0829,0.1183,0.0533,-0.0211,0.0410,-0.0299,0.0182,-0.0359,0.0176
"406,047",31.6888,-3.6768,0.2417,0.1573,0.1115,0.0553,-0.0923,0.0965,-0.0527,0.0025,0.1240,-0.0112,0.0074,-0.1609,-0.0565,0.2993,0.0001,-0.0159,0.0663,-0.0604,-0.2173,-0.2236,-0.0724,-0.0627,0.1106,0.1316,0.2748,0.1032,0.3055,-0.3263,0.2208,-0.3308
"407,001A",24.1957,3.2307,0.1791,0.1050,0.1383,0.0212,0.0118,-0.3356,0.1058,0.0125,0.1631,-0.1442,-0.0084,-0.1674,0.0286,0.1239,-0.0146,-0.0463,-0.1388,0.0240,-0.1594,0.0031,0.1190,-0.1135,0.0493,0.1441,0.0810,-0.2204,0.1628,-0.0842,-0.2305,0.2283
"409,002",-24.6299,-22.0779,0.1274,-0.0558,-0.3057,-0.0336,-0.3560,0.2291,0.0462,-0.1530,0.0342,-0.0787,0.0129,0.1499,0.0832,-0.1303,-0.2424,0.0709,0.3326,0.1777,-0.0934,-0.1574,0.1562,-0.0898,0.0597,-0.0687,-0.1218,-0.0518,0.1518,-0.0142,0.1212,0.1081
"409,003",-19.4929,0.1116,-0.1892,0.0117,0.0333,0.0162,0.1726,0.0147,0.0052,0.0587,0.0693,0.1548,-0.0819,-0.0484,-0.1806,-0.1401,-0.0780,-0.1049,0.1891,-0.1146,0.0584,-0.1833,0.1359,0.0141,-0.0711,-0.0490,0.1422,0.3233,0.3718,0.1254,0.2825,0.0854
"409,004",-9.1696,23.8589,-0.2435,0.0406,0.0395,0.0931,0.1449,0.0308,-0.1382,-0.0386,0.0138,0.0934,-0.1272,-0.0421,-0.0048,-0.0817,-0.0782,0.0691,-0.1365,-0.1347,-0.0958,-0.0080,0.0588,-0.0429,-0.0571,-0.0223,-0.0113,-0.0386,-0.0464,0.0500,0.1343,-0.0727
"409,005",-0.9436,17.1537,-0.1893,0.0075,-0.0052,0.0355,0.0612,0.0680,-0.0040,0.0552,0.0973,0.0868,-0.0618,-0.0424,-0.0545,-0.0784,-0.0997,-0.0097,0.0860,0.0761,0.1262,0.2302,0.1328,0.0901,-0.0373,-0.1682,0.1712,0.1681,-0.0873,-0.0852,-0.0778,0.0073
"410,005",17.6870,4.8594,0.1104,0.0245,0.0356,-0.0317,0.0205,0.0659,0.1096,0.1622,0.0244,-0.1032,0.0710,0.0866,0.0083,0.1492,0.0443,0.1222,-0.0430,-0.1286,-0.2661,0.0942,0.0416,0.0109,-0.0567,0.1559,0.0636,-0.0295,0.0406,0.1211,-0.1108,-0.0757
"410,006",-5.2927,38.9770,-0.0953,-0.1114,0.0441,-0.1210,0.1860,-0.2151,0.1526,0.2898,0.2544,0.0393,0.1876,0.0561,-0.2892,-0.0568,0.0079,-0.4616,-0.0990,0.6353,-0.1193,-0.6756,-0.6685,-0.2301,-0.4338,0.2067,0.3082,0.5739,-1.2718,-0.1061,0.6643,0.1109
"411,001",12.1820,9.5602,0.0219,-0.0005,-0.1450,-0.0379,-0.1648,0.1624,0.1436,-0.0432,0.0936,-0.1184,-0.0010,-0.0214,0.0343,-0.0006,-0.1546,0.1000,-0.1393,-0.0162,-0.0772,0.0840,0.0171,0.0886,-0.1568,0.1244,-0.0679,-0.1522,-0.1424,0.1746,-0.0321,-0.0648
"411,004",14.2038,20.7080,0.0668,0.0562,-0.2960,0.0886,-0.4186,0.2996,0.1119,-0.1515,0.0908,-0.1579,-0.0273,0.0427,-0.0051,0.0764,-0.2021,0.0021,0.0314,0.0599,0.0401,0.0387,-0.1257,0.0028,-0.0136,0.1171,0.1106,-0.1263,-0.1798,-0.0241,0.0805,0.0877
"411,005",-1.0693,43.7667,0.0217,0.0634,-0.0370,0.0110,-0.1503,-0.4606,0.2605,-0.1883,0.1343,-0.1387,-0.0286,0.0543,0.0854,-0.1769,0.2150,0.2571,-0.1538,0.2774,-0.0632,0.1272,-0.0986,-0.0213,0.0214,-0.0512,-0.0035,0.0518,0.0501,0.0311,-0.0390,0.0863
"413a,001",-27.9970,17.0858,-0.0554,-0.0281,0.0709,-0.0715,0.1139,-0.2809,0.2498,0.0361,0.0293,-0.1757,0.0359,-0.0032,0.1152,-0.2694,0.0319,-0.3170,0.0111,-0.0362,0.0521,0.2189,0.1597,-0.0803,-0.1204,-0.0715,0.3189,-0.3719,0.0462,-0.1713,-0.1084,0.1918
"416,001",1.1355,17.7684,-0.1628,0.0143,0.0047,-0.0182,0.1274,0.0770,-0.0071,-0.0874,-0.0106,0.0379,-0.0450,-0.0249,-0.0292,-0.1126,-0.0689,0.0863,0.1015,0.0560,0.0985,0.1964,0.1635,0.0929,0.0683,-0.0520,0.1012,0.1972,-0.0881,-0.0867,0.0338,-0.0282
"416,002",-43.7035,-10.1630,-0.3459,-0.0295,0.0459,-0.0062,0.6663,0.2812,0.2088,-0.5981,-0.0965,-0.1234,-0.0975,0.0417,0.0999,0.1509,0.0285,-0.0018,0.0053,-0.1525,-0.0728,-0.1815,0.0828,0.0041,-0.0802,0.0338,-0.0127,0.0756,0.0288,0.0219,0.0102,-0.0084
"416,003",12.9980,25.9113,-0.1447,0.0578,-0.0099,0.0236,0.1157,0.0798,-0.0809,-0.0533,0.0741,0.0498,-0.1710,-0.2130,0.0604,-0.0840,-0.2566,0.1817,0.0797,0.2481,0.2241,0.3381,0.2165,0.3093,0.1905,0.0088,0.1456,0.3690,-0.3006,-0.0791,0.0344,-0.0455
"416,004",11.7165,27.4796,-0.2614,0.0617,0.0322,0.0769,0.1441,0.0340,-0.0879,-0.1086,-0.0486,0.0851,-0.1453,-0.1630,-0.0288,-0.1137,-0.2029,0.0861,0.1020,0.1412,0.2730,0.2854,0.2850,0.2708,0.2112,-0.0916,0.1219,0.5443,-0.1095,-0.2007,0.1550,-0.1318
"416,005",-41.2132,-9.4748,-0.3011,-0.0091,0.0210,-0.0067,0.5162,0.2321,0.1197,-0.4098,-0.0505,-0.0785,-0.0902,0.0255,0.0883,-0.0074,-0.1116,0.1344,0.0177,-0.0456,0.1002,0.0078,0.0758,0.0462,0.1385,-0.0053,0.0319,0.1836,-0.1068,-0.1218,0.0110,-0.0397
"419,001",17.1196,-18.3078,0.0635,-0.1258,0.0529,-0.1815,0.1788,-0.1465,0.1068,0.4393,0.1661,-0.3002,0.1694,0.0567,-0.2488,0.2212,0.0224,-0.4864,-0.2579,0.5262,-0.3342,-0.4560,0.2618,-0.7758,-0.6790,-0.2971,-1.4012,1.0984,-0.7710,-0.9772,-0.2555,0.8722
"420,001",-14.4864,19.0290,-0.2274,0.0001,0.0351,0.0144,0.1871,0.0089,-0.0481,0.2240,0.0526,0.1262,0.0253,-0.0072,-0.1216,-0.1618,0.0408,-0.0443,0.0089,-0.0352,-0.0391,-0.0528,-0.1306,-0.0379,-0.1394,-0.1305,0.1442,-0.1704,0.0008,0.0277,0.0253,-0.3869
"420,002",11.0301,3.2001,-0.0397,0.0123,0.0292,-0.0313,0.0596,-0.0242,-0.0638,0.1569,0.0979,-0.0631,-0.0343,-0.0265,-0.0604,0.0772,-0.0008,0.0348,-0.0881,-0.1877,-0.1927,0.0991,0.0268,-0.0069,-0.1770,0.0573,-0.1392,0.0791,0.1053,0.0954,0.0071,0.0769
"421,001",-32.9897,25.9445,-0.2394,0.0926,-0.1185,0.1881,-0.2541,0.2640,-0.0532,-0.1129,0.0683,0.0812,-0.0944,0.0992,-0.0265,-0.2194,0.0722,-0.1689,-0.3884,0.0003,0.1162,0.0901,0.2795,-0.0613,0.1309,-0.0209,0.0315,0.1219,-0.1120,0.0255,-0.0455,-0.1004
"421,002",-5.8182,18.8273,-0.2512,-0.0169,-0.0199,0.1779,-0.0459,0.1201,-0.0675,-0.0516,0.1013,0.1375,-0.0773,0.0104,0.0021,-0.1304,-0.0546,-0.0302,0.0439,0.0361,0.0572,0.0983,0.0022,-0.0182,-0.0534,-0.1101,0.0685,0.0572,-0.0303,-0.0517,-0.0728,-0.0148
"421,003",15.5391,10.2721,0.0649,0.0283,0.0124,-0.0471,0.0092,0.1091,-0.1159,0.0887,0.1724,-0.1249,-0.1828,-0.0354,0.1970,0.0483,-0.0416,0.1603,0.1970,0.1411,-0.0282,-0.0949,0.0480,0.0714,0.0824,0.1831,0.1600,-0.0096,-0.2765,-0.3047,0.0656,-0.1833
"421,004",-17.2533,27.2358,-0.2299,0.1140,0.0792,0.0938,0.1782,-0.0827,-0.1421,0.1217,0.1586,0.3065,-0.0456,-0.1947,-0.0699,-0.0524,-0.0450,-0.0053,0.0553,0.0784,-0.0155,-0.1973,-0.2967,-0.1809,0.0730,0.0491,-0.0470,-0.0382,0.1614,0.0228,0.0094,-0.0726
"421,005",29.5201,-28.5624,0.0332,-0.0607,0.1607,-0.1618,0.1298,-0.1114,-0.9460,-0.0051,0.2010,-0.6072,-0.3161,0.3744,-0.0166,-0.0129,0.0506,0.0642,-0.0428,-0.1749,-0.0997,-0.0727,-0.0414,-0.0236,-0.0321,0.0733,0.0157,0.1123,0.0646,0.0123,-0.0189,0.0617
"421,005a",-41.4479,-13.9124,-0.3752,-0.0723,-0.0006,-0.0193,0.8013,0.4414,0.3901,-0.7523,-0.3714,-0.4026,0.0577,0.1396,0.3170,0.2534,0.1633,-0.3114,0.2015,-0.0175,-0.1378,0.2280,-0.2016,-0.4631,0.3304,0.2178,-0.1772,-0.1710,-0.1336,0.1434,0.1416,-0.0398
"421,006",26.5898,18.7422,-0.0903,-0.0100,-0.0060,-0.0102,0.1612,0.1549,0.1415,-0.0334,0.0371,-0.1113,-0.0931,-0.1633,0.0252,0.0422,-0.2366,0.1574,-0.2387,-0.2085,-0.1967,0.0675,0.2654,0.2073,-0.3997,0.3090,-0.1535,-0.1751,-0.1363,0.5335,0.0943,0.0012
"421,007",-11.8695,9.7834,-0.1069,-0.0038,0.0709,-0.0100,0.2087,0.0267,-0.0502,-0.0133,0.0827,0.0511,-0.0560,-0.1174,-0.0467,0.0569,-0.0536,-0.0689,0.0103,-0.0222,-0.0213,-0.1403,0.1447,-0.0422,-0.0412,0.0792,0.1201,0.1394,0.1117,0.0118,0.0345,0.0223
"421,008",3.9294,22.5654,-0.1754,0.0834,-0.0264,0.0896,-0.0281,0.0907,-0.0400,-0.0040,0.1060,0.1159,-0.0990,-0.2205,-0.1001,-0.0237,-0.2111,0.1503,-0.0337,-0.0123,0.1968,0.3230,0.1192,0.0005,-0.1435,-0.1593,0.1478,0.1431,-0.3122,-0.2203,-0.0361,0.1420
"421,009",-15.5254,13.3837,-0.1927,-0.0143,0.0333,-0.0159,0.1982,0.0117,0.0070,0.0213,0.0547,0.0625,-0.0191,-0.0409,-0.0464,-0.0732,-0.0816,-0.1111,0.0883,0.0690,0.1011,-0.0171,0.0806,0.0602,-0.0114,-0.0191,0.1202,0.0038,-0.0238,-0.0160,-0.0209,0.0280
"421,010",-2.1941,1.9064,-0.1027,-0.1148,0.0470,0.0000,0.1013,-0.0012,0.0379,0.1941,-0.0062,-0.0311,0.1015,0.0165,-0.1295,0.0570,-0.0563,0.0933,-0.0244,-0.0402,0.0706,0.0022,0.1182,-0.1607,-0.1439,-0.1105,-0.0451,0.2057,0.0275,-0.1030,-0.0123,-0.1640
"422,001",-4.1364,-1.9411,-0.0447,-0.0557,-0.0204,-0.0648,0.0330,0.0195,0.1084,0.1425,0.0292,-0.0655,0.0782,0.0650,-0.0633,-0.0174,-0.0077,-0.0923,-0.0302,-0.0053,0.0255,0.0003,0.0506,0.0256,-0.0405,-0.0001,0.0137,-0.0579,0.0276,0.0044,0.0037,0.0168
"422,002",-26.7410,36.3914,0.1929,0.1366,0.1880,0.1095,-0.0305,0.0095,-0.2465,0.0079,-0.6087,-0.0055,0.2938,-0.1660,0.2310,-0.0226,0.1690,0.0624,-0.0753,0.1912,-0.0455,-0.0877,0.0248,-0.0437,0.0715,0.0736,0.0612,-0.0078,0.0059,-0.1113,-0.0174,0.1811
"425,001",-29.0979,16.3814,-0.0272,-0.0483,0.0658,-0.0659,0.2136,-0.1552,0.2613,-0.0034,0.0330,-0.2553,-0.0361,-0.1780,0.2073,-0.2528,0.0017,-0.2547,-0.0486,-0.0998,0.0335,0.0682,0.2368,-0.1034,-0.2817,-0.1827,0.2822,-0.4538,0.0706,-0.2984,-0.0739,0.2008
"427,001",16.8222,-1.6276,0.0538,-0.0082,0.0637,-0.1624,0.0393,-0.0460,-0.0315,0.0419,0.1145,0.1473,0.0526,-0.1543,-0.1099,0.0145,-0.0308,-0.0758,-0.1848,0.0286,-0.1531,-0.1604,0.1180,-0.2142,0.1196,0.1014,0.1685,-0.0799,0.1062,0.0478,-0.0797,0.0316
"427,002",-16.4506,6.9147,-0.0550,0.0035,-0.0255,0.0110,0.1338,0.0157,0.0311,0.1334,0.0944,-0.0065,-0.0798,-0.0472,-0.0472,-0.0916,0.0224,-0.0860,0.2362,-0.1812,-0.0108,-0.0202,-0.0765,0.1591,0.0517,-0.1147,-0.1053,0.1417,0.1559,0.0422,-0.1063,0.0417
"430,001",6.0556,29.9072,0.0455,0.1151,0.0573,0.0776,-0.1125,-0.0205,0.0367,0.0214,-0.0546,0.0252,-0.0751,-0.0698,-0.1032,0.2654,0.1726,-0.0883,0.1348,-0.2184,0.0271,0.0397,-0.0044,0.0487,-0.1037,-0.0557,-0.0930,0.1026,0.0181,-0.0356,-0.1090,0.0373
"432,001",-0.7636,16.1453,-0.1833,0.0355,0.0244,0.0247,0.0896,-0.1563,0.0389,-0.0100,0.0777,0.0016,-0.0397,0.0135,-0.0509,-0.0738,0.0821,0.1830,0.0525,0.2176,0.1235,0.3340,0.1260,0.1494,0.0547,-0.1449,0.0600,0.2706,0.0403,-0.0766,0.0429,-0.0696
"432,002",-25.2939,14.6814,-0.1986,0.0043,0.0133,-0.0074,0.1416,-0.1118,0.0571,0.1312,0.1576,0.0021,0.0205,0.0521,-0.0546,-0.3646,-0.2804,-0.1074,0.1076,-0.0921,-0.0693,0.0452,0.1016,0.1090,-0.0877,0.1394,0.1610,-0.4461,-0.0302,-0.2948,-0.2730,0.2529
"434,001",-0.5428,-45.2806,0.2816,-0.2192,-0.0321,-0.8457,-0.1427,0.0783,-0.1752,-0.4101,-0.0809,0.5565,0.1848,0.1163,0.0125,-0.1150,0.0539,0.0776,0.0372,-0.0359,0.0450,-0.0141,-0.0234,-0.0916,-0.1443,-0.0177,-0.0187,0.0111,-0.0888,0.0869,0.0133,-0.0719
"434,001a",-4.3682,-3.7167,0.0657,-0.0902,-0.1174,-0.1911,-0.0931,0.0360,0.0592,-0.0634,0.0030,0.0187,0.1185,0.1754,-0.0121,-0.0653,0.0119,0.1343,0.0601,0.1462,-0.1244,0.1000,0.0859,0.0644,-0.0600,-0.2691,-0.0614,0.0462,0.2400,0.0867,0.0161,0.1787
"434,002",-1.4098,-45.6700,0.2337,-0.1675,-0.0490,-0.6919,-0.1644,0.1201,-0.2060,-0.4550,0.0112,0.4682,0.2202,0.0311,0.0847,-0.0959,-0.0993,0.1384,0.0790,-0.0625,-0.0606,0.0597,0.0754,-0.1389,-0.1172,-0.0444,-0.0307,0.0608,-0.0846,0.0753,-0.0000,0.0424
"434,003",18.4228,9.1820,0.1879,-0.0239,-0.0303,-0.0235,-0.0542,0.0467,0.0767,0.0730,0.0212,-0.0883,0.0205,-0.1038,-0.0289,0.2369,-0.0833,0.1625,-0.1333,-0.0142,-0.1291,0.0822,-0.0539,0.0008,-0.0449,0.1444,-0.0925,-0.1238,-0.0586,0.0599,0.0233,0.0355
"434,004",-5.3142,-44.9029,0.1512,-0.1898,-0.0794,-0.7118,-0.0378,0.1777,-0.1054,-0.5201,0.0303,0.3600,0.2085,0.1011,0.1013,-0.1233,-0.1655,0.1867,-0.0529,-0.1293,-0.0288,0.0800,0.0668,-0.0977,-0.3879,0.0105,-0.0260,-0.1091,-0.1953,0.1549,0.0516,-0.1589
"434,004a",1.6571,-39.0333,0.1474,-0.1201,-0.0366,-0.5310,-0.2156,0.0703,-0.0532,-0.2803,-0.0944,0.4557,0.1730,0.1719,-0.1555,-0.0575,0.2048,0.1171,0.1499,-0.2062,0.1521,-0.0252,-0.0801,0.2366,-0.0402,-0.0582,-0.0202,0.1446,0.0465,0.2673,0.1956,0.0476
"434,005",1.4520,49.8009,0.0574,0.1730,0.0977,0.1291,-0.2219,-0.7982,0.1717,-0.3249,0.1094,-0.1254,0.0513,0.2396,-0.0185,0.2351,0.0152,0.1134,-0.1030,0.0454,-0.0213,-0.1041,-0.0182,-0.0890,0.1721,0.1133,0.1219,-0.0274,0.1034,0.1139,-0.1013,0.0018
"434,006",-0.4652,-1.5251,0.1441,-0.0721,-0.0316,-0.0480,-0.0460,0.0272,0.0358,0.1321,-0.2404,-0.0891,0.2234,-0.0252,0.1107,0.0251,-0.0435,0.1008,-0.0602,0.2303,-0.0626,-0.1264,-0.0662,-0.1467,0.1193,0.0755,0.0952,-0.0706,0.0163,-0.0482,0.0963,0.0249
"434,006a",5.1498,-45.7769,0.2601,-0.0691,0.0597,-0.6121,-0.1251,-0.0306,-0.3246,-0.3662,0.0282,0.4831,0.1493,-0.1364,0.0282,0.0773,0.1272,-0.0348,-0.0376,-0.1052,-0.0005,-0.0520,0.0005,-0.0846,0.0011,-0.0014,-0.0247,0.0799,0.0543,-0.0279,-0.0016,0.0892
"434,006b",6.4551,-34.3562,0.1138,-0.1248,0.0291,-0.4752,-0.0575,-0.2372,-0.1249,-0.1765,-0.0164,0.1100,0.0489,0.2675,-0.0761,-0.0591,0.1061,-0.0622,-0.0205,0.0481,0.0768,0.0322,-0.1439,0.1379,-0.0112,-0.0488,0.0058,-0.0110,0.1253,0.1813,-0.0295,-0.0544
"434,007",-15.2568,49.7824,0.0794,-0.1008,0.0439,-0.1395,-0.0812,-0.1902,0.2280,0.0462,-0.2795,0.0526,-0.0023,0.2615,-0.2051,0.1876,-0.2754,0.4368,-0.2428,-0.4396,0.7867,-0.2235,-0.2284,-0.0643,0.2787,-0.0427,0.0008,0.1479,0.0728,0.0248,0.0636,0.0875
"434,007a",5.8743,-39.9984,0.2569,-0.0715,0.0475,-0.5441,-0.1187,-0.0525,-0.0928,-0.2871,0.0325,0.3444,0.1617,-0.0277,0.0580,0.0096,0.0507,-0.0784,-0.0012,-0.0422,0.0132,0.1263,0.0140,0.0064,0.0485,0.1137,-0.0718,-0.0743,-0.0106,-0.0730,-0.0958,0.0628
"434,007d",10.7772,22.9590,-0.0090,-0.0454,0.0292,-0.1655,0.0335,-0.0085,-0.1045,-0.1547,0.0217,0.1600,-0.0703,-0.1932,0.1114,-0.0059,-0.1113,0.1304,0.0524,0.2439,0.1569,0.3164,0.2164,0.1909,0.1322,-0.0589,0.1029,0.3184,-0.2193,-0.1277,0.0913,-0.1007
"434,007e",-2.0600,-47.7054,0.3058,-0.2073,-0.0565,-0.8828,-0.1826,0.1135,-0.2811,-0.5318,0.0252,0.5903,0.2546,0.0406,0.0900,-0.0953,-0.0033,0.1129,0.0038,-0.0641,-0.0469,0.0113,-0.0143,-0.1358,-0.0857,-0.0027,0.0229,0.0334,-0.0786,0.0561,0.0782,0.0145
"434,008",24.6339,2.1563,0.2286,0.1368,0.1179,0.0525,-0.0484,-0.0194,0.0450,-0.0230,0.0977,-0.0221,0.0587,-0.0733,-0.0836,0.1485,-0.0123,-0.0310,-0.0242,0.0966,-0.1042,-0.0606,0.0020,-0.0473,0.1943,-0.0154,0.0579,-0.0930,-0.0037,0.1282,-0.0413,0.1105
"434,009",6.7170,10.1452,0.0920,-0.0065,-0.2000,-0.1033,-0.2206,0.2159,0.0756,-0.1276,0.0977,-0.0930,-0.0038,0.0861,0.0833,-0.0885,-0.1398,0.2021,0.0370,0.1149,-0.0731,0.0787,-0.1298,-0.0399,-0.2155,-0.0511,-0.0002,-0.0275,-0.1547,-0.0257,0.1002,0.0230
"434,009a",4.2878,-40.4544,0.2518,-0.1709,0.0245,-0.7894,-0.1714,-0.3114,-0.0224,-0.4130,-0.0101,0.3541,0.1094,0.0449,0.1503,-0.2467,0.1876,-0.1600,-0.0278,-0.0449,0.1039,0.0684,-0.0356,0.1202,-0.0196,-0.0006,-0.0499,-0.1743,-0.0236,-0.0905,-0.1340,-0.0398
"434,010",-26.2380,-18.6509,0.0307,0.0243,-0.3272,0.0354,-0.3672,0.2763,0.0326,-0.2238,0.0853,-0.0545,-0.0164,0.0922,0.0498,-0.1381,-0.2900,0.0700,0.2456,0.1757,-0.0432,-0.0758,0.0245,-0.0495,-0.0211,-0.0069,0.0670,-0.1074,-0.0381,-0.0227,0.0714,0.1103
"434,011",-4.0839,-48.3056,0.2613,-0.1964,-0.0619,-0.8996,-0.2464,0.1132,-0.2359,-0.5663,0.0568,0.7068,0.2816,0.1179,0.1431,-0.1699,0.0337,0.1164,0.0337,-0.0628,-0.0286,0.0845,-0.1024,-0.1272,-0.1560,-0.0452,-0.0363,0.0737,-0.2141,-0.0550,0.0994,0.0322
"434,012",18.6032,24.1457,0.0874,0.0823,-0.3202,0.1178,-0.5042,0.3606,0.0742,-0.2307,0.1054,-0.0977,-0.0609,0.0379,0.0233,0.1878,-0.1499,0.0205,-0.0041,0.1238,-0.1107,0.0489,-0.2789,0.1270,-0.0636,0.1546,0.1179,-0.2257,-0.2476,-0.1246,0.1601,-0.0029
"434,013",-0.5742,-52.0439,0.4097,-0.2332,-0.0065,-1.1002,-0.2309,0.0899,-0.3744,-0.6662,0.0332,0.8445,0.3439,-0.0135,0.1015,-0.0721,0.1022,0.1031,0.0342,-0.2603,-0.0935,-0.0419,0.0346,-0.1728,-0.0940,0.0365,0.0144,0.2368,0.0931,0.0077,0.1162,0.2178
"434,014",-1.5163,-50.3178,0.3598,-0.1941,-0.0227,-0.8982,-0.2348,0.0953,-0.3537,-0.6212,-0.0023,0.7210,0.2945,-0.0389,0.1145,-0.0440,0.0071,0.1751,0.0202,-0.1391,-0.1149,-0.0349,0.0433,-0.1614,-0.0546,0.0073,-0.0057,0.1834,0.0124,-0.0053,0.0753,0.1710
"434,014a",-0.1361,-49.0221,0.2104,-0.2049,0.0095,-0.7456,-0.1147,0.0211,-0.2288,-0.4322,-0.0416,0.6799,0.1631,0.0081,0.1156,-0.0311,0.0597,0.0480,-0.0714,-0.2683,-0.0462,0.0854,0.0745,-0.0258,-0.2170,-0.0860,0.1003,-0.0583,-0.0655,0.0824,0.0731,0.2703
"434,015",4.7686,-39.0367,0.2154,-0.2053,-0.0040,-0.6523,-0.0716,0.0031,-0.0707,-0.1829,-0.0466,0.3310,0.1764,0.1095,-0.0183,-0.0610,0.0942,-0.0400,-0.0081,-0.0428,0.0600,-0.0374,-0.0646,0.0633,-0.0202,0.0153,0.0056,-0.0203,-0.0031,0.0212,0.0150,-0.0893
"434,016",5.9982,-26.5957,0.1401,-0.1569,-0.0414,-0.3051,-0.0432,0.0515,0.0285,0.0340,-0.0656,0.1194,0.1500,0.0995,0.0271,-0.0255,-0.0161,0.1126,0.0234,0.0036,-0.0168,0.0283,-0.0484,-0.0929,0.0620,0.0007,-0.0074,-0.0440,-0.0736,-0.0606,-0.0055,-0.1041
"434a,002",1.0070,-44.5213,0.2502,-0.2175,-0.0304,-0.7996,-0.1476,0.0536,-0.1965,-0.4029,-0.0410,0.4539,0.2356,0.0608,0.0974,-0.0959,0.0385,0.0016,0.0013,-0.0603,0.0231,0.1154,-0.0051,-0.0059,-0.0791,-0.0114,-0.0894,-0.0637,-0.0495,-0.0067,-0.0135,-0.0661
"434a,004",19.4666,-19.7311,0.1163,-0.0380,0.0216,-0.2368,-0.1263,-0.0728,0.0237,-0.0411,-0.0601,-0.0023,0.1220,0.0335,-0.1437,0.2247,0.2494,-0.3143,0.2557,-0.1248,0.0548,0.4741,-0.0358,-0.4428,0.1085,0.0477,-0.2754,0.2311,0.1903,0.2343,-0.1024,0.0041
"434a,005",-1.8652,-48.2796,0.3058,-0.2260,-0.0301,-0.8950,-0.2082,0.0950,-0.2189,-0.4837,-0.0289,0.6551,0.2968,0.1223,0.0098,-0.0942,0.1143,0.1116,0.0642,-0.2169,0.0187,0.0038,-0.0292,0.0358,-0.0954,-0.0235,0.0080,0.1311,0.0116,0.1094,0.1471,0.0996
"434a,006",-5.6144,-43.7838,0.1540,-0.2382,-0.1123,-0.7611,-0.0047,0.2172,-0.0613,-0.5600,0.0177,0.3787,0.2429,0.1684,0.1679,-0.1708,-0.1599,0.1823,-0.0285,-0.0693,-0.0582,0.1036,0.0484,-0.1400,-0.3801,-0.0503,-0.0298,-0.0790,-0.2014,0.1525,0.0448,-0.2759
"434a,007",1.3353,-49.5987,0.3844,-0.1955,0.0102,-0.9769,-0.1750,0.0208,-0.3146,-0.4965,0.0595,0.6467,0.2828,-0.1118,0.0635,-0.0153,0.1761,-0.1011,-0.0372,-0.1247,-0.0035,-0.0453,-0.0466,-0.1719,0.0057,0.0924,-0.0502,0.1023,0.1447,0.0021,-0.0251,0.1602
"434a,009",2.7501,-44.5996,0.2842,-0.2269,-0.0099,-0.8652,-0.1123,-0.0025,-0.2378,-0.3723,-0.0275,0.4944,0.1995,0.0926,0.0069,-0.0952,0.0912,-0.0484,-0.0085,0.0242,0.0405,-0.0143,-0.0709,-0.0035,-0.0073,0.0075,-0.0096,-0.0070,0.0144,0.0082,0.0017,-0.0629
"434a,010",3.9569,-44.0672,0.2044,-0.1569,-0.0133,-0.6916,-0.0860,0.0348,-0.2449,-0.3317,0.0164,0.4758,0.1644,-0.0043,-0.0077,-0.0509,0.0130,-0.0479,0.0459,0.0071,0.0169,0.0204,-0.0674,-0.1437,-0.0065,0.0276,-0.0592,-0.0165,0.0626,0.0200,-0.0115,-0.0052
"434a,011",-1.0245,-40.2284,0.1858,-0.1622,-0.1159,-0.5214,-0.1710,0.1453,-0.0581,-0.2576,0.0264,0.2120,0.1718,0.1195,0.0878,-0.0958,-0.0823,0.1556,-0.0290,0.0298,-0.0338,0.1374,-0.0584,0.0115,-0.1460,-0.0233,-0.0320,-0.1011,-0.1422,0.0193,0.0807,-0.0894
"434a,012",-6.6382,-42.6594,0.1888,-0.2175,-0.1269,-0.6300,-0.1793,0.1922,-0.0784,-0.3043,-0.0816,0.2305,0.2560,0.1532,0.1599,-0.1827,-0.2751,0.2495,0.2472,0.1172,-0.1120,0.0922,0.1279,-0.2312,-0.2729,-0.1108,-0.2417,-0.0360,-0.1368,0.2185,-0.1276,-0.1383
"434a,013",0.7775,-33.4736,0.2096,-0.1285,-0.0065,-0.4787,-0.1305,0.0014,0.0106,-0.0943,-0.0020,0.0692,0.0167,-0.1825,0.1235,-0.0302,0.0707,-0.3476,0.0209,0.1730,0.2280,0.1947,0.1317,0.6297,0.3493,0.0979,-0.2840,-0.3326,0.0315,-0.5123,-0.3940,0.0858
"434a,014",2.4988,-42.5944,0.3751,-0.2249,0.0205,-1.0322,-0.1522,-0.0391,-0.2225,-0.4460,0.0181,0.6279,0.2150,-0.0802,0.0868,-0.1120,0.1842,-0.2399,-0.0468,-0.0013,0.1529,-0.0219,-0.0410,0.2237,0.1317,0.1199,-0.1242,-0.1863,0.0837,-0.1939,-0.1871,0.0386
"434a,017",4.9708,-37.8514,0.2091,-0.1850,0.0298,-0.5490,-0.0954,-0.0414,-0.0833,-0.2068,-0.0568,0.3363,0.1198,0.0477,0.0172,-0.0381,0.0751,-0.0278,0.0052,-0.1004,0.0302,0.0316,0.0301,0.1050,0.0621,-0.0140,-0.0460,0.0170,0.0051,-0.0676,0.0121,0.0397
"434a,018",6.8021,-31.3742,0.0787,-0.1045,-0.0072,-0.3765,-0.0594,-0.0342,0.0042,-0.0424,-0.0072,0.2134,0.1701,0.1607,0.0067,-0.0910,0.0800,0.0538,0.0476,-0.0574,-0.0552,0.0469,-0.0634,-0.0293,0.0231,0.0044,-0.0206,-0.0890,-0.0290,-0.0633,-0.0520,0.0126
"434a,020",2.8883,-11.6855,0.1452,-0.0911,0.0249,-0.2828,-0.0128,-0.0411,0.0212,0.0416,-0.0249,0.0051,0.1241,0.1005,-0.0550,0.0953,0.0743,-0.0631,0.0325,-0.0347,-0.0063,0.0585,-0.0142,0.0456,0.1420,0.0233,0.1391,0.1639,0.1162,-0.0827,-0.0758,-0.1050
"434a,024",3.3139,-43.0919,0.2837,-0.1968,0.0345,-0.8777,-0.1028,-0.0171,-0.2431,-0.3933,0.0299,0.6540,0.2139,-0.0832,0.0429,-0.0480,0.1357,-0.1688,-0.0568,0.0079,0.1313,-0.0015,-0.0182,0.1914,0.1049,0.0633,-0.0512,-0.1656,0.0304,-0.1390,-0.1356,0.0704
"434a,025",-3.6282,-48.7737,0.3000,-0.2317,-0.0338,-0.9933,-0.1849,0.0866,-0.3286,-0.5990,-0.0495,0.6725,0.2147,0.0930,0.0767,-0.1446,-0.0104,0.1377,0.0412,-0.0838,0.0257,0.0639,-0.0110,-0.1001,-0.1954,-0.0415,-0.0612,-0.0012,-0.1337,0.1097,0.0521,-0.1058
"434a,026",28.5478,-27.5834,0.1959,-0.1715,0.0925,-0.7384,0.0357,-0.1184,-1.0794,-0.3374,0.1481,-0.2905,-0.1918,0.4360,0.0189,-0.1559,0.0165,-0.0054,-0.0323,-0.0495,0.0465,0.0149,-0.1302,0.0448,-0.1184,-0.0130,-0.0207,-0.1219,-0.0740,0.1422,0.0055,-0.1035
"434a,027",13.4814,13.3290,0.1915,-0.0007,-0.2050,-0.1385,-0.2575,0.1290,0.0306,-0.1523,0.0849,0.0319,-0.0005,-0.1168,0.0889,0.1182,-0.0166,0.0282,-0.1153,0.0278,-0.1034,0.0216,-0.2381,0.1140,-0.1321,0.0896,0.0145,-0.1492,-0.1287,-0.0754,0.0847,-0.0047
"434a,029",2.0941,-35.8354,0.2424,-0.2088,0.0191,-0.7027,-0.0841,-0.0610,-0.0615,-0.1952,0.0265,0.2984,0.1223,-0.1057,0.0959,-0.1018,0.1269,-0.3511,-0.0047,0.1004,0.2414,0.1209,0.0641,0.5358,0.2711,0.0812,-0.2369,-0.3325,0.0550,-0.3721,-0.3278,0.0157
"434a,030",4.5286,-42.5051,0.2947,-0.1398,0.0081,-0.7786,-0.2122,-0.0569,-0.1946,-0.4178,0.0171,0.3859,0.1465,-0.1293,0.1819,-0.1615,0.2120,-0.1018,-0.0317,-0.1153,0.0064,0.0757,-0.0404,0.0058,0.0377,0.0130,-0.0519,-0.0690,-0.0944,-0.1967,-0.0769,-0.0283
"434a,031",-3.1370,60.1003,-0.0769,0.0988,0.0752,-0.0313,-0.3137,-1.2802,0.4432,-0.5229,0.1614,-0.0987,0.1050,0.3643,0.2267,-0.1776,0.0312,0.0051,-0.0617,0.1585,-0.0432,0.0310,0.0747,0.0456,0.0804,0.0264,-0.0104,-0.0636,0.0237,0.0810,-0.0593,-0.0700
"434a,032",3.2849,-41.7974,0.2640,-0.2266,0.0012,-0.8617,-0.0906,-0.0279,-0.1849,-0.3281,0.0241,0.4845,0.2359,0.0367,0.0510,-0.0973,0.0876,-0.1687,-0.0507,-0.0151,0.1168,0.0326,-0.0201,0.1727,0.0608,0.0387,-0.1197,-0.1454,0.0097,-0.1113,-0.0961,0.0072
"434a,034",-11.7719,-10.4531,0.0818,-0.1350,-0.0375,-0.0745,0.0047,0.0189,0.0991,0.1197,-0.0815,-0.1209,0.0157,0.1466,-0.1437,0.0567,-0.0012,0.1014,0.1451,0.0518,0.1532,-0.1507,0.0272,-0.0240,0.1626,-0.0337,-0.0213,0.2911,0.2114,0.1829,0.0686,-0.1335
"434a,035",-0.9156,-52.4751,0.4042,-0.2188,-0.0063,-1.0130,-0.2354,0.0554,-0.3364,-0.6257,0.0423,0.7398,0.2944,-0.0335,0.1471,-0.0818,0.0994,0.0735,0.0104,-0.2439,-0.0958,-0.0607,0.0055,-0.1045,-0.0503,0.0287,0.0029,0.1934,0.0352,-0.0552,0.0893,0.1536
"434a,036",6.4998,-35.5802,0.1768,-0.1505,-0.0101,-0.5418,-0.0219,-0.0010,-0.0111,-0.0716,-0.0292,0.2324,0.1627,0.0987,-0.0682,-0.0357,0.0696,-0.1251,-0.0258,-0.0211,0.0053,-0.0292,-0.0649,0.1147,-0.0809,0.0712,-0.0311,0.0060,0.0412,0.0694,0.0850,-0.0977
"434a,037",2.5176,-39.9298,0.1626,-0.1784,-0.0151,-0.6006,-0.0881,0.0495,-0.0970,-0.2658,-0.0967,0.3576,0.2307,0.1561,0.0194,-0.0264,-0.1007,0.1744,-0.0408,-0.2521,0.1977,0.0008,-0.0283,-0.0882,-0.0380,-0.0876,-0.0714,0.0609,-0.0084,0.0238,0.0583,0.0806
"434a,038",-3.0028,-49.0451,0.3159,-0.2585,-0.0496,-1.0169,-0.1908,0.1106,-0.3123,-0.6012,-0.0110,0.6356,0.2703,0.1156,0.1145,-0.1712,-0.0205,0.1169,0.0634,-0.0398,0.0019,0.0455,-0.0303,-0.1078,-0.1847,-0.0437,-0.0705,0.0550,-0.0851,0.0733,0.0240,-0.0415
"434a,039",-0.3907,-52.1593,0.4278,-0.2165,0.0146,-1.1079,-0.2157,0.0690,-0.4233,-0.6864,0.0641,0.8712,0.3509,-0.0512,0.0927,-0.0519,0.1167,0.0499,-0.0067,-0.2022,-0.0811,-0.0982,0.0011,-0.1821,-0.0311,0.0441,0.0264,0.2178,0.0750,-0.0359,0.0785,0.1793
"434a,040",2.0321,-27.9712,0.2086,0.0592,0.1928,-0.1054,0.0868,-0.0969,0.1049,0.0145,-0.1761,0.1655,-0.1988,0.0969,-0.0795,-0.1655,0.0003,-0.1970,0.0808,0.1085,0.1213,0.1514,0.1614,0.3249,0.0748,-0.0547,-0.0999,-0.1700,-0.0733,-0.1333,-0.1541,0.0729
"434a,041",7.5924,-35.8535,0.1254,-0.1489,0.0214,-0.5456,0.0180,-0.1018,-0.0693,-0.1644,0.0776,0.1698,0.1034,-0.0182,0.0193,-0.1654,0.0896,-0.1322,-0.0637,-0.0253,0.1654,-0.0615,-0.1320,-0.0326,-0.1068,-0.0560,0.0583,0.0109,-0.0629,0.0017,-0.0407,-0.0121
"434a,042",8.7192,-32.1223,0.0703,-0.0846,-0.0236,-0.3396,-0.0365,0.0365,-0.0114,-0.0650,0.0423,0.2168,0.1338,0.0135,-0.0165,0.0260,0.0040,-0.0303,-0.0426,0.0521,0.0005,-0.0083,-0.1490,-0.0336,-0.0732,-0.0159,0.0921,-0.0332,0.0012,0.0547,-0.0056,-0.0586
"434a,043",0.9787,-47.1993,0.3040,-0.2417,-0.0198,-0.9392,-0.1496,0.0408,-0.2651,-0.4694,0.0173,0.6439,0.2919,0.0401,0.0932,-0.1013,0.0924,-0.0236,-0.0222,-0.0632,0.0298,0.0364,-0.0384,-0.0413,-0.0255,-0.0246,-0.0825,-0.0145,-0.0184,-0.0463,-0.0251,0.0620
"434a,044",-5.9545,-44.1739,0.1288,-0.1950,-0.1256,-0.6469,-0.0374,0.2287,-0.0626,-0.4712,0.0230,0.2913,0.2278,0.1600,0.1387,-0.1767,-0.1867,0.2075,0.0099,-0.0605,-0.1116,0.1307,0.0318,-0.1672,-0.4012,-0.0857,0.0302,-0.0607,-0.2133,0.1501,-0.0027,-0.2822
"434a,045",-3.4721,-45.4186,0.2489,-0.2180,-0.0861,-0.7791,-0.1883,0.1427,-0.1900,-0.4709,-0.0176,0.4655,0.2574,0.1027,0.1001,-0.1023,-0.1221,0.1421,0.0554,-0.0470,0.0329,0.0736,-0.0214,-0.2041,-0.1770,-0.0734,-0.0630,-0.0099,-0.1101,0.1148,0.0475,-0.0781
"434a,046",1.5590,-50.1814,0.3785,-0.1890,0.0054,-0.9494,-0.1631,0.0134,-0.3390,-0.5121,0.0652,0.6917,0.2726,-0.1057,0.0524,-0.0068,0.1062,-0.0296,-0.0873,-0.1381,-0.0335,-0.0836,0.0059,-0.1423,-0.0095,0.0697,-0.0314,0.1160,0.0851,-0.0524,0.0025,0.1504
"434a,047",7.8703,-33.5958,0.0952,-0.1278,0.0434,-0.4148,0.0464,-0.0266,-0.2101,-0.1651,0.0475,0.1018,0.0571,0.0932,-0.0370,-0.0446,0.0051,-0.0266,0.0263,0.0529,0.0752,-0.0288,-0.0046,0.0650,-0.0442,0.0229,0.0740,0.1354,0.0094,0.0714,0.0400,-0.0653
"434a,048",-4.4437,-42.9133,0.2196,-0.2739,-0.0825,-0.7265,-0.0432,0.1329,-0.0130,-0.3408,0.0000,0.2716,0.2621,0.1616,0.0999,-0.1206,-0.1107,0.0812,-0.0470,-0.0351,-0.0532,0.0800,0.0039,-0.1024,-0.2876,-0.0532,-0.0955,-0.0741,-0.1324,0.1061,0.0672,-0.2763
"434a,052",-4.7638,39.6393,-0.0252,-0.0485,0.0262,-0.1513,-0.0030,-0.3333,0.1867,0.1023,0.2001,0.0672,0.2167,0.1435,-0.1808,-0.0325,0.0265,-0.3623,-0.0822,0.4712,-0.1563,-0.5069,-0.6808,-0.1720,-0.3102,0.1651,0.2327,0.5734,-1.2080,-0.1347,0.6389,0.0558
"434a,054",7.8288,-30.5638,0.0987,-0.1692,-0.0276,-0.4390,-0.1512,0.0653,-0.1075,-0.1093,-0.3863,0.2038,0.3895,0.1317,0.1121,0.0067,0.1000,-0.1365,0.0259,-0.1542,0.0187,0.3012,-0.1450,-0.2723,0.2460,0.1863,-0.0436,0.0586,-0.0334,0.2034,0.2634,0.0152
"434a,055",-4.5871,-42.6724,0.0232,-0.1508,-0.0623,-0.5327,0.1266,0.1936,-0.0291,-0.4975,0.0208,0.2859,0.1788,0.0916,0.0826,-0.0979,-0.1547,0.1306,0.0108,-0.0540,-0.0416,0.0488,0.0606,-0.1743,-0.3516,-0.0466,0.1000,-0.0394,-0.1600,0.1306,-0.0753,-0.2531
"434a,056",0.3733,-47.0324,0.3707,-0.2598,0.0070,-1.0579,-0.1510,-0.0176,-0.2683,-0.4887,-0.1492,0.7064,0.0614,0.1089,-0.0150,-0.1497,0.1110,-0.0612,-0.0008,-0.0076,0.0534,-0.0061,-0.0886,-0.0108,-0.0648,0.0414,-0.0483,-0.0481,-0.0176,0.0168,-0.0291,-0.0564
"434a,057",3.1614,-34.7414,0.2251,-0.1653,0.0040,-0.6194,-0.0574,-0.0382,-0.0026,-0.0501,0.0593,0.1300,0.1176,-0.1130,0.1141,-0.1442,0.1949,-0.3223,-0.0414,0.0370,0.1499,0.0249,-0.0751,0.4235,0.1491,0.0952,-0.1458,-0.2498,0.0860,-0.2426,-0.1794,-0.0951
"434a,059",26.8093,-24.3239,0.0388,-0.0742,0.1377,-0.3549,0.0647,-0.1138,-0.8358,-0.2337,0.0369,-0.1450,-0.1650,0.0882,0.0185,-0.0283,-0.0308,0.0496,-0.0554,-0.0680,-0.0015,0.0865,0.0375,-0.0351,-0.1915,-0.1913,-0.0374,-0.2226,-0.0744,-0.0071,0.2602,-0.3241
"434a,060",-3.4325,-47.7941,0.2684,-0.2085,-0.0732,-0.8810,-0.2349,0.1342,-0.2525,-0.5961,-0.0035,0.6138,0.2838,0.1032,0.1137,-0.1172,-0.1231,0.1659,0.0938,-0.0747,0.0275,0.0399,-0.0005,-0.2051,-0.1803,-0.0795,-0.0783,0.0434,-0.0866,0.0848,0.0061,0.0394
"434a,062",7.0266,-40.0224,0.1873,-0.1436,0.0211,-0.6181,0.0068,-0.0021,-0.1883,-0.2046,0.0850,0.4275,0.2131,-0.1197,-0.0542,0.0279,0.0847,-0.1623,-0.0782,0.1858,0.0520,-0.2219,-0.1376,-0.1471,0.0470,0.0759,0.1217,-0.0331,0.0232,0.0427,0.0267,-0.0553
"434a,063",-1.8247,-46.6143,0.3445,-0.2071,-0.0244,-0.8404,-0.1996,0.0719,-0.1399,-0.4659,-0.0353,0.5816,0.2096,0.0753,0.0958,-0.1280,0.0370,0.1167,0.0337,-0.0971,-0.0367,0.0705,-0.0067,-0.0426,-0.1050,0.0287,-0.0236,0.0134,-0.1625,0.0114,0.0591,-0.0597
"434a,064",2.4644,-46.8981,0.2523,-0.1745,0.0173,-0.8141,-0.1180,0.0093,-0.2632,-0.4016,0.0539,0.6749,0.2310,-0.0302,0.1019,0.0089,0.0863,-0.0514,-0.0379,-0.0560,0.0156,-0.0707,-0.0360,-0.1102,-0.0026,0.0150,0.0024,0.0620,-0.0260,-0.0085,0.0215,0.1014
"434a,065",4.2913,-41.2542,0.2554,-0.1539,0.0322,-0.7567,-0.0716,-0.0205,-0.1672,-0.2924,0.0167,0.5334,0.1281,-0.1055,0.0022,-0.0590,0.1044,-0.1829,-0.0256,0.1378,0.2024,0.0000,-0.0155,0.2164,0.1766,0.0912,-0.0333,-0.1601,0.0263,-0.1494,-0.1837,-0.0576
"434a,066",1.5582,-15.6900,0.1601,-0.1116,0.0116,-0.1557,-0.0401,0.0996,0.1049,0.2341,-0.0192,-0.1885,0.0907,0.1223,-0.0047,0.0203,0.3267,0.1799,0.1890,-0.0698,-0.3027,0.3174,0.7276,0.2981,0.2270,-0.7894,-0.7151,-0.1530,-0.1576,0.0073,0.3100,0.7088
"434a,067",-5.2156,-45.9859,0.2146,-0.2340,-0.1114,-0.8574,-0.0976,0.1842,-0.1193,-0.5779,-0.0054,0.4777,0.2449,0.1545,0.1389,-0.1981,-0.1523,0.2069,-0.0020,-0.0793,-0.0398,0.1314,0.0300,-0.1381,-0.4109,-0.0403,-0.0225,-0.1002,-0.2308,0.1864,0.0375,-0.2679
"434a,070",28.1689,-26.0657,0.1231,-0.1257,0.1109,-0.5471,0.0817,-0.1687,-0.7900,-0.1444,0.1454,-0.3085,-0.1525,0.3524,-0.0062,-0.1140,0.0559,-0.1444,-0.0307,-0.0526,0.0620,-0.0051,-0.0621,0.1584,-0.0047,0.0245,-0.0608,-0.1305,0.0024,0.0363,-0.0899,-0.0031
"434a,072",-0.5302,-52.7703,0.3725,-0.2416,0.0087,-1.0809,-0.1736,0.0509,-0.3850,-0.6056,0.0579,0.8116,0.3454,-0.0247,0.0668,-0.0704,0.0980,0.0201,-0.0458,-0.1065,-0.0285,-0.1035,-0.0571,-0.1764,-0.0767,0.0238,0.0389,0.1443,-0.0002,0.0025,0.0806,0.1234
"434a,073",4.1546,-41.1362,0.2858,-0.2019,0.0040,-0.8312,-0.0631,-0.0426,-0.2745,-0.2789,0.0488,0.3338,0.1537,0.0150,0.0244,-0.0946,0.1331,-0.2061,-0.0686,0.0418,0.1422,-0.0234,-0.0913,0.1215,0.0787,0.0745,-0.0688,-0.1771,0.0642,-0.0767,-0.1247,-0.0247
"434a,075",6.8152,-32.9574,0.1387,-0.2115,0.0565,-0.3559,-0.0159,-0.0283,-0.0069,-0.1593,-0.0306,0.2462,0.0959,0.0408,-0.0449,-0.0037,0.0186,-0.0282,0.0470,0.0134,0.0175,-0.0860,-0.0125,0.0318,0.0443,-0.0161,0.0248,0.1358,0.1210,-0.0250,0.1170,-0.0460
"434a,076",9.9494,-35.0848,0.1298,-0.1178,0.0273,-0.4867,0.0462,-0.0352,-0.1436,-0.1102,0.1157,0.3639,0.1685,-0.1077,-0.1177,0.0468,0.0447,-0.1687,-0.0948,0.2722,0.0550,-0.2909,-0.2046,-0.1598,0.0345,0.0741,0.1900,-0.0316,0.0117,0.1075,0.0075,-0.0726
"434a,079",2.8569,-37.4979,0.2548,-0.1869,0.0098,-0.7268,-0.0247,-0.0125,-0.0901,-0.1430,0.0463,0.3377,0.1888,-0.0909,0.0107,-0.0259,0.1594,-0.3698,-0.0896,0.1762,0.1887,-0.0982,-0.0689,0.3206,0.2168,0.1562,-0.1552,-0.3324,0.1461,-0.2312,-0.2361,0.0402
"434a,080",8.4423,30.2285,0.0304,0.0378,-0.0686,-0.0682,-0.3160,0.1712,-0.0105,-0.2950,-0.1121,0.1295,-0.0543,0.0318,-0.1318,0.1299,0.1599,0.0053,0.1767,-0.0930,0.1209,-0.1185,0.1925,0.0822,-0.2318,0.0421,-0.1818,-0.0067,-0.0940,-0.0001,-0.0738,0.0138
"434a,081",-5.7308,-44.9107,0.2229,-0.2155,-0.0843,-0.7664,-0.1111,0.1533,-0.2067,-0.4780,0.0191,0.3404,0.1604,0.0729,0.1579,-0.1682,-0.1398,0.2020,-0.0270,-0.0572,-0.0349,0.1158,0.0044,-0.1141,-0.3455,-0.0277,-0.0626,-0.1117,-0.1982,0.2032,0.1047,-0.2645
"434a,082",1.7443,-41.6468,0.1959,-0.1799,-0.0077,-0.7480,-0.1172,-0.1391,-0.0393,-0.4106,0.0330,0.4239,0.2403,0.1197,0.0765,-0.1311,0.0509,-0.0728,-0.0097,-0.0157,0.0405,0.0998,-0.0286,0.0632,-0.0969,0.0117,-0.0676,-0.0787,-0.0826,-0.0153,-0.0388,-0.0865
"434a,083",19.1445,-2.7762,0.2338,-0.0986,0.0819,-0.4108,-0.0654,0.0075,-0.1550,-0.1770,-0.0370,0.2815,0.1387,-0.0209,-0.0390,0.2044,0.0884,0.0958,-0.0212,-0.2920,-0.3091,-0.1842,0.1583,0.0023,0.5101,-0.5143,0.1654,0.0044,-0.2492,0.1937,0.1478,0.2510
"434a,084",-3.0321,-51.8359,0.3511,-0.2595,-0.0268,-1.1454,-0.2261,0.1063,-0.4100,-0.7212,0.0133,0.8711,0.3225,0.0923,0.1001,-0.1580,0.0356,0.1348,0.0527,-0.1409,-0.0043,0.0314,-0.0143,-0.1636,-0.2001,-0.0301,-0.0166,0.1407,-0.0905,0.0648,0.1029,0.1102
"435,001",-23.4742,-21.8427,0.1721,-0.0320,-0.1717,-0.1274,-0.2181,0.1130,0.1173,0.0019,0.0479,-0.2110,-0.0871,-0.1258,0.1951,-0.3207,-0.0567,0.0461,0.4438,0.0398,0.0451,-0.3561,0.1340,-0.3100,0.1025,-0.0596,0.1120,0.0124,0.3262,-0.0128,0.1674,0.1855
"437,003a",-1.3830,-3.9161,0.0791,-0.1198,-0.0061,-0.1168,-0.0014,0.0705,0.0489,0.1197,0.0055,-0.1500,0.0459,0.1461,-0.0429,0.0505,0.0650,0.0206,0.0022,0.0288,-0.0871,0.0024,-0.1908,-0.0172,0.0322,-0.0796,0.0029,0.0692,-0.0756,-0.0234,0.0589,-0.0911
"437,022",0.7123,8.2484,-0.0253,0.0784,0.0663,0.0394,0.0313,-0.0563,-0.1242,0.1115,0.1129,-0.0512,-0.0357,0.0254,-0.0544,-0.0506,0.1992,0.1558,-0.0317,-0.0299,-0.1140,0.0396,-0.1401,-0.1232,0.0768,-0.0122,-0.0468,0.0778,0.2115,-0.0442,0.0008,0.0830
"440,001",9.3639,22.1382,-0.1073,0.0566,0.0212,0.0231,0.0513,0.0311,-0.0664,-0.0277,-0.0008,0.0937,-0.1323,-0.2255,0.0258,0.0570,-0.0807,0.0648,0.1255,0.2018,0.2262,0.3096,0.1954,0.1068,0.1112,-0.1020,0.0963,0.2979,-0.1274,-0.1053,-0.0456,-0.0902
"442,002",-3.5830,-20.0273,-0.0418,-0.0808,0.0269,-0.1192,0.1920,0.0234,0.1706,0.1334,-0.0210,-0.1588,0.0706,0.1151,0.0168,0.0865,0.0129,-0.1885,-0.0538,0.0140,-0.0051,0.0787,0.1113,0.2792,-0.0388,-0.0824,-0.2163,-0.2093,0.1074,-0.1861,0.2122,-0.1222
"449,001",-34.2390,8.2997,-0.1697,0.0468,0.0563,-0.0003,0.1797,-0.0314,0.0271,0.1027,0.0734,0.1400,0.0255,-0.1066,-0.1670,-0.2003,-0.1068,-0.1393,0.2437,0.1755,0.2250,-0.1134,0.1078,0.3795,0.0602,0.2977,0.2551,0.1645,-0.2590,0.3214,0.0940,0.2678
"449,003",27.2404,-0.6702,0.3912,0.1740,0.2356,0.0542,0.0259,-0.0315,-0.1088,0.0629,0.1031,-0.0596,-0.0055,-0.2590,-0.0400,0.3333,-0.0093,0.0103,-0.1331,0.1202,-0.3374,-0.2259,0.0923,-0.3384,0.1611,-0.0387,-0.1103,0.0845,-0.0860,-0.1942,-0.1907,0.1519
"449,004",-34.8394,-9.9725,-0.3593,0.1032,-0.0392,0.1110,0.0451,0.1737,-0.1436,0.8206,0.5505,0.9878,-0.6422,0.8345,2.0698,1.0885,0.3746,-0.0537,-0.0469,0.3687,0.4409,-0.1324,0.2776,-0.1856,-0.0289,-0.0036,0.0912,-0.0000,-0.0147,0.1729,-0.0759,0.1098
"449,005",12.7825,23.8970,-0.0566,0.0414,0.0353,-0.0007,0.1041,0.0135,-0.0469,-0.2048,-0.0035,0.0215,-0.1988,-0.3460,0.1081,-0.0037,-0.1867,0.2089,0.0685,0.2693,0.1238,0.2918,0.2605,0.2197,0.2334,-0.0190,0.0662,0.3218,-0.1919,-0.1438,0.0125,-0.0784
"451,002",-0.8611,18.6207,-0.1961,0.0501,-0.0015,0.0793,0.0202,0.0530,-0.0114,-0.0753,0.0546,0.0847,-0.0705,-0.0875,-0.1262,-0.0118,-0.0943,-0.0154,0.1220,0.0490,0.2008,0.1742,0.0208,0.1471,-0.1066,-0.2021,0.1214,0.2261,-0.0135,-0.0232,-0.0116,-0.0474
"454,001",-1.9621,56.1842,-0.1770,0.1462,0.0301,0.1342,-0.2980,-1.0549,0.3958,-0.4188,0.2076,-0.0652,0.0811,0.4047,0.1478,-0.1710,-0.1297,0.0616,-0.0024,0.1031,-0.1364,0.0123,-0.0015,0.0210,0.0945,0.1180,-0.0239,-0.0949,-0.0637,-0.0077,-0.0518,0.0632
"454,002",-6.2007,25.9997,-0.1956,0.0712,0.0023,0.1021,-0.0453,-0.0990,-0.0044,-0.0155,0.0242,0.0811,0.0262,-0.0157,-0.0595,0.0064,-0.1182,-0.0087,0.1647,-0.1350,0.0686,0.0949,-0.1287,0.0643,-0.1740,-0.1240,-0.1345,-0.1257,0.0691,-0.1061,-0.1938,0.0474
"457,002a",-19.6610,2.0032,-0.1507,-0.3168,0.0759,0.0852,0.0708,0.0804,-0.0451,0.1376,-0.1525,-0.0823,0.1781,0.2295,0.0230,-0.1268,-0.0963,-0.0928,0.1412,-0.2136,-0.0861,0.2445,-0.0363,-0.0527,-0.2636,-0.1904,0.5064,0.2963,-0.1242,0.0629,-1.0363,-0.7304
"209,003",-35.6044,7.2479,-0.2350,0.0222,0.0569,0.0215,0.2336,-0.0329,0.0577,0.2045,0.2133,0.2286,0.0224,-0.0586,-0.3500,-0.2579,-0.0196,-0.2184,0.2781,0.1483,0.3001,-0.4562,-0.0384,0.3763,0.0317,0.5474,0.3008,0.2093,-0.4854,0.5760,0.1623,0.1545
"457,041a",-31.6165,8.8742,-0.1559,0.0202,0.0029,-0.0209,0.1737,-0.0186,0.1319,0.0408,0.0956,0.0169,0.0065,-0.0096,-0.1318,-0.1763,-0.1477,-0.1219,0.1776,0.0843,0.1055,0.0011,0.1663,0.3965,-0.0372,0.1916,0.1988,-0.0236,-0.1140,0.3317,0.0249,0.2682
"459,001",0.8458,19.7943,-0.1131,0.1168,0.0312,0.1072,-0.0106,0.0768,-0.1118,-0.0951,0.0886,0.0873,-0.0709,-0.1088,-0.0879,-0.1494,-0.1086,0.0558,-0.0597,-0.0373,0.0378,0.1372,0.2196,0.0790,-0.0151,0.0559,-0.0209,0.1270,-0.0881,0.0447,0.0420,0.0613
"460,001a",-16.5759,9.1912,-0.1437,-0.0313,-0.0183,-0.0109,0.1963,0.1136,0.1720,-0.0904,0.0206,-0.1052,0.0030,0.0614,-0.0339,0.0475,-0.0623,-0.0510,0.1063,-0.0074,0.0030,0.0819,0.1127,0.0249,-0.2191,-0.2440,0.0879,-0.0846,0.2064,-0.1320,-0.0148,0.0695
"461,002",6.7544,-34.0243,0.1716,-0.1503,0.0082,-0.3783,-0.0492,-0.0035,-0.1871,-0.1530,0.0062,0.1637,0.1066,0.0514,0.0026,0.0028,0.0372,0.0234,-0.0109,-0.0713,-0.0379,0.0007,0.0198,-0.0351,0.0127,-0.0388,-0.0343,0.0042,0.0012,0.0182,0.0378,0.0111
"461,003",1.5624,-30.0703,0.0651,-0.0028,0.0537,-0.1518,-0.0102,-0.0512,0.0791,0.1090,0.0516,0.0059,-0.0667,-0.1150,-0.0057,-0.0206,-0.0056,-0.2606,0.0845,-0.0028,0.1151,0.0984,0.1314,0.5117,0.2785,0.1071,-0.2297,-0.1191,0.1242,-0.3054,-0.1721,0.1346
"461,005",-26.6663,15.7237,-0.1392,-0.0632,0.0760,-0.0202,0.1656,-0.1103,-0.1075,0.1050,0.0380,-0.0139,0.0093,0.0223,-0.1163,-0.0259,-0.0828,-0.0764,-0.1360,-0.1407,0.0547,-0.0168,0.1489,-0.2668,-0.3525,-0.1946,0.2554,-0.2019,0.0619,-0.1817,-0.0056,0.3777
"461,005a",-10.6350,43.5837,-0.4072,0.1068,0.0035,0.1622,0.1295,-0.0472,-0.0482,0.1956,0.2273,0.4148,-0.0570,0.1213,0.0901,-0.5420,-0.2347,0.1125,0.3312,-0.3126,-0.2845,0.0118,-0.6799,0.0323,0.2309,0.2340,-0.3618,-0.2192,-0.1749,-0.4415,-0.4698,0.1139
"461,006",-8.3678,34.8017,-0.0630,0.0169,-0.0793,-0.0066,-0.0569,0.1052,0.0971,0.0345,0.0656,-0.0497,-0.0036,-0.0472,-0.0956,0.0240,-0.3757,0.3193,-0.2077,-0.1918,0.3614,0.1557,-0.0227,-0.0536,-0.1283,0.0039,0.0759,-0.0579,-0.2664,-0.1097,-0.0224,0.1929
"461,010",-1.9391,-13.6806,0.0409,-0.0674,-0.0793,-0.1297,0.0474,-0.1110,0.1855,0.1085,0.0717,-0.1417,0.0670,0.0538,0.0203,0.0001,0.0053,-0.1102,-0.0832,-0.0384,-0.0267,0.1643,0.1008,0.1389,-0.1169,0.0195,-0.0229,-0.1234,0.0383,-0.0433,0.1107,-0.1238
"461,011",-5.6311,4.2165,-0.0813,-0.0250,0.0400,-0.0693,0.1178,-0.2159,0.0732,0.1064,0.0845,-0.0220,0.0897,0.0078,-0.0814,-0.0518,-0.0599,-0.0525,-0.0677,0.0929,-0.0628,-0.0784,0.0388,-0.1021,-0.0700,0.0095,0.1558,-0.1804,0.0868,0.0221,0.0181,-0.0238
"461,014",2.2013,5.6851,-0.0477,-0.0614,-0.1080,-0.0042,-0.0077,0.1851,0.1370,-0.0160,0.0346,-0.0944,0.0210,0.0500,0.0671,-0.0566,-0.2345,0.2099,-0.0849,-0.0145,-0.0717,0.1676,0.0356,0.0650,-0.1700,0.0114,0.0589,-0.2187,-0.1128,-0.1159,0.0983,0.0474
"461,015",-3.5418,18.9025,-0.1098,0.0512,0.0450,0.0297,0.0653,-0.0516,-0.1184,0.1215,0.0003,0.0734,0.0154,-0.1562,0.0320,0.0178,-0.0193,-0.0131,-0.0450,0.0756,0.0331,0.0244,0.0111,-0.0187,0.0316,-0.0079,-0.0120,0.0240,0.0862,-0.0330,0.0609,-0.0353
"461,016",16.4504,-5.4778,0.0880,-0.0176,0.0281,-0.1595,0.0781,0.0088,0.0249,0.0915,0.1149,0.0106,0.0323,-0.1415,-0.1036,0.0997,-0.0222,-0.1877,0.0552,0.1445,0.0393,-0.1052,0.1137,0.0919,0.1192,0.1824,0.2243,-0.0203,0.1236,-0.0168,-0.1082,0.0132
"461,018",7.0189,-3.3892,0.0627,-0.0469,0.0226,-0.0484,0.0822,-0.1105,0.1475,0.0979,0.0568,-0.1170,-0.0968,-0.1161,0.0334,-0.0719,-0.1240,-0.0396,0.0144,0.0011,-0.0062,-0.0655,0.1186,-0.0395,-0.0343,0.0618,-0.0018,0.0181,0.1366,0.0113,0.0089,0.0645
"461,020",12.9521,12.2742,0.1041,0.1245,0.0546,0.0809,-0.1294,0.0054,0.0237,-0.0573,0.0317,0.0370,-0.0463,-0.0850,-0.0568,0.1949,0.0804,0.0367,0.0221,-0.1268,-0.1074,-0.0041,-0.0892,0.0114,0.0037,-0.0229,0.0156,0.0798,0.0081,-0.0674,-0.0399,0.0726
"461,021",-2.6852,61.8356,-0.1502,0.1634,0.0689,0.1443,-0.3533,-1.4554,0.4824,-0.5914,0.1929,-0.1559,0.1346,0.5037,0.2190,-0.1380,-0.0841,0.1241,-0.0653,0.2518,-0.1352,0.0247,0.1222,0.0124,0.1277,0.1085,0.0464,-0.0626,-0.0343,0.0735,-0.0024,0.0316
"461,023",0.7080,-0.4840,0.0021,-0.3018,0.1223,0.0437,0.0550,0.0293,-0.0918,0.0424,0.1271,-0.0858,-0.0107,-0.0505,-0.1025,0.0135,-0.0868,0.0536,-0.1112,-0.0170,-0.0176,0.0546,0.1732,-0.0197,-0.2782,0.0734,-0.0774,-0.0451,-0.0046,0.1505,0.0562,0.1775
"461,024",-10.7298,-13.1220,-0.0011,-0.7958,0.2682,0.2217,0.0365,-0.0420,0.0056,0.0675,0.0415,-0.0136,0.0800,0.0612,-0.0539,-0.0223,0.0213,-0.1484,0.0071,-0.0652,0.0195,0.1177,0.0847,-0.0820,-0.1874,-0.1685,0.2089,-0.1288,0.0965,-0.1089,-0.0402,0.0160
"461,025a",4.5567,-44.5696,0.2855,-0.1983,-0.0162,-0.7416,-0.1091,0.0481,-0.1961,-0.3388,0.0650,0.5254,0.2373,-0.0809,0.0021,0.0076,0.0527,-0.0273,-0.0776,0.0980,0.0245,-0.0984,-0.0966,-0.1280,0.0165,0.0580,0.0444,-0.0522,0.0463,0.0261,-0.0136,0.0107
"461,027",-1.1094,-7.4508,0.0288,-0.0637,-0.0020,-0.0879,0.1000,-0.0886,0.1527,0.2011,0.0437,-0.1750,0.0841,0.0236,-0.0295,0.0348,-0.1717,-0.0684,-0.1525,0.0272,0.0485,0.0122,0.1240,-0.1684,-0.1790,-0.0534,-0.1227,-0.1457,-0.0030,-0.1779,-0.1300,0.1169
"461,027b",-9.3428,-11.4776,0.0072,-0.1404,-0.1064,-0.0817,-0.0940,0.1661,0.1452,0.0794,-0.0128,-0.1410,0.0592,0.1506,0.0598,-0.1362,-0.1572,0.1011,0.1947,0.1278,-0.0374,0.1292,0.2115,-0.0486,0.0068,-0.1493,-0.0660,0.0363,0.0434,-0.0258,0.0695,-0.1634
"461,031a",6.5422,9.7577,-0.0448,0.0859,0.0174,0.0372,-0.0334,-0.0145,-0.3723,-0.0179,0.0645,-0.1664,-0.1969,0.0181,-0.0710,0.1183,0.0363,0.0349,0.0000,0.0237,-0.0839,0.0073,-0.1177,0.0771,-0.0647,0.0173,-0.0385,0.0381,0.0234,0.0798,-0.0165,0.0659
"461,032",-36.8927,-4.9217,-0.2218,-0.0833,-0.0109,-0.0565,0.3821,0.1873,0.1965,-0.2329,-0.0095,-0.1489,0.0035,0.0918,0.0784,0.0194,-0.0892,-0.0486,-0.0412,-0.0807,-0.0829,-0.0315,0.1595,-0.0081,-0.2455,0.0126,0.0674,-0.0911,0.0169,0.0880,-0.0430,-0.1383
"461,034",8.4345,13.6140,0.0139,0.0290,0.0302,-0.0415,0.0289,0.0612,-0.0921,-0.0247,0.0439,0.0079,-0.0279,-0.1678,-0.0137,0.0659,-0.1708,0.1567,0.0732,0.1162,0.0446,0.0419,0.0092,-0.0576,0.1459,0.0641,0.2212,0.0945,-0.1820,-0.1026,-0.0902,-0.0830
"461,036",4.9920,15.6804,-0.0337,-0.0189,0.0005,-0.0475,0.0408,0.0085,0.0223,0.0128,-0.0126,0.0082,-0.0493,-0.1263,-0.0069,-0.0035,-0.1691,0.1209,0.0118,0.1309,0.0985,0.2228,0.1648,0.0193,0.1222,-0.0111,0.0173,0.1541,-0.1024,-0.1338,0.0303,-0.0505
"461,037",17.2662,14.5497,0.2267,0.0908,-0.0661,-0.0366,-0.2268,0.2279,-0.0346,-0.1831,0.1217,0.1048,0.0257,-0.0504,0.0270,0.0346,-0.1691,0.1948,-0.0501,0.1092,-0.2408,0.0022,-0.0906,-0.0214,0.1514,0.0436,0.1064,-0.2446,-0.2935,-0.0527,0.0475,0.0468
"461,041",-20.0244,-10.9673,-0.1074,0.0718,-0.0847,0.1059,-0.1180,0.0908,-0.0325,-0.0725,0.0433,-0.0522,-0.0319,-0.0039,-0.0785,-0.0076,0.0291,0.1379,0.3768,-0.0008,0.0586,-0.2032,0.0963,-0.1449,-0.0424,-0.0842,-0.0269,-0.0846,0.1211,0.0242,0.0609,0.0764
"461,043",-32.8616,1.6899,-0.1792,0.0037,-0.1782,0.0347,0.1983,0.4112,0.3104,-0.2878,0.0678,-0.1466,-0.0313,0.2606,-0.0075,0.0860,0.5236,0.6321,-0.4215,0.4377,-0.3694,0.4805,-0.9908,0.3993,-0.2461,-0.4884,0.2689,0.3021,0.5515,-0.0731,0.0471,0.3513
"461,047",-3.4194,-14.3796,-0.0051,-0.0794,-0.0136,-0.1576,0.0753,-0.0480,0.1766,0.1652,0.0520,-0.1696,0.0946,0.1433,-0.0318,-0.0414,0.0494,-0.1504,0.0088,0.0107,-0.0746,0.0934,0.0888,0.0362,-0.0703,-0.0080,-0.0464,-0.1355,0.1276,-0.0952,0.0980,-0.0649
"461,052",29.5771,0.8979,0.2481,-0.0176,-0.0241,-0.1657,0.0179,-0.0622,-0.1756,0.0097,0.0958,-0.0837,-0.0551,-0.0747,0.0544,0.1183,0.0193,0.1008,-0.0547,-0.3053,-0.3025,-0.0048,0.1446,-0.0788,-0.0406,0.2023,0.0523,0.2041,0.2113,-0.0351,0.0288,0.1385
"461,054",14.2752,0.6514,-0.1014,0.0655,-0.0247,0.0532,0.0378,0.0558,-0.0388,-0.0007,0.1353,0.1062,-0.0757,-0.1988,-0.1325,-0.0877,-0.1295,-0.0415,-0.1255,0.1880,0.1128,-0.0923,-0.0226,-0.0970,0.1996,0.0706,0.0782,0.0574,0.1476,-0.0241,0.0373,-0.0830
"461,056",27.7415,-21.9184,0.0427,0.0000,0.1090,-0.1525,0.0399,-0.2408,-0.4994,-0.0630,0.1280,-0.3928,-0.1712,0.2768,-0.0034,0.0081,0.0134,0.0107,0.0163,-0.0908,-0.0428,-0.0138,0.0197,0.0697,0.0260,0.0748,0.0631,0.1267,0.0568,-0.0293,0.0616,-0.0490
"461,057",-17.2117,13.6652,-0.1805,0.0231,0.0411,0.0361,0.1899,-0.0079,0.0728,0.0396,0.0723,0.1076,-0.0241,-0.0252,-0.1348,-0.0864,-0.0842,-0.0840,0.0447,-0.2022,-0.0157,0.0579,0.0815,-0.0684,-0.0933,-0.0025,0.1704,0.1270,0.0241,0.1476,-0.1962,0.1501
"461,058",-14.8391,-19.5865,0.1349,-1.5510,0.5737,0.6736,-0.1804,-0.0036,-0.2519,-0.2241,0.2695,0.0560,-0.1277,-0.0879,-0.0431,0.0437,0.0561,-0.0259,0.0304,0.0243,0.0158,-0.0287,-0.0890,-0.0326,0.1064,0.1452,0.0656,0.1339,-0.1039,0.0841,0.0085,0.0027
"461,060",-14.2365,44.7790,-0.0670,-0.0375,-0.0002,-0.0767,0.0903,-0.0311,0.1937,0.0127,-0.0528,-0.0978,0.0920,0.1665,-0.0743,0.1512,-0.3227,0.2612,-0.2632,-0.3949,0.5051,-0.0353,-0.1257,-0.0856,0.0312,-0.0183,-0.0413,-0.0452,-0.0808,-0.0648,-0.0258,0.1060
"461,061",18.2671,-5.9894,0.0731,0.0018,-0.0068,-0.0916,0.0138,0.0663,0.0940,0.1476,0.1118,-0.0656,0.0594,-0.0899,-0.1322,0.1696,-0.0400,-0.1625,-0.1383,0.1515,0.0006,-0.1680,-0.1881,-0.0419,0.0053,0.2078,0.1962,-0.1897,0.1127,0.0795,0.0625,-0.0695
"461,063",2.4159,-11.9703,0.0541,-0.0928,0.0152,-0.2970,0.0610,-0.0061,0.0208,0.0876,0.0061,0.0559,0.0850,0.0520,-0.0680,-0.0138,0.0767,-0.1757,0.0112,0.0184,0.0431,0.0199,-0.0289,0.0583,0.0631,0.0652,0.0818,-0.1235,0.0639,-0.0651,-0.0287,-0.0440
"461,067",6.1027,-2.5247,-0.0924,-0.0561,-0.0170,-0.0807,0.1172,0.0426,0.0542,0.1883,0.0581,0.0793,0.0774,0.0115,-0.0115,-0.0158,-0.0410,-0.0276,-0.0973,0.1832,-0.0489,-0.0997,-0.2261,-0.0265,-0.0716,-0.0409,0.1826,-0.0548,0.0921,0.0918,-0.0257,-0.0651
"461,067a",3.9034,3.6981,0.0442,-0.0829,0.0325,-0.1645,-0.0040,-0.0228,0.0166,0.0445,0.0185,0.0682,0.0441,-0.0469,-0.0585,0.0397,-0.0411,0.0338,-0.0737,0.0074,0.2005,0.0581,0.0288,0.0698,0.1205,-0.0369,-0.1179,0.0718,0.0336,-0.1773,-0.1574,0.1398
"461,069",12.1502,33.3814,-0.2276,0.1333,0.0587,0.1596,-0.0326,-0.1220,-0.2397,-0.0491,-0.0950,0.1037,0.0204,-0.2016,-0.0883,0.1450,0.0038,-0.0456,0.1561,-0.0123,0.1200,0.0503,0.0066,0.0139,-0.2201,-0.3879,-0.2445,-0.1073,0.1082,-0.0715,0.2595,-0.4648
"461,070",-15.4888,47.4422,-0.0406,0.0205,0.0517,-0.0035,0.0138,-0.0752,0.0655,0.0914,-0.1464,0.0188,0.1214,0.1119,-0.0723,0.1598,-0.3154,0.3750,-0.2483,-0.3817,0.6174,-0.1088,-0.2357,-0.2089,0.1184,-0.0933,-0.0501,0.0429,-0.0026,-0.1050,-0.0229,0.0516
"461,073",-7.1418,13.2462,-0.1288,0.0235,0.0424,0.0341,0.0794,-0.0803,0.0309,0.0449,-0.0490,0.0244,0.0434,-0.0449,-0.1411,-0.0072,0.0739,0.1340,0.1423,-0.0167,0.2106,0.0578,0.2081,-0.0047,0.0468,-0.0820,0.0827,0.1189,-0.0155,0.0349,-0.0418,0.0568
"461,074",-2.4484,-3.1330,-0.0953,-0.0528,0.0119,-0.0445,0.0968,-0.0916,0.0433,0.1676,0.0341,-0.0810,0.0986,-0.0060,-0.0663,-0.0148,-0.0592,-0.1498,-0.0400,0.0535,-0.0056,0.1032,0.1528,-0.0121,-0.2465,-0.0883,-0.1293,-0.1237,0.0724,-0.0929,0.0274,0.0070
"461,074a",-3.8369,-2.2954,0.1464,-0.2308,0.0127,-0.1472,-0.0891,0.0225,0.0467,0.0986,-0.2366,0.0142,0.0909,0.0966,-0.0189,0.1510,-0.1679,0.1904,-0.1148,-0.1843,0.2552,-0.1718,-0.1098,0.1087,0.1884,-0.0522,-0.1094,0.0274,0.0833,-0.0742,0.1026,0.1037
"461,076a",14.1091,16.8941,-0.0685,0.1107,-0.0631,0.1381,-0.1380,0.1555,-0.0327,-0.0552,0.0746,0.0360,-0.1041,-0.2351,0.0058,-0.0993,-0.1772,0.2024,-0.2828,0.0820,-0.1638,0.0603,0.0010,0.0505,-0.0413,0.2294,0.0132,-0.1987,-0.1647,0.1380,0.0995,-0.0194
"461,078",-13.6396,20.9325,-0.0138,0.0620,0.1348,0.0302,0.2208,0.0227,0.0137,0.1239,0.1341,0.0923,0.0189,-0.0590,-0.0239,-0.0970,-0.0975,0.0055,-0.0241,-0.0660,-0.0456,-0.1816,-0.3333,-0.1815,0.0261,0.0038,-0.0322,-0.0593,-0.0237,-0.0488,-0.1373,-0.0253
"461,079",-7.5514,17.0920,-0.1431,0.0250,0.0255,0.0039,0.0660,0.0029,-0.0476,0.0690,-0.0816,0.0815,0.0639,-0.1258,-0.0744,0.0396,-0.0890,-0.0324,-0.0405,-0.0106,0.1484,-0.0061,0.1170,0.0757,-0.1181,0.0071,0.0639,0.0630,-0.0082,0.0968,0.0504,-0.0432
"461,079a",1.5851,-24.5798,-0.0622,-0.0060,0.0307,-0.0634,0.0506,0.0144,0.0347,0.1112,-0.0059,-0.0401,-0.0179,-0.1170,-0.0904,0.0788,0.0156,-0.2406,0.1292,0.0918,0.2354,0.3005,0.2340,0.4134,0.2470,0.0070,-0.1053,0.1530,0.0599,-0.2251,0.0324,-0.0217
"461,080",-18.8148,2.2359,-0.1477,-0.0781,0.0248,-0.0937,0.1712,-0.0009,0.0974,0.2328,-0.0388,0.0709,0.1224,0.1582,-0.0534,-0.1649,0.0587,-0.1254,0.1052,-0.1706,-0.0777,0.0619,-0.0170,0.0658,-0.0166,-0.1065,0.0583,0.0675,0.1105,0.0786,-0.1734,0.0092
"461,081",7.0044,26.1140,-0.1354,0.1303,-0.1328,0.1754,-0.3180,0.2265,-0.0169,-0.1076,0.1292,0.0445,-0.0888,0.0706,-0.0687,0.0028,0.1920,-0.0703,-0.0866,0.0762,0.0474,0.0680,-0.1624,0.1127,0.0600,-0.1166,-0.0303,-0.0140,0.0462,-0.0893,-0.0377,0.1037
"461,082",30.0330,-26.1545,-0.0245,-0.0713,0.0933,-0.2748,0.1938,-0.0640,-0.7261,-0.0324,0.1457,-0.5652,-0.2064,0.3572,-0.0657,-0.1045,0.1194,-0.0838,-0.0220,0.0784,0.0944,0.2821,-0.1832,-0.0615,0.0546,0.0267,0.0687,-0.1293,-0.0768,0.1243,0.0824,-0.0104
"461,084",-13.6043,17.7712,-0.1845,0.0461,0.0852,0.0288,0.2060,-0.0925,-0.2136,0.0608,0.1300,0.0456,-0.0699,-0.1336,-0.1153,0.0485,-0.0754,-0.0934,-0.0096,0.1357,0.0951,-0.1479,-0.0213,-0.1104,-0.0348,-0.0125,0.1829,-0.0467,0.0368,0.0601,-0.0278,-0.0789
"461,087",12.0624,20.7719,-0.0703,0.0843,0.0322,0.0203,0.0545,-0.0428,-0.0462,-0.0993,0.0287,0.0197,-0.2078,-0.3336,0.0377,0.0050,-0.1688,0.1945,-0.0575,0.1949,0.0563,0.3240,0.1929,0.1902,0.0867,0.0385,0.1124,0.2286,-0.2360,0.0705,0.0609,0.0212
"461,090",2.6742,19.4188,-0.1467,-0.1823,0.0971,0.1186,0.0566,0.0109,-0.0422,0.0082,0.0571,0.0592,-0.0412,-0.1045,-0.0768,0.0122,-0.1103,-0.0276,0.1235,0.0160,0.2098,0.3395,0.1533,0.0730,-0.0031,-0.1368,0.1566,0.2202,-0.1097,-0.0903,-0.1026,0.0078
"461,091",11.4660,15.3430,0.0210,0.1271,0.0759,0.0590,0.0134,-0.0122,-0.0353,0.0486,0.1182,0.1145,-0.1165,-0.2447,0.0751,0.1751,-0.0979,0.0980,0.0095,0.1587,-0.0503,0.1035,0.0599,0.1482,0.0660,0.0590,0.0687,0.0178,-0.1141,0.0447,-0.0083,0.0225
"461,094",8.4717,25.1856,-0.2712,0.0610,0.0569,0.0552,0.2151,-0.0402,-0.1051,0.0339,0.0291,0.1763,-0.0794,-0.2204,-0.0423,-0.1799,-0.2488,0.0645,0.1663,0.1410,0.2567,0.1810,0.2550,0.2165,0.2315,0.0081,0.1811,0.4648,-0.1082,0.0082,0.0520,-0.0078
"461,095",13.7643,-3.9666,0.1356,-0.1245,-0.0328,0.0979,-0.2475,0.1103,0.1001,0.0316,-0.0365,-0.1587,0.0636,0.1298,-0.0691,0.2066,0.0204,-0.0072,0.2760,-0.1145,-0.2034,-0.2129,-0.0212,0.1089,0.3651,-0.5877,0.0757,-0.0523,-0.2849,0.1501,-0.1346,-0.1068
"461,096",-19.2666,-4.5854,0.0764,-0.0360,0.0370,-0.1998,0.0761,-0.0128,-0.0471,0.0761,0.0949,-0.1344,-0.0230,0.0686,-0.1381,-0.0186,0.0017,-0.1538,0.0208,0.0203,0.1031,-0.0605,-0.0261,0.1859,-0.1176,0.1507,0.0734,-0.0292,0.1162,0.3860,0.0378,-0.0273
"461,098",4.6495,-8.2948,0.0262,-0.0397,-0.0154,-0.0867,0.0279,0.0462,0.1035,0.1011,0.0117,-0.0781,-0.0217,0.0026,-0.0321,0.0874,0.0066,-0.1140,0.0187,0.0095,-0.0452,0.0653,0.0204,0.0083,0.0786,0.0106,-0.1137,-0.0630,0.1680,-0.0344,-0.0393,0.0447
"461,099a",-4.0992,0.0146,-0.1308,0.0405,0.0045,0.0115,-0.0262,-0.0761,0.0952,0.0699,0.0696,-0.0008,0.0489,0.0423,-0.2088,0.0097,0.3675,-0.1149,0.1646,-0.0586,0.2507,-0.0452,0.2164,0.1532,-0.0902,-0.0024,-0.0945,-0.2439,-0.0328,-0.0550,-0.1221,-0.0387
"461,102b",6.3361,-0.3912,-0.0300,-0.0077,0.0492,-0.0277,0.1135,-0.0522,0.0300,0.2144,-0.0275,-0.0536,0.1164,-0.0560,-0.0722,0.0451,0.0577,-0.0848,-0.0285,0.0036,-0.1119,-0.2035,-0.0219,-0.0264,-0.0326,0.1349,0.0374,0.0355,-0.0518,0.0301,0.0818,0.0032
"461,103",-3.4598,-21.2608,0.0241,-0.1527,-0.0020,-0.2358,0.0550,0.0130,0.0377,0.2256,-0.2217,-0.0956,0.2410,0.1138,0.0622,0.0083,0.0814,-0.1589,-0.0712,0.1895,0.0820,-0.1017,-0.0043,0.3302,0.1154,0.0128,-0.0953,-0.1594,0.1565,-0.0693,0.0759,-0.0398
"461,103a",-11.4416,15.5601,-0.1253,-0.3420,0.1297,0.2865,-0.0004,0.0780,-0.0826,-0.0354,0.1417,0.1092,-0.0567,-0.1371,-0.0889,-0.0607,0.0653,0.2478,-0.1168,0.0874,-0.0518,0.1645,-0.1984,-0.0088,-0.1261,-0.0049,0.0662,-0.0371,0.0530,0.0796,0.0235,0.1219
"461,105",1.9615,20.1837,-0.1533,0.0745,0.0640,0.0765,0.1671,0.0114,-0.0322,-0.1434,-0.0505,0.0384,-0.0463,-0.2243,-0.0464,0.0728,-0.0421,0.1285,0.0027,0.0828,0.0942,0.1376,0.0576,0.0161,-0.0345,-0.0464,0.0525,0.2062,0.0147,0.0023,-0.0783,0.1381
"461,108a",13.2249,26.4643,-0.2385,0.0402,0.0506,-0.0228,0.1851,-0.0080,-0.1339,-0.0958,0.0283,0.2202,-0.0990,-0.2040,0.0113,-0.1763,-0.1989,0.1088,0.1247,0.2306,0.2411,0.3624,0.3157,0.2358,0.2131,-0.0944,0.1572,0.4492,-0.2020,-0.1287,0.0030,-0.0936
"461,113",11.3479,-17.9886,0.1234,-0.1913,0.0082,-0.0895,-0.0018,-0.0304,-0.1706,0.1896,-0.0004,-0.2348,-0.0473,0.1592,0.0944,0.1316,-0.0473,-0.0014,-0.0684,0.2610,-0.1566,-0.1259,0.2547,-0.1619,0.0003,-0.1129,-0.5387,0.2692,-0.0823,-0.2949,-0.0623,0.2599
"461,113a",-36.3306,26.4941,-0.1671,0.0972,-0.1606,0.1493,-0.3798,0.1415,0.0787,-0.1332,0.1222,-0.0107,-0.0355,0.2809,-0.0396,-0.3644,0.0507,-0.1678,-0.4424,-0.0119,-0.0188,-0.1395,0.3481,-0.1717,0.1617,0.0749,0.0215,-0.0356,0.0298,0.1355,0.0025,-0.1287
"461,115",-3.5732,5.7420,-0.0478,-0.0217,-0.0690,-0.0924,-0.0716,0.0719,-0.0024,-0.0627,0.0044,-0.0029,-0.0775,0.0305,-0.0275,-0.1178,-0.2135,0.0532,0.1121,0.0557,-0.0372,0.1424,0.2294,-0.1139,0.0212,-0.0917,-0.0675,0.1669,0.1414,0.0128,0.0281,0.0082
"461,116",-1.4832,2.0110,0.0232,-0.0172,-0.0028,-0.0734,0.0863,0.0101,0.0527,0.0941,0.1310,-0.0593,0.0358,-0.0015,-0.1224,0.0615,-0.0372,-0.1915,0.1727,-0.1273,-0.0186,-0.0768,0.2158,0.0444,-0.0057,0.2199,0.2366,0.0881,0.1108,-0.0608,-0.0138,0.0728
"461,120",26.4860,-21.2916,-0.0808,0.0253,0.0667,-0.0379,0.0717,-0.0271,-0.5955,0.0078,0.0029,-0.3432,-0.1195,0.0722,0.0313,-0.0920,-0.1168,0.1174,-0.0127,0.0986,-0.0472,-0.0623,-0.0421,0.0042,0.0005,0.1006,0.0738,-0.0343,-0.1092,-0.0045,-0.0128,0.0516
"461,121",7.4465,9.7648,-0.0183,0.0010,-0.0479,0.0986,-0.1660,0.1762,-0.0325,0.0573,-0.2556,-0.1342,0.1923,0.0049,0.1311,-0.0078,-0.1601,0.1981,-0.1540,-0.0322,-0.1760,0.0137,0.1194,0.0343,-0.1162,0.1478,-0.1753,-0.1190,-0.1014,0.0326,0.0005,-0.0389
"461,122",-2.9305,3.4549,-0.0579,-0.1408,0.0599,0.0190,0.0120,-0.1466,0.1035,-0.0095,-0.0220,0.0024,0.0495,0.0931,-0.0171,0.0101,0.0467,0.0124,0.0270,-0.0233,0.0115,0.0045,0.0602,0.0478,-0.0292,0.0037,0.0192,-0.0205,0.0236,0.0301,0.0531,-0.0234
"461,123a",-10.1714,5.5530,-0.0361,-0.0199,0.0691,-0.0431,0.1203,0.0280,0.0448,0.0927,0.0450,0.1220,0.0033,0.0325,-0.1794,-0.0895,0.0847,-0.0129,0.1167,-0.0832,-0.0226,0.0050,0.0975,-0.0294,0.0085,-0.0907,0.0810,0.1053,0.1216,-0.0395,-0.0761,-0.0530
"461,123b",-2.2084,-8.0401,0.0496,-0.0656,-0.0635,-0.1601,-0.0945,-0.0192,0.1216,0.0666,-0.0137,-0.1093,0.1177,0.1235,-0.0600,0.0839,0.1156,0.0211,-0.1070,0.0351,0.0452,0.1067,-0.0672,0.0604,-0.0269,-0.2005,-0.1827,-0.0342,0.0344,-0.0213,0.0418,-0.0551
"461,123c",25.0658,16.9426,0.0626,0.0211,0.0084,-0.0350,0.0316,0.0936,0.1593,0.1213,0.0500,-0.1242,-0.1205,-0.2025,0.0115,0.0105,-0.1538,0.0780,-0.3024,-0.1649,-0.1857,0.0693,0.2145,0.1978,-0.3303,0.3246,-0.2192,-0.2334,-0.0485,0.4773,0.1447,0.0199
"461,124",-5.7027,16.1409,-0.1717,-0.0427,0.0418,0.0740,0.0462,0.0310,-0.1324,0.0369,-0.0694,0.0067,-0.0249,0.0670,0.0342,-0.0480,0.0547,-0.0072,-0.1014,-0.0392,0.0217,0.0121,0.0864,0.0083,-0.0480,-0.0675,0.0411,-0.0039,0.0127,0.0420,0.0018,-0.0025
"461,127",-5.8866,2.3563,-0.0161,-0.0248,-0.2161,0.0499,-0.3027,0.2768,0.1429,-0.0047,-0.0072,-0.1410,0.0529,0.2043,0.0470,0.0128,-0.1317,-0.0541,0.1377,-0.0045,-0.0838,0.0288,-0.0868,0.1577,-0.1055,-0.1265,0.1712,0.0295,-0.0103,-0.0337,-0.0512,-0.2480
"461,129",-22.7850,14.2395,-0.2167,-0.0148,0.0050,0.0802,0.1050,0.0612,0.0358,-0.0210,0.0173,0.0645,0.0113,0.0278,-0.0595,-0.1033,-0.0625,-0.1470,0.0593,-0.0728,0.0689,0.0742,0.0933,-0.1149,-0.1892,-0.1711,0.3101,-0.0667,0.0500,-0.1018,-0.1344,0.0741
"461,132",3.3562,-4.2230,0.2327,-0.0175,-0.2861,0.0711,0.1076,-0.0673,-0.0307,0.0605,0.0081,-0.0292,0.0899,-0.0696,-0.0268,0.0841,0.0436,-0.1018,-0.0246,0.0973,0.0404,0.0502,-0.0971,0.0297,-0.2101,-0.0823,-0.0082,-0.0385,-0.0129,0.0297,0.1487,-0.1114
"461,133",-14.1059,10.9348,-0.0765,-0.0193,-0.0875,-0.0446,0.0207,0.1256,0.1561,-0.0329,0.0368,-0.1432,-0.0278,-0.0394,0.0548,-0.1509,-0.1824,-0.0097,0.1936,0.0422,0.0729,0.0708,0.2068,-0.0729,-0.1356,-0.2070,0.1559,0.0262,0.0224,-0.0419,-0.0855,0.1710
"461,133a",1.2198,-7.9522,0.0273,-0.0528,-0.0793,-0.0999,-0.0481,0.1408,0.1777,0.1908,0.0819,-0.1169,0.0386,0.0701,0.0419,0.0671,-0.0776,0.0354,-0.1125,0.0023,-0.1197,0.1795,-0.0136,0.1396,-0.0578,0.0336,-0.0092,-0.0931,-0.1274,-0.1383,0.1211,0.0187
"461,134",0.0170,1.6593,0.1024,0.0243,-0.0376,-0.0466,-0.0512,0.1084,0.0902,0.0488,0.0872,0.0166,0.0559,0.1199,-0.0048,-0.0004,0.0554,0.2012,-0.0937,0.1130,-0.0780,0.1264,-0.1848,0.0255,-0.0031,-0.0791,0.0507,-0.0572,0.0360,-0.0104,0.0347,0.0039
"461,135",-1.5574,25.5282,-0.1897,0.0754,-0.0133,0.0915,-0.0691,0.0066,-0.0258,-0.0686,0.0630,0.1033,-0.0785,0.0125,-0.0004,0.0624,-0.0716,-0.0692,0.1410,-0.1121,0.0940,0.0747,0.0246,0.1582,-0.1094,-0.1268,-0.0650,0.0958,0.0505,-0.0371,-0.1154,0.0824
"461,136",31.8571,3.0925,0.2827,0.0388,0.0585,-0.0717,0.0420,-0.0019,0.0385,0.1026,0.1198,-0.1334,0.0001,-0.1975,-0.0063,0.2147,0.0221,0.1016,-0.1144,-0.3276,-0.3367,-0.0670,0.1973,-0.0791,-0.0545,0.3410,0.1596,0.1217,0.1639,-0.0687,-0.0372,0.0665
"461,138",-3.8353,25.9101,-0.2257,0.0762,0.0744,0.1038,0.0989,-0.0485,-0.1293,-0.0472,-0.0990,0.0541,0.0226,-0.0599,-0.1012,0.0337,0.0187,-0.0394,0.0363,-0.1388,0.2522,0.0455,-0.0207,0.0050,-0.1661,-0.1538,-0.0155,0.0085,0.0459,0.0439,-0.0458,0.0613
"461,139",-6.7343,-6.8340,0.0055,-0.0562,-0.0565,-0.0713,-0.0056,0.1055,0.0115,0.1172,-0.0944,-0.2308,0.1265,0.1185,0.0548,-0.0452,-0.1798,0.0034,0.1652,0.0467,-0.0685,-0.0606,0.1106,-0.1376,-0.0697,-0.0116,-0.0732,-0.0121,0.0888,0.1232,-0.0453,-0.0139
"461,140a",-13.9142,30.4243,-0.2098,0.1012,0.0760,0.0863,0.0969,-0.1885,-0.0680,0.1039,0.0921,0.2239,-0.0086,-0.0878,-0.0621,-0.0532,-0.0653,0.0652,-0.0688,-0.1129,-0.1068,-0.0965,-0.1722,-0.1687,0.0478,-0.0111,-0.1184,-0.0388,0.1351,0.0235,0.1404,-0.1020
"461,141",-9.1687,-5.3812,-0.0506,-0.0087,-0.0529,0.0037,-0.0460,0.0517,0.0201,0.1530,-0.0703,-0.0232,0.0333,-0.0072,0.0414,-0.0907,-0.1530,0.1566,-0.0000,-0.1290,-0.1020,-0.0974,0.0373,0.0161,-0.0547,0.0383,-0.1128,0.0415,0.2019,-0.0813,0.3918,-0.0482
"461,142",-2.9160,1.5338,0.0654,0.0533,0.1109,0.0423,0.0971,0.0513,0.0840,0.1051,0.0305,0.0477,0.0742,0.0897,-0.0947,-0.0815,0.0353,0.0104,-0.0139,-0.0879,-0.0611,0.0881,0.0668,-0.0666,-0.1782,-0.1330,-0.1035,0.0558,0.1366,0.0989,0.1038,0.0160
"461,142a",4.5265,21.4860,-0.1478,0.0415,0.0504,0.0073,0.1029,0.0045,-0.0598,-0.0388,0.0267,0.0960,-0.1682,-0.1641,-0.1134,-0.0065,-0.1544,0.0276,0.0878,0.0220,0.2045,0.2108,0.2974,0.1667,0.0267,-0.0866,0.1059,0.3058,-0.0489,-0.0264,-0.0161,0.1567
"461,144",-30.5225,16.1473,-0.0984,-0.3091,0.1853,0.0282,0.1309,-0.1185,-0.1279,-0.1325,-0.0912,0.1443,0.0375,-0.0436,0.0346,-0.0935,-0.0341,-0.0999,-0.0744,-0.1928,-0.0506,0.1145,0.2579,-0.2205,-0.4445,-0.2970,0.4863,-0.4574,0.0745,-0.2759,0.0782,0.3837
"461,149",-28.4229,23.2100,-0.0652,0.0344,-0.0911,0.0138,-0.1815,0.1594,-0.0296,0.0241,0.0594,-0.1072,-0.0441,-0.0391,-0.0697,-0.1603,0.0685,-0.1467,-0.3735,0.0993,0.0577,0.0446,0.1136,-0.1072,0.0529,-0.0662,0.0084,0.0228,-0.1198,-0.0280,-0.1400,-0.1085
"461,151",1.6974,-8.3267,0.0138,-0.3713,0.0886,-0.0209,0.0860,0.0062,0.1103,0.2865,0.0248,-0.1300,0.1493,0.0899,-0.1068,0.1006,-0.0745,-0.0284,-0.1579,0.0642,0.0262,-0.0499,0.0194,-0.2701,-0.1820,-0.1750,-0.0423,0.1413,0.0381,-0.1385,-0.0508,-0.0331
"461,154",13.9639,-3.2242,0.0133,0.0008,0.0475,-0.0992,0.0801,-0.1456,0.0709,0.0107,0.0337,0.0057,0.0236,-0.0853,-0.0492,0.1094,-0.0157,-0.0314,-0.0723,0.1451,0.0307,-0.0213,-0.0072,0.0294,0.1185,0.0890,0.0699,0.0130,0.1030,0.0855,-0.1650,-0.1258
"461,155",-10.1543,13.6688,-0.0953,0.0629,0.0735,0.0369,0.0827,-0.0810,-0.0018,0.0762,-0.0825,0.0836,0.0092,-0.1285,-0.1008,0.0049,-0.0101,-0.0585,0.1119,0.0082,0.0413,-0.0092,0.0554,0.2329,0.0804,0.0902,0.0270,0.0429,-0.0637,0.0941,-0.0781,0.1161
"461,159",8.3039,-11.1021,0.1035,-0.1279,-0.0019,-0.2076,0.0769,-0.0198,0.0856,0.2272,-0.0340,-0.0751,0.1561,0.0307,-0.1072,0.0408,0.0535,-0.2136,-0.1100,0.1688,-0.0317,-0.0281,0.0232,-0.0315,-0.0026,0.0136,-0.0503,0.0847,0.1662,-0.0118,-0.0316,-0.0164
"461,162",-11.8511,-3.4358,-0.0923,-0.1112,-0.0078,-0.0342,0.0808,0.0890,0.0904,0.1824,-0.2260,-0.1354,0.2532,0.1080,0.0414,-0.0517,-0.0056,-0.0616,0.0183,0.0231,-0.0734,0.0498,-0.0243,0.0326,-0.1115,0.0184,0.0440,-0.0448,0.0416,0.1004,-0.1959,-0.0811
"461,165",16.1245,-8.0739,0.1523,-0.0301,-0.1186,-0.0152,-0.0293,0.0641,0.0416,0.0675,0.0659,-0.0410,0.0556,-0.0501,-0.0708,0.0620,-0.1127,0.0134,0.0888,0.2731,0.0405,-0.2966,-0.0276,-0.2904,0.1411,-0.0905,0.0500,-0.1112,0.2823,0.0942,0.0972,0.0674
"461,166",0.6270,26.5953,-0.1188,0.1142,0.0379,0.1054,-0.0378,-0.0514,-0.0398,-0.0232,0.0827,0.1031,-0.1262,-0.1687,-0.0927,0.1182,-0.0150,0.0129,0.0675,-0.0610,-0.0014,0.1146,-0.0335,0.1262,-0.1505,-0.0208,-0.0721,0.0048,0.0158,0.0347,-0.0304,-0.0020
"461,170",7.9538,-21.7313,0.1060,-0.0031,-0.0409,-0.0747,-0.0602,0.0530,0.0614,0.0847,0.0855,-0.0886,0.0441,-0.0565,-0.0013,0.2293,-0.1421,0.0376,-0.0197,0.0976,0.0498,0.1348,0.0141,-0.0057,0.2317,0.1236,0.0384,-0.2605,-0.1197,-0.3124,-0.2153,0.0854
"461,170b",-18.6999,3.7028,-0.0600,-0.2628,0.0540,0.0107,0.0488,-0.0262,0.1395,0.1649,-0.0197,-0.0254,0.0335,0.1393,-0.0231,-0.1245,-0.0895,-0.1431,0.1530,-0.0799,-0.0352,0.0086,0.1406,-0.0628,-0.0717,-0.1894,0.2429,0.0178,0.2777,-0.1393,0.1764,0.0563
"461,173",-0.3454,-3.0765,-0.0614,-0.1135,0.0054,-0.0919,0.0972,0.0574,0.1028,0.1449,-0.0173,-0.1168,0.1305,0.0554,-0.0555,0.0219,-0.1274,-0.2015,0.1126,0.0333,0.0958,0.3596,-0.0582,-0.4430,-0.0267,-0.0357,0.0307,-0.0543,-0.1129,-0.0147,0.0071,0.1583
"461,181",6.3372,-12.3858,0.0477,0.0432,0.0668,-0.0444,0.0821,0.0429,0.0884,0.1570,0.0691,-0.0696,0.0854,0.0250,-0.0652,0.0162,0.0280,-0.2444,0.1020,-0.0682,-0.0619,0.2480,-0.1256,-0.1434,0.1236,0.1911,0.0079,-0.0957,0.0422,-0.0054,0.1760,0.0458
"461,184a",-41.5108,-7.7721,-0.3155,-0.0293,0.0685,-0.0022,0.6717,0.1736,0.2772,-0.4523,0.0130,-0.0750,-0.0693,0.0452,-0.0468,0.0643,0.0579,-0.0496,0.0790,-0.0366,0.0323,-0.2571,0.0393,0.1536,0.0684,0.0461,0.0783,0.1302,0.0408,0.2132,-0.0201,0.0760
"461,186",-10.8046,4.0447,-0.0758,-0.0790,-0.0092,-0.0796,0.1215,-0.0582,0.1564,0.0188,0.0226,-0.1283,0.0563,0.1130,-0.0233,-0.0502,-0.1451,0.0385,-0.0204,-0.0339,0.0263,0.1581,0.1578,-0.0735,-0.1211,-0.1226,0.0475,-0.0311,0.0817,-0.2057,0.0654,0.0106
"461,188",29.0479,-26.5508,0.0548,-0.0756,-0.0099,-0.2793,0.1245,-0.0742,-0.7731,-0.0305,0.1562,-0.5345,-0.2244,0.3711,-0.0143,-0.1595,-0.0762,-0.0658,0.0605,0.0310,0.0503,-0.1114,-0.0787,-0.0017,-0.0655,-0.0107,0.0802,-0.1371,0.0582,0.0882,0.0268,0.0035
"461,192",14.8285,-11.1794,0.1206,-0.0672,-0.0280,-0.1732,0.0771,0.0082,0.0716,0.1829,0.0960,-0.0567,0.0805,-0.0873,-0.1153,0.1315,-0.0142,-0.1612,-0.1364,0.2198,0.0070,-0.0958,-0.0208,-0.0934,0.1083,0.1211,-0.0330,-0.1533,0.1338,-0.0811,-0.0889,0.0416
"461,193",-21.7997,11.7155,-0.1905,-0.0563,0.0309,-0.0922,0.3139,0.0292,0.0014,0.0716,0.1379,-0.0552,-0.0103,0.0443,-0.1540,-0.1113,-0.0879,-0.2255,0.0380,0.0896,0.1562,-0.1662,0.0220,-0.0464,-0.1598,-0.0519,0.2958,-0.0419,0.0195,0.0982,-0.0323,0.1847
"461,193a",24.1345,-4.9368,-0.0706,0.0495,0.0694,-0.0621,0.0606,-0.0268,-0.1600,-0.1163,0.0280,0.2357,-0.0021,-0.3352,-0.0288,0.1056,-0.0353,-0.0694,-0.0016,0.3389,0.1646,-0.0825,-0.0131,-0.0287,0.0966,0.0057,0.2125,0.1182,-0.0641,-0.0754,0.0166,-0.1456
"461,194",-30.2545,17.4008,-0.2110,-0.0472,0.1024,0.0672,0.1407,-0.1613,-0.0659,0.0130,-0.0906,0.1020,0.0503,-0.0094,-0.0448,-0.0583,-0.1191,-0.0472,-0.1518,-0.2855,0.0873,0.1104,0.1818,-0.3409,-0.4405,-0.3398,0.4812,-0.4714,0.0869,-0.3232,0.0188,0.4454
"461,195a",19.2750,-20.2315,-0.0264,0.0418,0.0337,-0.0323,-0.0911,-0.0642,0.0248,-0.0213,-0.0958,-0.0531,0.0909,-0.0181,-0.1564,0.3048,0.1914,-0.4345,0.3187,-0.2030,0.1068,0.6021,-0.1249,-0.5111,0.1324,0.0548,-0.2237,0.2579,0.1525,0.2856,-0.1112,0.0537
"461,198",1.5181,32.1740,-0.1021,0.1345,0.0709,0.0851,-0.0096,-0.0605,-0.0986,-0.0883,0.0677,0.1970,-0.0354,-0.2127,-0.1244,0.2028,0.0671,-0.1602,0.0748,-0.1614,0.0312,-0.0221,-0.0058,-0.0065,-0.1513,-0.0915,-0.1175,0.0304,0.2022,0.0522,-0.0321,0.0255
"461,203a",-11.2564,-5.5050,-0.0316,-0.2594,0.0494,-0.0176,0.0484,0.0396,0.1267,0.1534,0.0521,-0.0160,0.0783,0.1149,-0.1091,-0.0033,-0.0059,-0.0444,0.0199,0.0255,0.0197,0.1289,-0.0587,0.1610,-0.0177,-0.1066,0.0791,0.1377,0.0180,0.0123,-0.1145,-0.0670
"461,207",-5.5366,8.5493,-0.0897,-0.0357,-0.0052,-0.1301,0.0439,0.0247,0.0597,0.0475,-0.0406,0.0494,0.0782,0.0454,-0.0211,-0.0398,-0.0655,-0.0465,0.0772,-0.0606,0.0599,0.2843,0.0142,0.1444,0.0140,-0.0897,-0.0180,0.1111,-0.0228,-0.0714,0.0030,0.0300
"461,209",13.1911,-15.5190,0.0358,-0.0467,-0.0109,-0.1206,-0.0044,-0.0135,0.0646,0.1896,0.0518,-0.2203,0.0639,-0.0917,-0.0786,0.1482,-0.0590,-0.1657,-0.0508,0.0470,-0.0390,-0.0070,0.1138,-0.4331,-0.3750,-0.1629,-0.5837,0.4255,-0.2049,-0.1263,-0.2544,0.2439
"461,210",10.0842,-5.2590,0.1408,0.0434,0.0907,-0.0545,0.0426,-0.0197,0.0345,0.1303,0.0456,-0.1634,-0.0509,-0.0925,0.0023,0.0665,0.1281,-0.1202,0.0544,-0.1384,-0.0409,-0.0763,-0.0121,0.0440,0.0656,0.0351,0.1051,0.0306,0.0050,-0.0419,-0.1474,-0.0008
"461,210a",-17.0521,19.0813,-0.2003,0.0621,0.0665,0.0266,0.1554,-0.0820,-0.0462,0.1602,0.0838,0.2014,-0.0470,-0.0660,-0.0086,-0.0519,-0.0421,-0.1129,0.0505,-0.0508,0.0483,-0.0081,-0.0597,0.1078,0.0727,0.0587,-0.0560,-0.0743,0.1204,0.0091,-0.1584,-0.0666
"461,211",-5.7425,-12.8156,0.0244,-0.1253,-0.1409,-0.1056,-0.1064,0.1487,0.0597,0.0447,0.0066,-0.1834,0.1039,0.1850,0.0444,0.0058,-0.2513,0.0353,0.0405,0.0045,-0.0965,-0.0021,0.1719,-0.0477,-0.2403,-0.0919,-0.1787,-0.1293,0.1047,-0.0205,0.1317,0.0464
"461,211a",-10.0045,1.2130,-0.1122,-0.0543,0.0014,-0.1142,0.2136,0.0977,0.1444,-0.0033,-0.0007,-0.1069,-0.0064,0.0922,0.0067,-0.0276,0.0147,-0.0724,0.0336,-0.0930,0.0490,0.0620,-0.0168,0.0970,0.0592,-0.0326,-0.0251,0.0020,-0.0539,-0.0508,-0.0349,-0.0479
"461,213",20.6341,-5.9845,0.1050,0.0113,-0.0538,-0.0309,-0.0142,-0.0616,0.0945,0.0971,0.0769,-0.0753,0.0053,-0.1037,-0.0756,0.1167,-0.1741,0.1882,-0.2214,0.1027,0.0952,-0.1868,-0.1764,-0.2317,0.1375,0.0867,0.0238,-0.0985,0.1219,0.0986,-0.0272,0.0206
"461,213a",12.3117,23.1249,-0.0467,0.1294,-0.0694,0.1406,-0.2773,0.1350,0.0226,-0.1016,0.0318,-0.0000,-0.0450,-0.0915,-0.0703,0.1789,-0.0157,0.0283,-0.0792,-0.2289,0.0560,0.0234,-0.1038,0.1237,-0.3186,0.0638,-0.1648,-0.0826,-0.0615,0.1049,-0.0414,0.1842
"461,214",-32.8163,27.5393,-0.2897,0.0681,-0.0968,0.1896,-0.1672,0.2458,-0.1378,-0.1135,-0.1919,-0.0229,0.0701,0.1166,0.0690,-0.3299,0.0690,-0.0615,-0.4110,-0.0084,-0.0568,-0.0292,0.2029,-0.0827,0.1167,0.0556,-0.0417,0.0180,-0.0863,0.0118,-0.0709,-0.1386
"461,214a",-2.9318,-9.7457,0.1342,-0.3711,0.1282,0.0376,0.0074,-0.0455,0.0262,0.1011,0.0344,-0.1221,0.0538,0.0681,-0.0373,0.0964,0.0076,0.0287,-0.1060,-0.1978,0.0096,-0.1041,-0.0672,-0.0212,0.0025,0.0964,-0.0304,-0.0056,0.0124,-0.0679,-0.0020,-0.0216
"461,215a",1.0037,-17.4981,0.0725,-0.1611,-0.0186,-0.2386,0.0041,-0.0451,0.2217,0.2027,-0.0428,-0.2147,0.1793,0.1043,0.0328,-0.0203,-0.0079,-0.1444,-0.1503,-0.0313,0.0223,0.2278,0.1976,0.1853,-0.1787,0.0058,-0.1976,-0.3052,0.0530,-0.1134,0.1776,0.0632
"461,215b",-3.5732,-8.3676,-0.0541,-0.0401,-0.0296,-0.0399,-0.0691,0.0532,0.0948,0.1772,-0.0384,-0.0888,0.0931,0.0799,-0.0837,0.0119,0.0706,-0.2038,0.0212,-0.0361,0.0387,0.0689,0.1218,0.0324,0.0584,-0.1285,-0.1982,-0.0821,-0.0067,-0.0505,-0.0670,-0.0662
"461,215c",1.9913,21.0060,-0.1822,0.0632,0.0623,0.0712,0.1140,-0.0862,-0.0590,0.0627,0.0445,0.1259,-0.0459,-0.2093,-0.0976,0.0055,-0.1147,-0.0183,0.0659,0.0627,0.1633,0.1502,0.1951,0.0711,0.0140,-0.0438,0.0531,0.3224,-0.0239,-0.0245,0.0589,-0.0842
"461,222",11.1236,1.7858,0.0376,-0.0002,-0.0874,-0.0155,0.0606,0.0446,-0.0223,-0.0159,0.1290,-0.0346,-0.0674,-0.1094,-0.0920,-0.0002,-0.0046,0.2076,-0.1172,0.3483,0.0267,0.0152,-0.1485,-0.0336,0.1135,0.0406,0.1062,-0.0181,0.1235,0.0007,-0.0214,-0.0055
"461,223",-25.4107,-19.8582,0.0212,0.0499,-0.1722,0.0712,-0.2590,0.1773,-0.0355,-0.0615,0.0688,-0.1340,-0.1285,0.1103,0.0619,-0.0483,-0.2325,-0.0026,0.4689,-0.1205,-0.0611,-0.4132,0.0544,-0.0537,-0.0008,0.0175,0.0612,0.2512,0.5116,-0.2195,0.4522,-0.0108
"461,225",4.2978,3.4527,0.0001,0.0053,0.0184,-0.0751,0.0138,-0.0225,-0.2411,0.0537,0.0620,-0.2441,-0.0676,-0.0258,-0.0613,0.0590,-0.0479,-0.1645,0.0397,0.1017,0.0975,0.1096,0.0359,0.0288,-0.0084,0.0479,0.1076,-0.0746,-0.0424,-0.0641,-0.0722,0.1310
"461,227",6.6299,-15.8124,0.0533,-0.0683,-0.0125,-0.2378,0.0616,0.0246,0.0196,0.1394,0.0758,-0.0271,0.0722,-0.0717,-0.1399,0.0802,-0.0102,-0.2368,-0.1114,0.1987,0.2120,-0.1358,-0.1128,0.2101,0.1563,0.0603,0.0263,-0.2488,0.0479,0.0656,-0.0547,-0.0862
"461,228",-4.1127,-19.5944,0.0100,-0.1536,-0.0242,-0.1606,-0.0167,-0.1112,0.1395,0.1513,-0.0798,-0.1334,0.1531,0.2686,0.0900,0.0371,-0.0934,-0.0586,-0.0197,0.1182,0.0141,-0.0215,0.1183,0.2681,0.0911,-0.0648,-0.2868,-0.0958,0.2187,0.0271,0.1497,-0.0246
"461,232",-4.4555,17.9653,-0.1747,0.0115,-0.0007,-0.0185,0.1604,0.0664,0.0251,-0.0602,0.0595,0.0131,-0.0638,0.0024,-0.0334,-0.0752,-0.1388,0.0657,0.0190,-0.0842,0.0815,0.1405,0.0865,0.1740,0.0738,-0.0149,-0.0639,0.1266,-0.0621,-0.0690,-0.0202,-0.0197
"461,238a",-2.5151,19.0699,-0.1342,0.0906,-0.1074,0.1148,-0.2371,-0.0104,0.1016,-0.0874,0.1371,0.0146,-0.0671,0.1307,0.0363,-0.0466,-0.1827,0.0161,0.0489,-0.0545,0.0343,-0.0148,-0.0847,0.0546,0.0234,0.0948,0.0303,0.0209,0.0096,-0.1080,0.0418,0.0213
"461,239",-1.8666,-20.7387,0.0139,-0.1614,-0.0046,-0.1817,0.1555,0.0183,0.2171,0.2980,0.0035,-0.1780,0.1047,0.0943,-0.0333,-0.0277,0.0474,-0.2746,-0.0297,0.0992,0.0866,0.0802,0.0573,0.2091,0.0340,-0.0333,-0.1355,-0.1261,0.0551,-0.0949,0.0487,0.0093
"461,240",12.9298,16.3796,0.0322,0.0498,-0.2328,0.0550,-0.3032,0.2592,0.1117,-0.0823,0.1239,-0.0809,-0.0639,-0.0009,-0.0187,0.0611,-0.0550,0.0173,-0.0874,0.1227,-0.0428,0.0184,-0.1446,0.1042,-0.1094,0.0812,0.1833,-0.1328,-0.0333,0.0463,0.1435,0.1090
"461,240a",-15.7067,-4.1094,-0.0933,-0.1081,0.0075,-0.0857,0.1677,0.0096,0.1850,0.2769,0.0180,-0.0654,0.1286,0.1920,-0.1212,-0.0928,0.1205,-0.0961,0.0375,-0.0108,-0.1198,0.0596,0.0115,-0.0452,0.0039,-0.2099,0.1188,0.1915,0.2195,0.0228,-0.1589,-0.0426
"461,242",-2.9501,9.2606,-0.0924,-0.2353,0.1484,0.0847,0.1194,-0.1816,-0.0003,0.0613,0.2024,0.1215,-0.0030,-0.1228,-0.1828,-0.0334,0.0268,-0.1003,-0.0267,0.1143,0.0179,-0.1984,-0.0369,-0.0682,-0.0337,0.1082,0.0955,-0.0911,0.0206,0.2483,-0.0398,0.0518
"461,243",-12.2157,13.0425,-0.1276,-0.0467,-0.0374,-0.0369,0.0953,0.1264,0.0618,0.0055,0.0359,-0.0821,0.0136,0.0605,-0.0412,-0.1022,-0.0948,0.0089,0.1389,0.1195,0.1000,0.2393,0.2249,0.0460,-0.1418,-0.1863,0.1717,0.0441,0.0169,-0.0355,-0.0162,0.1115
"461,245",-1.7995,-8.2280,0.0354,-0.0967,0.0113,-0.3041,-0.0022,-0.0462,0.0588,-0.0005,0.0274,0.0770,0.1712,0.0799,-0.0706,0.0156,0.0751,-0.2040,0.1288,-0.1361,0.0016,0.1297,0.0963,0.0112,-0.1171,-0.0361,0.0846,0.0675,0.0874,0.0155,-0.0736,-0.0947
"461,246",-12.8132,16.4768,-0.0829,0.0544,0.0855,-0.0117,0.1266,-0.1172,-0.0803,0.0973,0.1560,0.0895,-0.0478,-0.1760,-0.0966,0.0790,0.0354,-0.2091,-0.0048,-0.0474,0.1367,-0.1803,-0.0827,-0.1585,-0.1093,0.0013,0.0285,0.0676,0.1791,0.2205,-0.0902,0.1304
"461,247",12.7820,7.4749,0.0989,-0.0742,-0.0825,-0.1733,-0.0678,0.1105,0.1980,0.1751,0.0432,-0.1883,0.0171,-0.0094,0.1055,0.0586,-0.1030,0.1676,-0.2319,-0.1912,-0.1308,0.1665,0.0024,0.2257,-0.2886,0.1359,-0.0866,-0.1731,-0.1256,0.2164,0.2845,-0.2588
"461,248",-8.0605,12.7812,-0.1469,-0.0161,-0.0613,-0.1089,0.0599,0.1034,0.0001,0.0325,0.1215,0.1785,0.0173,0.0751,0.0446,-0.1800,-0.1138,0.1270,0.0000,0.0168,0.0592,0.0682,-0.0723,-0.0595,-0.0343,0.0350,0.0451,-0.0267,-0.1707,0.0060,0.0549,0.0223
"461,250",-15.7282,-12.0999,-0.0437,0.0201,-0.1527,0.0429,-0.1356,0.1732,0.0120,0.0450,0.0751,-0.0712,-0.0429,0.0972,-0.0441,-0.2169,-0.0514,-0.1282,0.0268,0.0548,0.0811,-0.2356,0.1716,-0.1593,0.0888,0.0050,0.0177,-0.0063,0.2925,0.0304,0.1466,0.0325
"461,251b",1.6190,18.5394,-0.1259,0.0478,-0.0040,0.0228,0.0460,0.0573,0.0250,-0.0561,0.1075,0.0046,-0.1266,-0.1458,0.0257,-0.1040,-0.1306,0.0676,-0.2036,-0.0450,-0.0198,0.1547,0.2850,0.1830,-0.0115,0.1990,-0.0879,0.0581,-0.1261,0.1832,0.0270,0.0075
"461a,001",-19.4019,-28.1654,0.2610,-3.1207,0.9924,1.3295,-0.3882,0.0431,-0.1654,-0.3575,0.2523,0.2505,-0.0958,-0.1554,0.0743,0.0144,0.0906,0.0543,0.0363,-0.0291,0.0321,0.0204,-0.1134,0.0453,0.0940,0.1122,-0.0850,-0.0232,-0.0483,0.0682,0.0277,-0.0025
"461a,002",-18.9715,-29.6701,0.2555,-3.2423,1.0658,1.4031,-0.4084,0.0295,-0.1954,-0.3836,0.3514,0.2396,-0.1037,-0.1799,0.0605,0.0109,0.1196,0.0125,0.0455,-0.0413,0.0350,0.0266,-0.1470,-0.0015,0.0643,0.1506,-0.0499,-0.0060,-0.0773,0.0892,0.0160,-0.0078
"461a,003",-17.8379,-25.9123,0.1808,-2.4035,0.8042,0.9897,-0.2422,-0.0039,-0.1899,-0.2198,0.2958,0.1219,-0.0619,-0.0964,-0.0141,0.0218,0.0745,-0.0124,-0.0094,-0.0456,0.0312,-0.0047,-0.0967,-0.0411,-0.0206,0.1066,-0.0272,-0.0155,-0.0446,0.0939,-0.0139,0.0312
"461a,004",-13.3541,-15.4775,0.0730,-1.2522,0.3649,0.4664,-0.1141,0.0432,-0.0379,-0.0131,0.0424,0.0037,0.0673,0.0310,-0.0117,0.0120,-0.0172,-0.0449,0.0323,-0.0681,-0.0129,0.0522,-0.0306,-0.0446,-0.0705,-0.0715,0.1207,0.0863,0.0080,0.0312,-0.2857,-0.2249
"461a,005",-18.3957,-28.7519,0.2040,-2.9521,0.9815,1.2994,-0.3500,0.0372,-0.2011,-0.3421,0.3433,0.2423,-0.0969,-0.1846,0.0266,0.0096,0.1122,0.0358,0.0157,-0.0169,0.0283,0.0371,-0.1670,-0.0201,0.0312,0.1350,-0.0220,-0.0071,-0.0719,0.0997,0.0032,0.0108
"461a,006",-17.7456,-28.2176,0.2136,-3.0796,1.0193,1.3438,-0.3509,0.0148,-0.1654,-0.3815,0.3219,0.2555,-0.0945,-0.1754,0.0548,0.0144,0.1055,0.0162,0.0362,-0.0506,0.0330,0.0262,-0.1393,0.0058,0.0474,0.1245,-0.0429,-0.0243,-0.0649,0.0836,0.0086,-0.0119
"461a,007",-14.1531,-16.9286,0.0156,-1.4279,0.4808,0.5465,-0.0405,-0.0488,-0.0425,-0.0610,0.1117,0.0543,0.0713,-0.0165,-0.0176,-0.0639,0.0219,-0.1574,-0.0012,0.0320,0.0126,-0.0192,0.0146,-0.0858,-0.2369,-0.0986,0.2929,-0.2121,-0.0655,-0.1477,0.0926,0.1297
"461a,008",-19.1871,-29.7911,0.2229,-3.1273,1.0084,1.3601,-0.3924,0.0569,-0.1729,-0.3633,0.3006,0.2521,-0.0874,-0.1488,0.0686,-0.0046,0.0969,0.0334,0.0370,-0.0405,0.0324,0.0388,-0.1240,0.0111,0.0545,0.1107,-0.0577,-0.0132,-0.0605,0.0779,0.0157,-0.0112
"461a,009",-19.5013,-28.1012,0.2680,-3.1180,0.9913,1.3259,-0.4022,0.0456,-0.1550,-0.3591,0.2642,0.2393,-0.0948,-0.1607,0.0844,0.0106,0.0971,0.0616,0.0465,-0.0439,0.0255,0.0190,-0.1209,0.0351,0.1066,0.1268,-0.1061,0.0063,-0.0319,0.0889,0.0253,-0.0211
"461a,010",-17.5235,-24.3902,0.1698,-2.2393,0.7107,0.9141,-0.2120,0.0407,-0.0983,-0.3173,0.1000,0.2196,-0.1196,-0.1194,0.0596,0.0095,0.0331,0.0649,0.0302,-0.0699,0.0186,0.0003,0.0093,0.0652,0.0648,0.0462,-0.0479,-0.0027,0.0245,0.0333,0.0874,0.0574
"461a,011",-18.4244,-29.7208,0.2592,-3.2136,1.0378,1.3679,-0.3913,0.0356,-0.1667,-0.3457,0.3031,0.2477,-0.0896,-0.1550,0.0524,0.0141,0.1132,0.0185,0.0319,-0.0269,0.0395,0.0280,-0.1298,0.0174,0.0666,0.1112,-0.0929,-0.0092,-0.0673,0.0647,-0.0025,-0.0004
"461a,012",-18.8061,-29.0109,0.2668,-3.1026,0.9845,1.3111,-0.3838,0.0420,-0.1612,-0.3486,0.2495,0.2471,-0.0989,-0.1506,0.0699,0.0149,0.0884,0.0514,0.0354,-0.0291,0.0347,0.0169,-0.1034,0.0442,0.0978,0.1049,-0.0892,-0.0221,-0.0450,0.0634,0.0281,-0.0033
"461,251a",-23.2310,-9.1478,0.0471,-0.2209,-0.0129,-0.2262,0.0604,0.0148,0.1780,0.3447,-0.1015,-0.1071,0.2071,0.2440,-0.1425,0.0209,0.0109,-0.2022,-0.0697,0.0057,0.0586,-0.1782,-0.0595,0.5184,-0.0407,0.1191,-0.1840,-0.0805,0.1892,0.5734,0.0940,-0.2371
"392,026a",-0.0194,6.0556,-0.0210,0.0336,-0.0043,0.0444,0.0048,0.0447,-0.0103,0.0865,-0.0058,0.0289,0.0137,-0.0061,-0.0006,0.0714,0.0188,0.0741,0.0630,-0.0437,-0.1367,0.0844,-0.0052,-0.0859,0.0464,-0.0446,0.0734,0.1582,0.0482,-0.0592,-0.1354,-0.0420
"461,252",-11.5721,42.7710,-0.3963,0.0999,0.0037,0.1502,0.1301,-0.0607,-0.0399,0.1979,0.2330,0.3832,-0.0510,0.1179,0.0796,-0.5559,-0.2645,0.0912,0.3179,-0.3039,-0.2783,0.0223,-0.6124,0.0384,0.1954,0.2403,-0.3088,-0.2845,-0.1714,-0.4703,-0.4838,0.1520
"461,253",-42.3049,-8.7498,-0.3325,-0.0468,0.0690,-0.0114,0.7196,0.2299,0.2889,-0.4644,-0.0274,-0.1043,-0.0605,0.0555,-0.0153,0.0524,0.0728,-0.0785,0.0719,-0.0542,0.0321,-0.2648,0.0400,0.1319,0.0350,0.0666,0.1021,0.1160,0.0521,0.1679,-0.0279,0.0786
"293,014",21.3499,14.5527,0.1777,0.1123,0.0080,0.0595,-0.1323,0.0882,0.1213,0.0608,0.1054,-0.0896,-0.0430,-0.1290,-0.0155,0.3202,-0.0009,0.2250,-0.1381,-0.2265,-0.4051,0.0929,-0.0758,0.2541,-0.0814,0.0946,-0.0152,-0.1538,-0.2827,0.2319,0.0856,0.0123
"452,001",14.4272,-17.4758,0.2200,-0.0566,0.0488,-0.1062,0.1107,-0.0600,0.0416,0.3415,0.0985,-0.2416,0.0892,-0.0726,-0.1296,0.2715,0.0342,-0.2505,-0.2031,0.3714,-0.3142,-0.2903,0.2506,-0.5666,-0.3009,-0.1946,-0.9695,0.6812,-0.4256,-0.7048,-0.2125,0.5578
"080,001",-8.7776,3.9469,-0.1303,-0.0027,-0.0318,-0.0207,0.0394,0.0517,0.0536,0.1014,0.0745,-0.0126,-0.0096,0.1565,-0.0439,-0.0757,-0.0990,-0.0334,0.1805,-0.0624,0.0064,0.0472,-0.0555,0.1877,0.0534,0.0001,0.1086,0.1725,-0.0844,0.0284,0.0802,-0.0788
"155,003",-0.8655,9.1115,-0.0679,-0.0062,0.0272,-0.0474,0.1094,-0.0325,-0.0003,0.1095,-0.0283,-0.0462,0.0323,-0.1091,-0.0345,0.0500,-0.0155,-0.0387,-0.0548,0.0925,0.0963,0.1264,0.0654,-0.0588,-0.0101,-0.0602,-0.0144,0.0371,-0.0108,-0.0811,0.0101,-0.0167
"282,026a",8.8473,8.1744,-0.1288,0.0165,-0.0547,0.0090,0.0184,0.1170,0.1116,0.3487,0.1541,0.2281,-0.1326,0.3185,0.5725,0.5072,0.0337,0.1622,-0.2292,-0.0997,-0.0229,0.0912,-0.1013,0.2244,-0.2570,0.0720,0.0306,-0.0781,-0.1275,0.2836,0.0985,-0.1576
"082,025",-1.4178,-13.3449,0.0811,-0.0763,0.0245,-0.0845,-0.0399,-0.2016,0.1556,0.2050,-0.2148,-0.2205,0.2208,0.0984,0.0970,0.0522,0.0872,-0.0466,-0.0971,0.0307,-0.0666,0.0430,0.0793,0.0571,0.0382,0.0497,-0.1211,-0.0494,0.0350,-0.0867,-0.0159,-0.0980
"242,001",-33.0504,29.7762,-0.1585,0.1215,-0.2659,0.2691,-0.5535,0.3811,0.0136,-0.2512,0.1297,0.0053,-0.1059,0.1896,-0.0698,-0.1263,0.1296,-0.2628,-0.3147,0.0047,0.0671,-0.0747,0.0115,-0.0078,0.0844,-0.0024,0.0661,-0.0114,-0.0864,-0.0610,-0.0034,-0.0494
"401,002",-3.9205,59.3077,-0.0345,0.0813,0.0962,-0.0039,-0.2817,-1.3480,0.5261,-0.4310,0.1185,-0.2271,0.1175,0.3454,0.2276,-0.1091,0.1001,-0.0234,-0.1142,0.1958,-0.0512,0.0221,0.0867,0.0282,0.0657,0.0028,-0.0358,0.0086,-0.0081,0.0560,-0.0550,-0.0709
"220,001",-12.1689,-17.4597,0.0953,-0.1202,-0.1700,-0.0383,-0.1865,0.1973,0.0012,-0.0943,-0.0952,-0.0243,-0.0127,-0.0652,0.0944,-0.0572,-0.3208,0.3382,0.0779,0.2747,-0.0858,0.0431,0.1280,0.0316,0.1126,-0.0187,-0.1662,0.0282,-0.0177,-0.0452,0.0040,0.0350
"030,001",-3.4859,21.5808,-0.1449,0.0432,-0.0649,0.0588,-0.0198,0.1300,0.0079,-0.0953,0.0781,0.0575,-0.0704,-0.0428,0.0002,-0.1675,-0.2735,0.2449,-0.0265,0.0267,0.1420,0.1149,0.0493,-0.0345,0.0310,-0.0242,0.0342,0.0907,-0.1052,-0.0191,0.0375,0.0500
"434a,001",3.9348,28.6736,-0.0351,-0.0127,0.0548,-0.2819,0.0329,-0.0810,-0.2785,-0.1862,-0.0100,0.2693,0.0163,-0.1573,-0.0106,0.0048,-0.0444,0.0081,0.0030,0.0882,0.0628,0.1642,-0.0104,-0.1272,-0.0482,-0.0976,-0.0752,-0.0595,-0.0519,-0.0099,0.2668,-0.4629
"030,002",23.6417,-4.9661,0.0414,0.0960,0.0526,0.0592,0.0600,-0.1179,-0.0711,0.0130,0.0958,0.0938,0.0315,-0.2197,-0.1690,0.2265,0.0579,-0.1500,-0.0249,0.1018,-0.0124,-0.1310,-0.0754,-0.1599,-0.0901,-0.1161,0.1193,-0.1507,0.2359,0.0708,-0.0219,-0.0362
"167,003a",-30.4047,8.6502,-0.1612,0.0120,-0.0011,-0.0461,0.1652,0.0551,0.0782,0.1351,0.0930,0.0701,0.0154,-0.0614,-0.1697,-0.1085,-0.0458,-0.2239,0.2102,0.0222,0.1075,-0.0352,0.1856,0.2714,-0.0119,0.1792,0.1158,-0.0540,0.1278,0.2804,0.0696,0.3029
"138,001",-5.1580,-16.2635,0.0460,-0.1075,-0.1215,-0.1236,0.1169,-0.0132,0.1380,0.2498,0.0341,-0.1311,0.1220,0.0784,-0.0710,-0.0038,0.0755,-0.1635,0.0004,0.0523,0.0199,0.1329,0.0743,0.0523,-0.0090,-0.0247,-0.0356,-0.1747,0.0667,-0.0688,0.2598,-0.2571
"293,001",39.6230,11.6592,0.7983,0.3726,0.5730,0.3479,0.1431,0.1394,0.1271,-0.0286,-0.2037,0.0914,0.1979,0.3647,0.0918,-0.2156,-0.0213,0.0241,0.0602,-0.0098,0.1089,0.0683,0.0335,0.0306,-0.0385,0.0057,0.0162,0.0803,-0.0461,0.0081,0.0498,0.0077
"293,002",-13.0895,-8.9121,0.0807,-0.0882,-0.0257,-0.1226,-0.0323,0.0750,0.1931,0.2164,0.0060,-0.1204,0.1389,0.1734,-0.1198,0.0755,0.1423,-0.0977,0.0948,-0.0211,-0.1756,-0.0557,0.0284,-0.0484,0.1137,-0.2012,0.1709,0.2981,0.3144,-0.1450,-0.0141,-0.1334
"437,003",-3.7075,9.3756,-0.0711,0.0388,0.0002,-0.0123,0.0305,0.0686,0.0737,0.0726,0.0692,-0.0212,0.0147,-0.0236,-0.1698,0.0136,0.0693,-0.1831,0.2509,0.0261,0.1393,0.1232,0.0009,0.1286,0.0990,0.0732,0.0883,-0.0817,-0.0518,0.1531,0.0379,0.1087
"461,013",-27.3024,22.3879,-0.1533,-0.0022,-0.0500,0.0724,-0.0804,0.1188,0.0117,0.0429,0.0738,0.0541,0.0102,0.0856,-0.1768,-0.2009,0.1758,-0.1441,-0.2971,0.0584,0.0126,-0.0393,0.1831,-0.1817,0.0187,-0.0592,0.0109,0.0554,0.0671,0.0354,-0.0734,-0.0380
"461,012",-9.3275,-12.2295,-0.0281,-0.1514,-0.0340,-0.1224,0.0743,0.0493,0.1664,0.1808,-0.0566,-0.0400,0.0584,0.1800,-0.0279,-0.0278,0.0266,-0.0931,0.0398,0.0096,0.0764,-0.0276,-0.0231,0.1436,0.0996,-0.0983,-0.0671,-0.0133,0.0408,-0.0247,-0.0148,-0.1216
"010,004",-24.9698,-7.9707,0.0502,-0.0415,0.0089,-0.1646,0.0808,-0.0110,0.1514,0.2508,0.0449,-0.0687,0.1110,-0.0194,-0.2255,0.0995,-0.0445,-0.2546,-0.1407,0.1392,0.3182,-0.2407,-0.1496,0.2746,0.1863,0.1785,-0.0261,-0.2088,0.1905,0.2390,-0.0752,-0.0147
"242,006",-28.2355,-23.9031,0.0439,0.0202,-0.4111,0.1337,-0.3590,0.2282,0.0124,-0.1538,0.0347,-0.1506,-0.0455,0.1642,0.0863,-0.1715,-0.3138,0.0369,0.5655,0.1533,0.0354,-0.3357,0.0944,-0.1573,0.0218,-0.0537,-0.0789,-0.0450,0.2858,-0.0086,0.2123,0.1580
"225,001",-3.5836,8.9274,-0.0655,0.0259,-0.0591,-0.0082,0.0438,0.1957,0.1127,-0.0254,0.0759,-0.0895,-0.0764,-0.0662,0.1163,-0.0922,-0.1200,0.0719,-0.0174,-0.0120,-0.0839,0.2188,0.0478,-0.0307,0.0555,0.1000,0.1093,-0.0122,-0.1768,0.0753,0.0965,-0.1138
"155,002",-13.7304,31.4272,-0.2160,0.1702,0.1068,0.1871,0.0536,-0.2135,-0.1329,0.0182,0.0313,0.2263,-0.0073,-0.1462,0.0110,-0.1679,-0.0680,0.1191,-0.0517,-0.1574,-0.1444,0.0134,-0.1525,-0.0880,0.0643,-0.0037,-0.1351,0.0362,0.0868,-0.0804,0.1360,-0.0604
"242,011",9.0476,37.7736,-0.0471,0.1184,-0.0904,0.1606,-0.3157,0.0145,-0.0511,-0.1719,0.0400,-0.0174,-0.0144,-0.1080,-0.1656,0.3094,0.1542,-0.3637,0.1427,-0.0082,0.1796,-0.0206,-0.1850,-0.0022,-0.2281,-0.1249,-0.0375,0.0252,0.0733,0.1461,-0.2303,-0.0623
"401,003",9.7011,-14.6020,0.6039,-0.0015,-0.3765,0.1753,0.3163,-0.0910,0.0093,0.1886,-0.0149,-0.0338,0.1128,0.0619,-0.0332,0.0577,0.0937,-0.1466,-0.0766,0.0609,-0.0814,0.0435,0.1736,-0.0833,-0.0728,-0.0137,-0.4462,0.1502,-0.1046,-0.3161,-0.0593,0.2361
"390,001",-2.3698,47.3901,-0.0843,0.0046,0.0792,-0.0767,-0.0514,-0.7699,0.2899,-0.2015,0.1526,-0.0592,0.0742,0.1387,0.0673,-0.1436,0.0495,-0.1366,-0.0093,0.0800,-0.0275,0.0519,0.0603,0.0429,-0.0963,-0.0333,-0.0079,-0.0582,-0.0094,0.0224,-0.0845,-0.0340
"364,035",-39.5971,26.3627,-0.2200,0.0615,-0.1591,0.1573,-0.3268,0.2990,0.0218,-0.0120,0.0098,0.0256,0.0208,0.2802,-0.1177,-0.4236,0.3353,-0.1954,-0.5840,-0.0280,0.0099,-0.0604,0.3533,-0.2207,0.2361,0.0441,-0.0359,0.0626,-0.0229,0.0931,-0.0800,-0.1698
"558,008",6.4953,2.1183,0.0142,0.0248,0.0607,-0.0162,0.0375,-0.0635,-0.0378,0.2132,0.0058,-0.0889,0.0205,-0.0803,0.0135,-0.0653,0.1470,-0.0034,0.0248,-0.0573,-0.0225,-0.0708,-0.1302,-0.1736,0.1216,-0.0215,0.0111,0.0555,0.1124,-0.0186,-0.0520,0.1160
"248,015",-6.8666,-30.8151,0.4155,-0.1333,0.0692,-0.3713,-0.0800,-0.1649,0.3003,0.0828,-1.1821,0.5088,-1.4501,0.3312,-0.4511,-0.0764,-0.0056,-0.0576,0.0192,0.2120,-0.1794,-0.0125,-0.0997,0.0124,-0.1309,0.1169,0.0070,-0.1592,-0.1237,0.0016,-0.0388,-0.1134
"461,030",11.1604,14.2575,0.1393,-0.0085,-0.3558,0.0560,-0.1474,0.1440,0.1122,0.0159,-0.0038,-0.0116,-0.2121,0.1447,0.0239,0.0950,-0.0964,-0.0054,-0.0206,0.0205,-0.0967,-0.0506,-0.1413,0.1437,-0.1717,0.1347,0.1134,-0.1434,-0.0478,0.0046,0.2499,-0.0780
"080,006a",-17.6967,2.9883,-0.1750,-0.1274,0.0199,0.0559,0.0296,0.1062,0.0347,0.2130,-0.3731,-0.0677,0.3701,0.2078,0.0774,-0.0429,-0.0474,-0.1461,0.1943,-0.3105,-0.1942,0.2822,-0.0820,-0.2042,-0.1878,-0.0878,0.5500,0.4486,-0.0876,0.1822,-1.2541,-0.8839
"410,004",9.8028,-7.1954,0.0562,-0.1555,-0.0013,-0.1859,0.1001,0.0019,0.1387,0.2663,0.0380,-0.0798,0.1621,0.0761,-0.1539,0.1054,-0.0529,-0.0554,-0.1992,0.1532,-0.0118,-0.2267,-0.2131,-0.1896,-0.0881,-0.0539,0.0807,0.0359,0.0015,0.0886,0.0242,-0.0877
"227,005",32.1876,3.8243,0.1795,0.1092,0.1393,0.0531,0.0284,-0.0416,-0.0320,0.0860,0.0766,-0.0433,-0.0627,-0.1360,-0.0557,0.2027,0.1491,0.0614,-0.0103,-0.3166,-0.2586,-0.0728,0.1227,-0.0690,0.0084,0.1505,0.1560,0.1424,0.0720,-0.0629,-0.1403,0.1801
"235,001",7.9689,17.4154,-0.0446,0.0306,0.0793,-0.0069,0.1075,-0.0433,-0.1118,0.0074,0.0587,0.0893,-0.0831,-0.2521,-0.0354,0.0465,-0.0480,0.0307,0.0487,0.2242,0.1356,0.1114,0.0922,0.0122,0.1779,0.0089,0.0825,0.1972,-0.0073,-0.0282,0.0232,-0.1160
"461,035",15.4350,32.7365,-0.1489,0.1288,0.0584,0.1272,-0.0290,-0.0833,-0.2511,0.0046,-0.0601,0.0719,-0.0122,-0.2595,-0.1239,0.2115,0.0740,0.0111,0.0176,-0.0104,0.0726,0.1074,0.0359,-0.1235,-0.1823,-0.4051,-0.2920,-0.1607,0.1082,-0.1227,0.3399,-0.5697
"349,002",-1.0119,24.5139,-0.1229,0.0797,0.0754,0.1123,0.0844,-0.0096,-0.0921,-0.0472,-0.1954,0.0448,0.0538,-0.2346,-0.0136,0.0820,-0.0714,0.3023,-0.1379,-0.0011,0.1328,0.0908,0.0037,-0.0486,-0.0316,-0.0305,-0.0369,0.2004,-0.0007,-0.1012,-0.0226,0.2612
"155,004",3.5082,18.3546,-0.1346,0.0752,0.0563,0.0612,0.0813,-0.0103,-0.0776,0.0460,0.0008,0.1395,-0.1650,-0.2102,-0.1266,-0.0026,-0.0769,0.0990,-0.0114,0.0532,-0.0286,0.2505,0.1230,0.0574,-0.0072,-0.0895,0.0165,0.3187,-0.0293,-0.0151,0.0217,-0.0482
"016,005a",-23.1646,33.8862,-0.2818,0.0100,0.0819,0.1234,0.1742,-0.0562,-0.2027,-0.1000,-0.4609,-0.0144,0.1818,-0.1579,0.1317,-0.0542,0.0510,0.0734,0.0396,0.0958,0.1398,0.0483,0.1506,0.0978,-0.0518,-0.0715,0.1858,0.0816,-0.0617,-0.0064,0.0931,0.2210
"070,008",-3.4384,16.7248,-0.1120,0.1004,-0.0207,0.1814,-0.2665,0.0733,-0.0062,-0.1103,-0.1778,0.0021,-0.0025,0.0542,-0.1082,0.1502,-0.1679,0.0132,-0.0176,-0.2861,0.4525,-0.0653,-0.1214,0.1447,0.0271,-0.1406,0.0403,0.4050,0.0554,-0.2088,0.1812,-0.0727
"009,005",0.3535,43.5861,-0.0034,0.0986,0.0905,0.0705,-0.0496,-0.4113,0.1458,-0.0925,0.0132,-0.0013,0.0550,0.0988,-0.0436,0.0799,-0.0539,0.1995,-0.1034,-0.0713,0.0352,0.0504,-0.0524,-0.0626,0.1193,0.0470,0.0486,0.0308,0.0103,0.0046,-0.0338,0.0228
"248,011=300,001=115a,001",20.7099,-36.5890,0.4193,-0.0230,-0.0566,-0.3168,-0.2034,-0.3263,0.5377,0.0162,0.1399,-0.7048,-0.5926,-1.2787,1.1332,-0.9707,0.5257,-0.1417,0.0060,-0.4493,0.3266,-0.2429,-0.4142,-0.1351,-0.1498,-0.3410,0.1229,0.2279,-0.1067,0.1875,-0.0582,-0.1788
"167,001",4.0150,26.2981,-0.0718,0.1051,0.0026,0.0980,-0.1304,-0.0185,-0.0673,-0.0918,-0.0062,0.0141,-0.0378,-0.1562,-0.0716,0.1745,-0.0241,0.0097,0.0252,-0.0218,0.1174,0.0639,0.0299,-0.0311,-0.1177,-0.0512,-0.0446,0.0945,0.0137,-0.0121,-0.0088,0.0917
"065,001",26.2917,6.7173,0.2713,0.1805,0.1749,0.1114,-0.0041,0.0390,0.0090,0.0091,0.0266,0.0191,0.0530,-0.0512,-0.0723,0.1201,0.1011,-0.0411,0.0372,0.0045,-0.0341,0.0345,-0.0470,-0.0906,0.0275,0.0023,0.0137,0.0137,0.0934,0.0356,-0.0668,0.0851
"167,002",-0.1092,49.1863,-0.2680,0.1576,0.0957,0.1735,-0.0559,-0.6888,0.0728,-0.0931,0.0805,0.2142,0.0254,0.1774,0.1610,0.0129,-0.1180,0.2158,-0.1231,-0.1416,0.0368,-0.0644,-0.0881,-0.0999,0.1255,0.0126,-0.1268,0.0123,0.0815,0.0167,0.1423,-0.1103
"323,002",-16.3105,22.2117,-0.3143,0.0607,0.0482,0.0947,0.2012,-0.0423,-0.0433,0.1677,0.0285,0.2108,-0.0441,0.1167,0.1759,0.0408,-0.0388,-0.0287,0.0518,-0.2801,-0.1011,-0.0066,-0.0930,0.1890,-0.0390,-0.0883,-0.1066,0.0828,-0.0151,0.2067,-0.0193,-0.1617
"101,001",-19.9474,11.8643,-0.1230,-0.1033,0.0277,-0.1129,0.2190,0.0024,0.0425,0.1212,0.1393,-0.0563,0.0584,0.0352,-0.1793,-0.1446,-0.0492,-0.2459,-0.1062,0.1363,0.1381,-0.1654,-0.0320,-0.1673,-0.2456,-0.0528,0.2843,-0.0418,-0.1390,-0.0347,0.0586,0.1630
"366,001",-9.0096,26.0350,-0.2254,0.0609,0.0325,0.0722,0.0952,-0.0635,-0.0616,0.0634,0.0453,0.1076,-0.0192,-0.0909,-0.0264,-0.0930,-0.1664,0.0588,0.0420,-0.0885,-0.0262,0.0543,0.0688,0.0118,-0.0606,-0.0245,-0.1731,0.0105,0.0139,0.0111,0.0821,-0.1496
"405,001",-26.4521,-24.0052,0.2154,-0.0960,-0.2817,-0.0241,-0.2473,0.1353,0.2324,0.0648,-0.0054,-0.3862,-0.1046,-0.0466,0.3283,-0.3036,-0.2942,0.1621,0.4678,0.0004,0.0179,-0.4438,0.1203,-0.2604,0.0160,-0.0479,-0.0041,0.0965,0.5073,-0.0410,0.6484,0.0745
"401,001",-26.7550,-25.8102,0.2238,-0.1546,-0.3472,-0.0288,-0.2664,0.1759,0.2051,0.0815,0.0197,-0.4114,-0.1232,0.0452,0.3610,-0.3645,-0.3378,0.1375,0.4972,0.0754,0.0576,-0.5850,0.1429,-0.2689,0.0292,-0.0901,-0.0142,0.0793,0.6098,-0.0735,0.7436,0.0845
"327,001",-9.9416,-8.7574,-0.0274,-0.1224,-0.0395,-0.1169,0.0176,0.0344,0.1560,0.2215,-0.0693,-0.0937,0.1292,0.1694,-0.0630,-0.0824,-0.0752,-0.0857,0.1401,0.0279,-0.0164,0.0020,0.1589,0.1675,-0.0918,-0.0159,0.0480,0.0185,0.1079,0.0622,0.2943,-0.1315
"070,001",15.8347,15.3813,0.0524,0.0716,-0.0987,0.0643,-0.1671,0.1268,0.0243,-0.0318,0.0879,-0.0184,-0.0645,-0.1613,-0.0355,0.2228,-0.0225,0.0654,-0.0585,0.0176,-0.0554,0.0205,-0.1065,0.1273,-0.1316,0.1396,0.0445,-0.1398,-0.1093,0.0555,0.0580,-0.0498
"183,001",-12.3772,2.0133,-0.0863,-0.0095,0.0058,-0.0190,0.0697,0.0126,0.0699,0.1880,-0.0280,0.0183,0.0362,0.0823,-0.0739,0.0368,0.0649,-0.1075,0.1068,-0.0359,-0.0047,0.1332,0.0519,-0.0646,-0.0084,-0.1270,0.0902,0.1624,0.1080,0.0746,-0.1031,-0.0417
"047,001",9.4274,-5.2250,0.0698,-0.0318,-0.0058,-0.0469,0.0345,-0.0289,0.1272,0.1726,0.0119,-0.0879,0.0620,-0.0435,-0.1573,0.0536,0.1474,-0.0672,-0.1834,0.2986,-0.0354,0.1424,-0.0317,-0.0361,0.1499,-0.1540,0.0056,0.3266,0.3525,-0.0106,-0.2984,0.0002
"243,001",1.5246,13.4707,-0.0369,0.0236,0.0671,-0.0167,0.0276,-0.0699,-0.0002,0.0559,-0.0804,0.1216,-0.0315,-0.0531,-0.1031,0.1165,-0.0596,0.0204,-0.0561,-0.1210,0.1591,-0.1051,-0.0407,0.0592,0.0557,-0.0412,-0.0057,-0.0047,0.0008,0.0352,0.0362,0.0520
"364,001",-21.7983,34.2293,-0.2325,0.1036,0.0329,0.1903,-0.0927,-0.0637,-0.2347,0.0062,-0.4068,0.0266,0.1784,-0.1364,0.0855,-0.0488,0.0988,0.0014,-0.2016,-0.0790,-0.0403,-0.0771,0.1852,-0.0772,-0.0945,-0.0070,-0.0626,-0.0898,0.0509,0.0632,0.0295,0.0818
"106,001",-0.2967,44.6182,-0.0098,0.0587,0.0819,0.0556,-0.0606,-0.4914,0.1795,-0.0872,0.1224,-0.0613,0.0129,-0.0322,0.0383,0.0480,-0.0442,0.0329,-0.0864,0.0290,-0.1278,0.0841,0.1298,0.0133,-0.0175,0.1067,-0.0068,-0.0835,0.0590,-0.0358,-0.0253,0.0729
"363,001",-30.6877,-3.0649,-0.0749,0.0932,0.0142,0.0430,-0.0052,0.0713,-0.0321,0.2237,0.1985,0.3426,-0.3383,0.0455,0.6385,0.3963,-0.0310,0.0628,0.0457,0.3258,0.1607,0.0721,0.1971,0.0927,0.2053,0.0925,0.1388,0.1376,-0.0547,-0.0697,-0.0435,0.0416
"124,001",-12.2742,44.3272,-0.4071,0.1097,0.0455,0.1543,0.1960,-0.1074,-0.0593,0.2194,0.2214,0.4428,-0.0585,0.0344,0.0031,-0.4703,-0.1513,0.0872,0.2858,-0.4267,-0.3146,-0.0180,-0.6758,-0.0482,0.2299,0.1689,-0.5003,-0.2951,-0.0063,-0.3184,-0.3666,0.0744
"112,001a",-12.2434,8.5292,-0.1585,-0.0208,-0.0049,0.0097,0.0250,0.0192,0.0246,0.1132,-0.0363,0.0226,0.0984,0.0274,-0.0709,-0.0827,-0.0068,-0.1856,0.1334,0.0051,0.0917,0.0095,0.1026,0.1152,-0.0827,-0.0934,-0.0035,-0.0145,0.0946,0.0502,-0.0148,0.0600
"248,001",15.5875,-50.1474,1.3859,-0.3370,-2.7324,1.0375,1.1908,-0.6765,-0.5386,-0.1132,-0.0606,0.4581,0.1404,0.0576,-0.0683,-0.0561,0.2789,-0.1755,-0.0871,-0.1449,0.1065,0.1617,-0.0290,0.0834,-0.0072,-0.0832,0.0314,0.0957,-0.0434,-0.0287,-0.1186,-0.0128
"112,001b",29.4252,-13.0913,0.0671,0.0478,0.0884,-0.0670,0.1337,-0.0498,-0.0671,0.0986,0.1650,0.1331,0.0265,-0.2981,-0.2078,0.2173,-0.0099,-0.1792,-0.1202,0.4373,0.0755,-0.3944,-0.1980,-0.2751,0.1352,0.1120,0.3134,-0.2008,0.2008,0.0950,-0.1502,-0.1472
"319,001",-3.0970,56.1153,-0.0131,0.0541,0.0698,0.0239,-0.2160,-1.0483,0.4234,-0.2442,0.0416,-0.2329,0.2331,0.4199,0.1207,-0.0441,0.1184,-0.0044,-0.1220,0.2857,-0.1716,-0.0181,-0.0797,-0.0318,0.0595,0.0612,0.0974,0.1928,-0.1630,0.0073,0.1078,-0.0473
"234,001",39.3761,10.3693,0.9132,0.4638,0.5090,0.4185,0.2005,0.1819,-0.0372,-0.1223,0.1035,0.0846,0.1178,0.0576,0.0775,-0.1089,-0.0937,0.0122,-0.0290,0.1561,-0.0006,-0.0350,-0.0073,-0.0478,0.0288,-0.0084,0.0094,-0.0975,-0.0344,0.0069,-0.0492,-0.0066
"167,003",-9.4416,19.1503,-0.1821,0.0406,0.0245,0.0077,0.1338,0.0282,-0.0429,0.0246,0.0915,0.1421,-0.0539,-0.1418,-0.0454,-0.0702,-0.1442,0.0163,0.0178,0.0375,0.1114,0.0318,0.1340,-0.0153,0.0067,-0.0292,0.0589,0.0204,-0.0183,0.0247,0.0423,-0.0521
"450,001",52.8099,5.5003,1.6236,0.8918,1.2786,0.8253,0.4475,0.4241,0.0463,-0.2155,0.0282,0.2628,0.3197,0.6016,0.2081,-0.6106,-0.1036,-0.1515,0.0281,0.1084,0.3462,0.1094,-0.0739,0.1047,-0.2486,-0.1546,-0.1830,0.0052,-0.0600,0.0854,0.0987,-0.0801
"242,002",-21.7471,40.8534,-0.2458,0.1932,0.0400,0.3033,-0.2705,-0.0513,-0.3531,-0.1433,-0.6268,0.0266,0.2612,-0.2274,0.1065,0.2494,0.2418,-0.1915,0.1337,-0.1234,0.1984,-0.2249,-0.1667,0.2372,-0.2758,-0.0837,-0.0993,0.0641,0.1094,0.0600,0.0144,0.1779
"355,001",-16.9516,17.2183,-0.3189,0.0607,0.0626,0.0943,0.3277,0.0286,0.0161,-0.2137,0.0370,0.1304,-0.0870,-0.1023,-0.0649,-0.0267,-0.0279,-0.1014,-0.0085,-0.2290,-0.0037,-0.0172,0.0569,-0.0908,-0.1643,-0.0750,-0.0818,-0.0338,0.0463,0.0209,-0.1108,0.1330
"323,001",5.5753,-5.2160,0.0962,-0.0853,0.0451,-0.1837,0.1218,-0.0209,-0.0487,0.1419,0.0306,-0.2042,0.0588,0.1123,-0.1067,0.1193,-0.0413,-0.0149,-0.1216,-0.0048,0.0655,-0.0851,-0.2287,-0.2038,0.0373,-0.0471,0.0548,-0.0193,-0.1325,-0.0124,-0.0836,-0.0804
"461,008",20.8628,6.0539,0.0441,-0.0141,0.0437,-0.0920,0.1626,0.0280,0.1000,0.1038,0.0751,-0.0522,0.0002,-0.0976,-0.1339,0.0931,-0.0969,-0.0184,-0.1313,-0.0088,-0.0576,-0.1422,0.0978,0.1004,-0.0896,0.2320,0.1007,-0.1078,0.1302,0.4007,0.0192,-0.0346
"106,002",-13.3495,20.3048,-0.2058,0.0535,0.0267,0.0789,0.1929,-0.2633,-0.0081,0.0118,0.1390,0.1579,-0.0371,-0.1099,-0.0541,-0.0694,-0.0794,-0.0298,0.0146,0.1234,0.0494,-0.0370,0.0637,-0.0003,0.0150,0.0360,0.0304,0.0960,-0.0049,0.0399,0.1074,-0.0686
"248,004",24.6558,-3.4623,0.0358,0.1275,0.0305,0.1225,-0.0735,0.0936,-0.0569,0.0454,0.1468,0.0631,-0.0352,-0.1699,-0.1149,0.0696,0.0290,0.0962,-0.2229,0.1690,-0.1385,-0.0594,-0.0918,-0.2035,0.1250,-0.0107,-0.0517,-0.1186,0.1684,-0.0915,-0.0279,-0.0820
"194,001",-7.1402,10.1041,-0.1326,0.0222,-0.0615,0.0538,-0.0077,0.0456,0.0098,0.0062,0.0402,0.0044,-0.0329,0.0334,0.0060,-0.1040,-0.0723,-0.0287,0.1449,-0.0239,0.0396,-0.0037,0.1010,-0.0066,0.0150,-0.0221,-0.0238,0.0059,0.0810,-0.0475,0.0070,0.0784
"010,002",22.8541,11.5221,0.2544,0.1156,0.0713,0.0365,-0.0132,0.0503,0.0986,0.0676,0.1075,-0.0474,-0.0156,-0.1756,0.0024,0.2163,-0.0290,0.0601,-0.2167,-0.0492,-0.1647,0.0697,-0.0348,0.1997,-0.1534,0.2412,-0.0819,-0.2038,-0.0265,0.2070,0.0049,0.0586
"106,005",-43.1652,25.6770,-0.3637,0.1273,-0.1728,0.2525,-0.2611,0.4271,-0.0109,-0.3002,0.0628,0.0762,-0.1120,0.1972,-0.0958,-0.5210,0.2209,-0.2792,-0.8300,-0.0759,0.0657,-0.0856,0.5226,-0.2211,0.3192,0.0730,-0.0130,0.0723,-0.0987,0.0389,-0.0406,-0.2003
"242,003",-24.9562,-19.6770,-0.0252,0.0754,-0.1971,0.1391,-0.4562,0.2543,0.0160,-0.2111,-0.0527,-0.0887,0.0103,0.0067,-0.0360,0.1098,-0.2418,-0.0990,0.3192,0.1654,0.0664,-0.1801,-0.0427,-0.1339,-0.1025,-0.1327,-0.0836,-0.0418,-0.0780,0.2389,-0.3268,-0.0875
"344,001",-43.6511,-16.2308,-0.4121,-0.0434,0.0110,0.0090,0.9795,0.4783,0.4539,-0.9137,-0.0907,-0.2712,-0.1421,0.1072,0.1495,0.1765,0.3530,0.1898,-0.1193,0.1266,-0.1372,-0.1305,-0.2548,0.0628,0.0603,-0.0123,-0.1152,0.0550,0.1387,-0.0051,-0.0186,0.0894
"065,002",9.0633,12.5132,-0.0177,0.0620,0.0531,-0.0067,0.0496,0.0102,-0.2651,-0.0261,0.0576,-0.0690,-0.0597,-0.1498,-0.0127,0.0630,-0.1578,0.1779,0.0001,0.1446,-0.0503,0.0221,0.0576,-0.1518,0.1357,0.0177,0.2012,-0.0165,-0.1402,-0.1108,-0.0325,-0.0710
"372,001",-10.3987,8.4346,-0.1427,-0.0463,0.0222,-0.0904,0.1539,0.0072,-0.0013,0.0942,0.0560,0.0347,0.0496,-0.0048,-0.1494,-0.0344,0.0591,-0.1421,0.0747,0.0528,0.1318,-0.0172,0.0994,0.1237,-0.0491,-0.0147,-0.0304,-0.1517,-0.0158,0.0301,0.2325,-0.2043
"101,002",-5.6199,26.5863,-0.1910,0.0941,0.1252,0.0823,0.1229,-0.1091,-0.4246,0.0877,-0.0450,0.0883,-0.1544,0.0316,0.1912,0.1070,0.0524,0.0126,-0.0816,-0.2330,-0.0985,-0.0360,0.0608,-0.0685,-0.0916,-0.1537,-0.0003,-0.0605,-0.0204,0.1405,0.0924,0.0901
"192,003",-15.7677,-2.8490,-0.0565,-0.1332,-0.0076,-0.2156,0.1060,0.0292,0.1353,0.3196,-0.0137,0.0429,0.1051,0.2867,0.0310,-0.0224,0.1214,-0.1272,0.0957,-0.0091,-0.0076,0.1339,0.1095,0.1830,-0.0409,-0.2976,0.1183,0.2360,0.1490,0.1464,-0.1886,-0.2157
"223,001",-6.7873,-11.0056,-0.0163,-0.0875,-0.0491,-0.1559,0.0258,0.0665,0.1300,0.1642,0.0406,-0.1221,0.0438,0.1033,0.0871,-0.1190,0.0375,-0.0932,0.0350,-0.0567,-0.0146,0.1507,0.0783,0.0749,-0.0687,-0.0867,0.0217,-0.0852,-0.0255,-0.0377,0.0372,-0.1227
"009,001",16.4714,-8.8799,0.1144,-0.0796,0.0007,-0.1619,0.0803,0.0008,0.0113,0.1675,0.0415,-0.0559,0.0778,-0.1080,-0.1386,0.1454,-0.0496,-0.0447,-0.1261,0.1717,0.1208,-0.2177,-0.0621,-0.1203,0.0956,0.0064,-0.0036,0.0090,0.1481,0.0711,-0.0621,-0.0060
"257,001",27.5106,-20.6598,0.0394,0.0471,0.1000,-0.0814,0.0406,-0.3167,-0.4478,-0.1063,0.2096,-0.4047,-0.1841,0.1623,-0.0345,0.0541,-0.0081,0.0903,-0.0938,0.1109,-0.0706,-0.0415,-0.0340,-0.0534,0.1192,0.1423,0.1010,-0.0440,0.0563,0.0865,-0.0911,0.0020
"437,001",41.4123,9.8191,0.8902,0.5166,0.7108,0.4195,0.2159,0.1242,-0.0905,-0.0760,0.0285,0.0667,0.1279,0.0359,0.1527,-0.1576,0.0033,-0.0832,-0.0538,0.0905,0.0631,-0.0467,-0.0739,-0.0767,-0.0334,-0.0556,-0.0499,-0.0569,0.0514,-0.0040,0.0073,-0.0769
"082,001",12.1600,-10.1048,0.1089,-0.0743,0.0167,-0.1035,0.0300,-0.0169,0.0517,0.1608,0.0471,-0.0764,0.0681,-0.0653,-0.1536,0.1121,0.0049,-0.0786,-0.2124,0.2106,-0.0252,-0.0688,0.0017,-0.2004,-0.0229,-0.0471,-0.1734,0.1881,0.0732,-0.0460,-0.1683,0.0636
"082,005",0.4173,-21.4036,0.2256,-0.1553,0.0010,-0.2434,0.0382,-0.0316,0.2452,0.2518,-0.0536,-0.2430,0.0625,-0.0622,0.0548,0.0035,0.0307,-0.1467,-0.1687,0.0318,0.1208,-0.0087,-0.0111,0.1606,0.1179,-0.0142,-0.1728,-0.2137,0.1106,-0.0721,-0.0139,-0.0722
"082,004",9.6700,12.1047,0.0728,0.0050,0.0286,-0.0324,-0.0005,0.0040,-0.0145,0.0091,-0.0384,-0.0026,-0.0191,-0.2707,-0.0055,0.0872,-0.0895,0.1734,-0.1161,0.1336,0.0334,0.0845,0.0311,-0.0338,0.0600,0.0017,-0.0103,0.1220,-0.0149,-0.0512,0.0206,0.0747
"349,001",-4.0100,19.7683,-0.1339,0.0550,-0.0193,0.0609,-0.0218,0.0380,-0.0128,0.0477,0.1090,0.1067,-0.0157,-0.0778,-0.1251,0.0015,-0.0207,-0.0707,0.0628,0.0438,0.0462,0.0154,-0.1641,-0.0213,-0.0742,-0.0763,0.0362,0.0392,0.0094,0.0031,-0.0927,-0.0103
"437,I",0.7829,5.2432,-0.0003,-0.0228,-0.0051,-0.0286,0.0133,0.0028,0.0164,0.0308,-0.0075,-0.0125,0.0137,0.0077,-0.0080,0.0053,0.0033,0.0016,0.0063,-0.0032,-0.0031,0.0075,0.0082,-0.0051,-0.0007,-0.0120,0.0068,0.0078,-0.0011,0.0006,-0.0054,-0.0031
"074,001",-5.6324,12.1635,-0.0763,0.0359,-0.0585,0.0312,-0.0350,0.0235,-0.0433,-0.0112,0.0459,0.0166,-0.0195,0.0139,0.0057,-0.0800,-0.1542,0.0639,0.0961,0.0425,-0.0874,0.0592,-0.0261,-0.0877,0.0653,-0.0062,-0.0456,-0.0221,0.0056,-0.0096,0.0167,-0.0396
"213,001",52.3337,7.8064,1.3163,0.6969,1.0190,0.6644,0.3539,0.2983,0.1090,-0.1731,-0.0101,0.2419,0.1687,0.4915,0.1240,-0.4957,-0.1167,-0.1245,0.0399,0.1064,0.2557,0.0494,-0.0354,0.0859,-0.1684,-0.1023,-0.1210,0.0586,0.0294,0.0946,0.1304,-0.0416
"082,002",3.4952,-9.6162,0.1457,-0.0549,0.0095,-0.1235,0.0227,-0.0136,0.1940,0.2271,0.0198,-0.1520,0.0711,-0.0374,-0.0916,0.1233,0.2073,0.1368,-0.1515,-0.0389,-0.1122,0.0044,-0.0086,0.1007,0.0665,0.0585,0.0268,-0.0630,0.0540,0.0165,0.0938,-0.0607
"082,003",13.4938,16.3240,0.0800,0.0551,-0.0225,-0.0273,-0.0408,0.0189,0.0400,-0.0133,0.0338,-0.0862,-0.1365,-0.4535,0.1383,-0.0541,-0.1084,0.1527,-0.1244,0.1591,0.0140,0.1819,0.0401,0.0673,0.0204,0.0952,0.0555,0.0979,-0.2742,-0.0084,0.0451,0.1035
"434a,008",4.4110,-43.1831,0.2361,-0.1641,0.0290,-0.7587,-0.0568,-0.0060,-0.2050,-0.2941,0.0150,0.5406,0.1584,-0.0206,-0.0283,-0.0325,0.0545,-0.0854,-0.0574,0.0384,0.1423,-0.1366,-0.0601,-0.0244,0.0502,0.0635,0.0244,-0.0580,0.0245,0.0300,-0.0458,-0.0325
"162,001",-11.3739,17.3658,-0.0958,-0.0075,0.0568,-0.0426,0.1960,-0.1314,0.0170,-0.0106,0.1420,-0.1333,-0.0191,0.0901,-0.0299,-0.0237,-0.0131,-0.0080,0.0012,-0.0865,-0.1992,-0.0748,-0.1774,-0.1592,0.0892,0.0734,-0.2342,-0.1170,0.0820,-0.1059,-0.0845,0.0209
"234,002",-9.8409,-20.5123,0.1569,-0.3087,-0.0219,-0.0051,-0.1510,0.0426,0.0326,0.0682,-0.6837,0.0312,-0.0903,0.0365,0.1241,0.0551,-0.1067,0.2564,-0.0406,0.2434,-0.2078,-0.0498,0.0554,0.2209,0.0982,0.0700,-0.2146,-0.1265,-0.0292,-0.0159,0.0021,-0.0152
"030,003",5.5585,21.9949,-0.2038,0.0043,0.0620,0.0706,0.1253,-0.0602,-0.0518,-0.0397,0.0745,0.0848,-0.0581,-0.1597,-0.0662,-0.0004,-0.1057,0.0514,0.1202,0.0933,0.1812,0.2483,0.2888,0.1128,-0.0535,-0.1195,0.2116,0.2776,-0.1246,-0.1171,0.0037,0.0172
"030,004",21.4898,34.2607,-0.2469,0.1496,0.1369,0.1045,0.1139,-0.1674,-0.5535,-0.0385,-0.0426,0.1049,-0.0853,-0.3526,-0.0386,0.1178,-0.0987,0.0751,-0.0694,0.0428,0.0417,0.1504,0.0945,-0.1458,-0.1723,-0.4248,-0.3083,-0.3212,0.0598,-0.1880,0.6832,-0.9264
"234,003",-17.8336,21.8367,-0.1599,0.0466,0.0290,0.0334,0.0630,-0.0495,0.0242,0.1800,0.0776,0.1409,-0.0002,0.0680,-0.0646,-0.1637,-0.0009,0.0216,0.1393,-0.1949,-0.1663,0.0240,-0.1784,0.0365,0.0967,0.0012,-0.0995,-0.0121,0.0277,-0.0818,-0.0994,-0.0374
"457,001",-11.3872,29.0061,-0.2728,0.1391,0.0418,0.1573,0.0688,-0.0628,-0.1248,0.0830,0.1040,0.2532,-0.0972,-0.1773,-0.1176,-0.1225,0.0043,0.0697,-0.0880,-0.2739,-0.1300,0.1285,-0.0654,-0.0729,-0.0765,-0.0127,-0.2502,-0.0921,0.1482,0.1432,0.0103,0.1071
"009,004",12.4041,14.0921,0.0913,0.0296,-0.1702,-0.0523,-0.1395,0.1557,-0.0230,-0.1752,0.0815,0.0263,-0.0390,-0.1450,0.0849,-0.0643,-0.1942,0.2723,0.0601,0.1757,-0.0900,0.1453,0.0403,0.0696,0.0348,0.0485,0.0901,-0.0155,-0.1893,-0.0497,0.0948,0.0500
"030,006",-13.0661,17.9358,-0.2638,0.0384,0.0278,0.0561,0.2620,-0.0104,0.0306,-0.0103,0.1133,0.1426,-0.0603,-0.1005,-0.1064,-0.1332,-0.1647,0.0201,0.0874,0.0307,0.0770,0.0368,0.0909,0.1296,0.0284,0.0549,0.0923,0.1872,-0.0282,0.1588,0.0523,0.0391
"030,005",-26.3299,37.7884,-0.0011,0.0394,0.1154,0.0749,-0.0811,-0.1387,-0.1880,0.0383,-0.8171,0.0193,-0.0080,-0.2718,0.1666,0.0710,0.0719,0.0643,-0.0657,0.1970,-0.0428,-0.0300,0.1354,0.2126,0.0897,0.0983,-0.0575,-0.1115,-0.0346,-0.2418,0.0525,0.0932
"266,002",19.0811,8.9412,0.2371,0.0408,-0.0160,-0.0851,-0.1137,0.1050,0.1613,-0.0068,0.0873,-0.1783,-0.0421,-0.2061,0.1217,0.0315,-0.0259,0.1553,-0.0058,-0.1772,-0.1790,0.1129,0.0790,0.0174,-0.0804,0.1939,0.0924,-0.0394,-0.1576,0.0386,0.0261,-0.0164
"082,006",21.1272,-6.8459,0.1158,0.0360,0.0600,-0.0561,0.0544,-0.0644,0.0302,0.1642,0.0611,-0.0501,0.0227,-0.1646,-0.1792,0.2108,-0.0658,0.2393,-0.2894,0.0565,0.2409,-0.1817,-0.1645,-0.3458,0.1533,0.0401,-0.0384,0.0143,0.0346,0.0147,-0.1082,0.0798
"461,009a",0.7881,41.8402,0.0423,0.0604,0.0921,0.0499,-0.0804,-0.4331,0.1487,-0.1182,0.0034,-0.0192,-0.0482,0.0748,-0.1045,0.1649,0.0678,0.0996,-0.0962,0.0924,-0.1042,0.0229,-0.0233,-0.0322,0.0616,-0.0512,0.0040,-0.0125,0.1279,0.1401,-0.0095,0.0459
"266,001",15.4816,-50.3997,1.2744,-0.2978,-2.5599,0.9635,0.9874,-0.5271,-0.4978,-0.1522,-0.0395,0.4099,0.1142,0.0464,-0.0177,-0.0540,0.1344,-0.1842,-0.0530,-0.1979,0.0894,0.1357,0.0103,0.1151,-0.0437,0.0024,0.0138,-0.0017,-0.2164,-0.0791,-0.0363,-0.0422
"009,003",24.7856,0.6089,0.2499,0.1116,0.0985,0.0141,0.0133,-0.0548,-0.0096,0.0456,0.0891,-0.0412,0.0262,-0.1749,-0.0494,0.1589,0.0694,0.0094,-0.0665,0.0825,-0.1084,-0.0313,-0.0617,-0.1421,0.0913,0.0914,0.0324,-0.0666,0.1802,-0.0048,-0.0524,0.0263
"047,002",13.9952,25.0422,-0.0225,0.0632,0.0718,-0.0600,0.1442,0.0035,-0.3041,-0.1203,0.0723,-0.1311,-0.2720,-0.2483,0.0048,0.0159,-0.1932,0.1240,0.0984,0.3501,0.1907,0.3294,0.2284,0.2149,0.3478,0.0443,0.1421,0.3651,-0.1926,-0.1018,-0.0605,-0.0634
"242,004",18.2563,44.6754,-0.1271,0.1985,-0.2885,0.3076,-0.7556,0.3911,0.0159,-0.3888,0.0985,-0.0472,-0.1002,0.1165,-0.1641,0.1766,0.0979,-0.4785,-0.0212,-0.0133,0.2020,-0.1717,-0.2462,0.0816,-0.0657,-0.0317,0.0875,-0.0194,-0.0874,-0.0761,-0.0520,-0.0153
"047,003",25.5920,-11.6221,0.0968,0.0060,0.0017,-0.1523,0.1253,-0.0024,0.0068,-0.0383,0.1062,0.0654,-0.0288,-0.2736,-0.0796,0.1275,-0.0372,-0.0748,-0.1223,0.3493,0.0955,-0.1951,-0.1290,-0.1149,0.1983,0.1451,0.1761,-0.0943,0.1774,0.0361,-0.0770,-0.1209
"106,006",-1.1523,9.3622,0.0657,0.0377,-0.1751,0.0386,-0.1000,0.1905,0.0585,-0.0662,0.1174,-0.0917,-0.0591,-0.0592,0.0084,-0.0902,0.0372,0.3564,-0.0336,0.2370,-0.0824,0.2050,-0.0799,0.0949,0.0216,-0.0221,0.1026,0.0290,0.0600,-0.0701,-0.0023,0.1527
"246,002",-5.8629,0.9977,-0.0856,-0.0452,-0.0154,-0.0446,0.0563,0.0240,0.0133,0.1617,-0.0629,-0.1024,0.1237,0.0068,-0.0428,-0.0765,-0.0636,-0.0803,-0.0147,0.0369,0.0291,-0.0910,0.0740,-0.0562,-0.1611,0.0175,0.0446,-0.0535,0.0741,0.0255,0.1247,0.1205
"437,002",-23.5708,-20.2641,0.1377,-0.0206,-0.0711,-0.0320,-0.0941,0.0365,0.0950,0.0525,0.0350,-0.1634,-0.2353,-0.1939,0.2222,-0.3029,-0.1933,0.0766,0.3601,0.0264,0.0445,-0.3403,0.0768,-0.1059,0.0974,0.0366,-0.0001,0.1237,0.2501,-0.0266,0.2426,0.0758
"364,002",20.7260,-18.6321,0.0389,0.0726,0.0294,-0.0284,-0.1664,-0.0539,-0.0273,-0.0561,-0.0540,-0.0285,0.0524,-0.0781,-0.1775,0.3193,0.2642,-0.3574,0.2137,-0.1105,0.0786,0.4186,-0.0731,-0.3970,0.0404,0.0151,-0.2393,0.2307,0.2227,0.2645,-0.1458,0.0743
"249,001",0.2124,23.8571,-0.0161,0.0709,0.0779,-0.0617,-0.0477,-0.1407,-0.0790,-0.0962,-0.0524,0.2099,0.0802,-0.0602,-0.1102,0.0766,0.1165,0.0634,0.0534,-0.1208,-0.0064,0.0337,0.0404,0.0804,-0.0683,-0.0647,-0.1000,0.1607,0.0596,0.1363,0.0717,0.0174
"248,007",-10.6504,-19.8734,0.2020,-0.6248,0.0334,0.1394,-0.0762,0.0533,0.0676,0.0196,-0.2614,-0.0329,-0.0075,-0.0098,0.0912,0.0032,-0.0980,0.1969,-0.0058,0.1581,0.0223,-0.0457,0.0585,0.1199,0.2426,-0.0335,-0.1522,0.0655,0.1173,-0.0170,0.0580,-0.0511
"154,001",-2.4080,-14.6934,0.2154,-0.1376,-0.3282,-0.0591,0.1120,-0.0093,0.1533,0.2747,0.0333,-0.2053,0.1290,0.1139,0.0021,0.0139,0.0358,-0.1249,-0.0349,-0.0039,-0.0565,0.1314,0.0685,0.0187,-0.0829,-0.0420,-0.0957,-0.1428,0.0587,-0.0773,0.2935,-0.2362
"281,001",-8.3259,20.1418,-0.1748,0.0728,0.0250,0.0866,0.0589,-0.0025,-0.0768,0.0149,0.0482,0.0838,-0.0273,-0.0688,-0.0774,-0.1089,0.0211,0.1255,-0.0221,-0.0095,-0.0326,0.1084,0.0194,-0.0343,-0.0572,-0.0450,-0.0390,0.0142,0.0327,-0.0208,-0.0117,0.0659
"293,003",-22.4977,-8.2459,0.1455,-0.0016,0.0020,-0.0337,0.0262,0.1165,0.1558,0.1761,0.0698,-0.0949,0.1104,0.1829,-0.2069,-0.1025,0.6272,0.5173,0.1458,0.2384,0.0271,0.0575,0.0815,-0.0525,0.0467,-0.1270,-0.0693,-0.1901,0.0349,0.0279,0.1738,0.1504
"323,003",26.5953,-7.6844,0.1377,0.0585,0.0320,-0.0958,-0.1320,0.0733,-0.1110,-0.0911,0.0577,0.1687,-0.0031,-0.2881,-0.0134,0.2775,0.0149,-0.0510,0.0199,0.2521,0.0558,-0.1327,-0.0166,-0.0597,0.0919,0.0252,0.1042,0.0046,0.0783,-0.1142,-0.0154,-0.1376
"434a,001a",-16.0001,50.2537,0.0976,-0.0995,0.0137,-0.2213,-0.0543,-0.0175,0.0743,0.0300,-0.1596,0.0459,0.1559,0.1295,-0.1008,0.2103,-0.4007,0.4326,-0.3005,-0.4167,0.7270,-0.1405,-0.2504,-0.2281,0.1590,-0.0910,-0.0227,0.0568,-0.0429,-0.1025,-0.0366,0.1219
"080,002",-46.5567,26.7672,-0.3626,0.1725,-0.2125,0.3299,-0.5417,0.4220,-0.0850,-0.1641,0.0382,0.1259,-0.0582,0.2749,-0.1353,-0.6801,0.3160,-0.4027,-1.0464,-0.1912,-0.0424,-0.1573,0.5801,-0.2996,0.4225,0.1358,-0.0949,0.0258,-0.0681,0.0693,-0.0636,-0.3066
"356,001",50.7736,8.7005,1.2091,0.6526,0.9423,0.5955,0.3051,0.2990,0.0805,-0.1367,-0.0199,0.1901,0.2733,0.4731,0.1153,-0.3730,-0.1574,-0.0263,-0.0440,-0.0465,0.4051,0.0451,-0.0800,0.0344,-0.1599,-0.0999,-0.1249,0.0241,-0.0240,0.0504,0.0741,-0.0098
"213,001a",-19.8067,27.9261,-0.3670,0.1244,0.0251,0.1787,0.1187,0.0097,-0.1421,0.2315,0.2237,0.4755,-0.1965,0.0527,0.2870,-0.1013,-0.0487,0.0584,0.0419,-0.2210,-0.1099,0.0270,-0.1486,-0.2078,-0.0587,-0.0290,-0.2199,-0.1769,-0.0078,-0.0379,-0.1506,-0.0480
"293,004",-21.3609,-31.6900,0.0096,-0.0490,-0.2220,-0.0364,-0.2260,0.2680,0.0696,-0.0677,-0.1550,-0.2137,0.1157,0.0656,0.1806,-0.1521,-0.6974,0.3848,0.6393,0.3154,-0.1481,-0.1239,0.2842,-0.4428,-0.0833,-0.1571,-0.3152,-0.0273,0.0182,0.4050,-0.4899,-0.0527
"167,004",-26.9585,38.0812,-0.2593,0.0801,0.0503,0.2041,-0.0708,-0.1083,-0.2873,0.0151,-0.6320,0.0435,0.3054,-0.1709,0.2542,-0.0638,0.0444,0.1229,-0.0213,0.0879,-0.0350,-0.0932,-0.0269,0.1533,0.0077,0.1006,-0.0413,0.0060,-0.0050,-0.0462,0.1135,0.0954
"293,005",-31.9819,40.9234,-0.3112,0.0433,0.0551,0.2167,-0.0683,-0.0396,-0.3955,0.1212,-0.9458,-0.0337,0.4994,-0.1050,0.3296,-0.1450,0.0585,0.1221,-0.0561,0.0460,0.0139,-0.1557,-0.0252,0.1475,0.0376,0.1152,0.0259,0.1281,-0.0044,-0.1140,0.1606,0.0762
"124,009",-21.7854,12.9486,-0.2679,-0.0089,0.0452,0.0854,0.1286,-0.0466,0.0104,0.1019,0.0724,0.1751,0.0301,0.0810,-0.0207,-0.2052,-0.0740,-0.1358,0.1088,-0.1446,-0.0457,0.1076,-0.1021,-0.1458,-0.1607,-0.1157,0.2127,-0.1141,-0.0083,-0.1721,-0.3046,-0.0046
"388,001",-15.4156,1.5438,-0.1595,-0.0119,-0.0732,-0.0236,0.1924,0.1385,0.1716,-0.1906,0.0133,-0.1930,-0.0545,0.0528,0.1204,-0.1403,-0.1871,0.0258,0.2555,0.0794,0.0236,-0.0477,0.0870,-0.0716,-0.0495,-0.0757,0.0311,-0.0968,-0.0120,0.1851,-0.2232,0.0008
"082,020",-3.9614,7.0566,-0.0281,-0.0461,-0.0259,-0.1002,0.0426,0.0269,0.0604,0.1270,0.0865,-0.0581,-0.0066,-0.0611,-0.0351,-0.0840,-0.0844,-0.1669,0.1164,0.1841,0.1355,0.0501,0.0282,0.1413,0.1079,0.0067,0.1541,0.0265,-0.0501,-0.1539,-0.0823,-0.0312
"246,005",-3.7134,7.3852,0.0245,-0.0351,-0.0573,-0.0612,0.0438,0.0679,0.1066,0.1084,0.0534,-0.0966,-0.0053,0.0143,-0.0245,0.0671,-0.0570,0.0275,0.0307,0.0951,0.0278,0.1685,0.0698,0.0200,0.0525,-0.0459,0.1907,0.0986,0.0144,-0.0445,-0.0628,0.0030
"242,005",9.5738,21.3837,-0.0192,0.0727,-0.1717,0.0784,-0.3115,0.1855,0.0119,-0.1826,0.0198,-0.0255,-0.0252,0.0174,0.0225,0.0907,-0.0424,-0.0821,0.0981,0.0377,0.0492,0.1060,-0.0875,0.0270,-0.0362,-0.0182,0.0722,-0.0129,-0.0718,-0.0677,-0.0141,0.0557
"082,021",-1.4929,51.0603,0.0278,0.1153,0.0807,0.0749,-0.1470,-0.7873,0.3204,-0.2746,0.1525,-0.1115,0.1008,0.2165,0.0963,-0.0206,-0.0949,0.0928,-0.1165,0.1573,-0.1354,0.0528,0.1031,-0.0634,0.0354,0.1141,0.0544,-0.1627,0.0304,-0.0106,-0.0159,0.0615
"027,002",17.2175,10.5753,0.1327,0.1140,-0.0496,0.0803,-0.1487,0.1350,-0.0042,-0.0352,0.1395,-0.0614,-0.0471,-0.1039,-0.0481,0.1552,-0.1089,0.0394,0.0454,0.1052,-0.1316,-0.0047,-0.0351,0.1241,0.1074,0.0376,-0.0730,-0.1760,-0.0916,-0.0776,-0.0894,0.1450
"392,005a",1.0521,26.2012,-0.0653,0.0604,0.0129,-0.0098,-0.0496,-0.0372,-0.0177,-0.0092,0.0462,0.0809,0.0182,-0.0247,-0.1780,0.1046,0.1073,-0.1847,0.1371,-0.0250,0.1427,-0.0662,-0.1777,0.0864,-0.0932,-0.0850,-0.0206,0.0148,0.0962,0.2098,-0.0458,-0.0634
"242,008",19.4924,43.4586,-0.0601,0.1849,-0.3632,0.3070,-0.7149,0.4615,0.0420,-0.3650,0.1487,-0.0515,-0.1133,0.1304,-0.1361,0.0787,0.1146,-0.3136,-0.2215,0.0975,0.0835,-0.1278,-0.3166,0.1300,-0.0487,-0.0262,0.1416,-0.0470,-0.1002,-0.1019,-0.0673,-0.0082
"077,001=195,001",34.0928,3.9942,0.0814,0.0536,0.0599,0.0338,-0.0109,0.0088,0.0533,0.0425,0.1065,-0.0712,0.0006,-0.1100,-0.0917,0.1806,0.1003,0.2014,0.1688,-0.2230,-0.0946,0.0626,0.3515,0.0522,-0.0559,0.2357,0.3423,0.2162,-0.1766,-0.3023,-0.0292,-0.0118
"184,001=025,001",-3.7229,46.3949,-0.0355,-0.0051,0.0708,-0.1136,-0.0655,-0.7497,0.3091,-0.1510,0.1254,-0.1568,0.0045,0.0933,0.1528,-0.2097,0.0213,-0.1377,-0.0251,0.0269,-0.0151,0.1258,0.1788,0.1408,-0.0176,-0.0463,-0.0433,-0.1056,0.0852,-0.1133,-0.1153,0.0075
"010,006=016,005",-1.2017,12.0944,-0.0859,0.0209,-0.0276,0.0010,-0.0755,0.0253,0.0414,0.0122,0.0922,-0.0699,-0.0994,-0.0265,0.0246,-0.1346,-0.0264,-0.1822,0.1628,0.0160,0.1000,0.0644,-0.0423,0.1360,-0.0151,-0.0962,0.1173,0.0147,-0.0528,-0.1426,-0.1670,-0.0481
"323,004=070,002",-24.9775,21.8300,-0.2058,0.0924,0.0391,0.1087,0.0497,-0.0176,-0.1181,0.1128,-0.1454,0.1603,0.1190,-0.1328,-0.0196,-0.1445,-0.0169,-0.0471,0.1746,0.0165,0.0086,-0.2247,-0.1822,0.2340,0.1744,0.2055,-0.1339,-0.0292,0.1375,0.0579,0.0734,0.1671
"229,001a=150,001",2.1622,9.7622,0.0795,0.0087,-0.1292,-0.0964,-0.2275,0.1330,0.1288,0.0114,0.1076,-0.0179,-0.1049,-0.0380,0.2183,-0.1877,0.1694,0.0093,-0.0588,0.0667,-0.0201,0.0564,-0.3588,-0.0190,-0.0596,-0.1468,-0.0488,0.1092,-0.2967,-0.3686,0.0643,0.0203
"410,001",26.5765,17.5680,0.0352,0.0021,-0.0392,-0.0140,-0.0178,0.1430,0.1493,0.0769,0.0324,-0.1518,-0.0903,-0.1851,0.0075,0.1077,-0.2273,0.2492,-0.2679,-0.2782,-0.2131,0.0967,0.1902,0.2791,-0.4156,0.3603,-0.1629,-0.1997,-0.1896,0.6069,0.1328,-0.0094
"451,001=293,006",-23.9444,13.8011,-0.1866,-0.0353,0.0075,0.0073,0.0700,-0.0780,0.0949,0.0858,0.0592,0.0652,0.0669,0.1222,-0.0615,-0.2048,-0.1492,-0.0570,0.1548,-0.0611,-0.0088,0.1638,0.0024,-0.0523,-0.1138,-0.2016,0.2282,-0.1860,0.0446,-0.2372,-0.1715,0.0812
"282,001a=429,001",-44.1864,-14.6955,-0.4424,-0.0553,0.0349,-0.0193,0.9802,0.4311,0.4245,-0.8550,-0.1307,-0.2654,-0.1366,0.0879,0.1658,0.2742,0.0692,0.0347,-0.0594,-0.1187,-0.0270,-0.1860,0.0029,0.0507,-0.0394,-0.0050,-0.0381,0.0229,-0.0584,-0.0140,-0.0315,-0.0499
"282,001b=436,001a",-40.5686,-8.4085,-0.2505,-0.0762,0.0228,-0.0788,0.5640,0.1912,0.2498,-0.3484,-0.0812,-0.1696,-0.0024,0.1115,0.0251,0.1061,-0.0868,0.0308,-0.0851,-0.1423,0.1866,-0.1403,-0.0261,-0.0280,0.0479,-0.0225,0.0351,-0.0476,-0.0134,-0.0368,-0.0510,0.0308
"076,001",-4.6357,-16.6177,0.0984,-0.2264,-0.0284,-0.2200,0.0923,0.0653,0.3216,0.1938,-0.0313,-0.3314,0.1591,0.1221,0.0691,0.0232,0.1445,-0.1641,0.0267,-0.0289,-0.0850,0.2555,0.0907,-0.0241,-0.0221,-0.0764,-0.1824,-0.0498,0.1237,-0.0669,0.2574,-0.2512
"359,001=415,001",-4.2718,-11.0491,0.0571,-0.1446,-0.0134,-0.1537,0.0341,-0.1149,0.0617,0.1025,0.0356,-0.1872,0.0098,0.0992,0.0042,-0.0303,-0.1134,0.0318,-0.0395,-0.0613,-0.1210,0.1089,0.2210,-0.0372,-0.0243,-0.0582,-0.0772,0.1711,0.3126,-0.0808,0.0492,-0.0416
"242,009",18.7817,46.2896,-0.1176,0.2257,-0.2735,0.3262,-0.7931,0.3268,0.0140,-0.4674,0.0730,-0.0823,-0.1036,0.1279,-0.1511,0.2435,0.0336,-0.4675,0.1784,-0.0570,0.2236,-0.1579,-0.1972,0.1870,-0.1663,-0.1178,-0.0211,-0.0224,-0.0507,-0.0906,-0.0888,0.0583
"461,017",24.0413,27.4664,-0.1842,0.0992,0.1027,0.1303,0.1089,-0.1330,-0.1242,-0.1338,-0.1169,0.2250,-0.1938,-0.2630,-0.0311,0.1067,0.0150,0.0131,-0.1543,-0.4412,-0.0959,0.1967,0.3925,-0.1323,-0.4001,-0.1692,0.0716,-0.0054,0.0441,0.3186,-0.0111,0.6544
"461,018a",23.5716,27.0409,-0.1266,0.1096,0.0917,0.0958,0.0762,-0.1367,-0.1043,0.0203,-0.2055,0.3183,-0.4651,-0.2158,-0.1436,0.0742,0.0036,0.0232,-0.1254,-0.3788,-0.2103,0.1575,0.2933,-0.1866,-0.2645,-0.1297,-0.0489,0.0480,0.0395,0.3723,0.0834,0.4060
"461,020a",-2.9449,21.7575,-0.1211,0.0746,0.0360,0.0785,-0.0215,0.0042,-0.0360,0.0862,-0.0679,0.1053,-0.0079,-0.0461,-0.0099,0.0536,-0.0056,-0.0040,0.0663,-0.1341,0.1629,0.0766,0.0417,0.0398,0.0010,-0.0365,-0.0606,0.1003,0.0435,-0.0156,-0.0513,0.0779
"339,001",5.6439,16.9545,0.0227,0.0820,0.0902,0.0412,0.0478,-0.0272,-0.0409,0.0189,-0.0417,0.0839,-0.0538,-0.1947,-0.0872,0.0398,-0.0757,0.0722,0.0335,0.1516,-0.0583,0.1843,0.0819,0.0837,-0.0204,-0.0542,0.0413,0.3188,-0.1695,0.1267,-0.0700,-0.0863
"124,002",-17.1911,27.1585,-0.2274,0.0776,0.0377,0.0668,0.0722,-0.1095,-0.0612,0.1341,-0.0217,0.2460,-0.0239,-0.0168,-0.0307,-0.1719,-0.0252,-0.0376,0.0939,-0.3126,-0.1577,0.0694,-0.1887,-0.0887,0.0340,0.1295,-0.1573,0.0168,0.0035,0.1518,-0.0324,0.3252
"132,002",-0.7451,18.6663,-0.0636,0.0932,-0.0864,0.0986,-0.2602,0.1791,0.0356,-0.1301,0.0460,0.0271,-0.1254,-0.0576,-0.0648,-0.0443,-0.1055,0.0621,-0.2285,-0.0669,0.0168,0.0882,0.2219,0.0382,0.0191,0.1181,-0.0856,0.0819,-0.0856,-0.0237,0.0695,0.0450
"132,001",25.5724,19.6215,0.0372,0.0306,-0.1171,0.0124,-0.1064,0.1824,0.1189,0.0024,0.0493,-0.1208,-0.0335,-0.2008,0.0577,0.0643,-0.3704,0.3776,-0.1420,-0.0581,-0.2539,0.1890,0.1890,0.0990,-0.3598,0.2803,-0.2109,-0.1853,-0.2321,0.5410,-0.2070,-0.0178
"106,007",7.1049,19.4235,-0.1124,0.0244,0.0389,0.0076,0.0375,0.0020,-0.0733,0.0270,-0.0807,-0.0371,-0.0725,-0.1305,-0.0410,0.0089,-0.0862,-0.0741,0.0882,0.0510,0.2627,0.2575,0.2315,0.3692,0.2081,-0.0556,0.0220,0.3877,0.0123,-0.2658,0.1425,-0.1042
"070,004",-18.6248,37.4494,-0.2582,0.1574,0.1068,0.1860,-0.0438,-0.1348,-0.6697,-0.1345,-0.4234,-0.1359,0.0921,-0.1307,0.1088,0.0876,0.1275,-0.0586,0.0362,0.0079,0.1017,-0.0783,-0.1109,0.0626,-0.1456,-0.1467,-0.1029,-0.0238,0.0032,-0.0194,0.0960,-0.1522
"070,003",6.9259,34.2192,0.0347,0.1700,0.0776,0.1418,-0.1904,-0.0726,0.0153,-0.1527,-0.1704,0.0877,-0.2534,-0.1368,-0.1671,0.3193,0.1168,-0.0297,0.1470,-0.1962,0.1672,-0.0045,0.0061,0.0583,-0.2680,-0.0684,-0.1019,0.0723,-0.0260,0.0576,-0.1651,0.0802
"155,001",20.1677,34.5771,-0.2136,0.1856,0.1191,0.1779,0.0286,-0.1558,-0.3996,-0.0375,-0.1273,0.1694,-0.0788,-0.4491,-0.0572,0.2362,-0.0611,0.0831,-0.0116,0.0160,0.0252,0.1528,0.1087,-0.1614,-0.1787,-0.4583,-0.3364,-0.2589,0.0646,-0.1718,0.5987,-0.7732
"082,007",20.0476,-7.4712,0.0858,0.0078,0.0406,-0.0606,0.0807,-0.0370,-0.0216,0.1381,0.0889,-0.0524,-0.0193,-0.1759,-0.1288,0.1063,-0.0195,-0.0456,-0.1300,0.2128,0.0033,-0.1091,-0.0852,-0.0701,0.1038,0.1041,0.0863,-0.0573,0.1432,0.1007,-0.0326,-0.0488
"364,003",14.3159,1.6381,-0.0389,-0.0011,0.0599,-0.0548,0.0925,-0.0347,-0.0566,-0.0687,-0.1410,0.0123,0.0525,-0.1037,-0.0240,0.1825,0.0440,0.0307,-0.0134,-0.2022,-0.0959,-0.0132,0.2068,0.0880,0.1781,-0.2912,0.0872,0.1125,-0.1072,0.2096,0.0572,0.3138
"132,003",9.7232,-15.5659,0.1142,0.0162,0.0692,-0.1095,0.0212,-0.0454,0.0111,0.0651,-0.0146,-0.0055,-0.0338,-0.1925,-0.0023,0.0436,0.0277,-0.1034,-0.0490,0.0853,0.0792,0.0588,0.0518,0.1543,0.1275,0.0573,-0.0082,-0.0018,0.0297,-0.0794,-0.1419,0.0026
"010,007a=437,003a",-5.5977,-4.5562,0.0248,-0.0987,-0.0261,-0.1241,0.0124,0.0702,0.1203,0.1874,-0.0087,-0.0991,0.1142,0.1511,-0.0279,-0.0112,0.0185,0.0678,0.0523,-0.0078,-0.0708,0.0271,-0.1586,-0.0427,0.0194,-0.0488,0.0508,0.0625,-0.1512,-0.0611,0.0618,-0.1174
"082,022",8.6450,-17.2217,-0.0251,-0.0282,0.0451,-0.0998,0.0388,-0.1140,0.0207,0.1936,-0.0674,-0.1661,0.1246,0.0507,-0.0176,0.1083,0.1433,-0.3414,0.0793,-0.0353,0.0050,0.3420,0.0401,-0.1394,0.0503,0.0718,-0.1831,-0.0684,0.0560,0.0597,0.0014,0.1238
"320,001",-3.0835,0.3137,-0.1375,0.0118,-0.0518,0.0194,0.1104,0.1879,0.1482,0.0002,0.0479,0.0385,0.0216,0.1544,0.0448,0.0508,0.0274,0.2430,-0.1136,-0.0581,-0.1640,0.1161,-0.4003,0.1734,-0.1058,-0.0869,0.1103,0.0917,0.0134,0.0179,0.0849,0.0166
"457,003",-17.6310,31.8631,-0.3177,0.1003,0.0383,0.1347,0.1212,-0.0599,-0.1215,0.1961,0.1340,0.2879,-0.0424,-0.0276,0.0122,-0.2269,-0.0636,0.1102,0.0072,-0.1621,-0.1406,-0.0320,-0.2858,-0.0967,0.1099,0.0657,-0.1980,-0.0553,0.1176,-0.0909,0.0868,-0.0364
"010,008",21.7562,4.7659,0.2886,0.0910,0.1141,0.0002,0.0708,-0.0715,0.0966,0.1033,0.0663,-0.0923,0.0237,-0.0982,-0.0362,0.1068,-0.0291,-0.0343,-0.2211,0.0450,-0.0940,-0.0075,0.0357,0.0177,-0.0856,0.1778,-0.0797,-0.1480,0.1261,0.1222,-0.0128,0.1366
"124,003",-29.2672,-1.4788,-0.1473,0.0519,-0.0891,0.0800,0.0877,0.1565,0.0733,-0.0318,0.1601,-0.0286,-0.0483,0.1072,-0.2487,-0.2563,0.7914,0.7251,-0.1519,0.4860,0.0141,0.3290,-0.2827,-0.0090,-0.0380,-0.2074,0.0700,0.1028,0.2952,0.0282,-0.0428,0.2769
"213,002",6.2715,17.3452,-0.1476,0.0664,0.0029,0.1012,-0.0020,0.0665,-0.0149,-0.0074,0.0741,0.1178,-0.1145,-0.1649,-0.0911,-0.1030,-0.2004,0.1113,-0.0933,-0.0365,-0.0705,0.0264,0.0555,0.1398,-0.1599,0.2145,0.0440,-0.0951,-0.2497,0.1909,0.0721,0.0471
"457,004",-18.4477,26.8534,-0.2686,0.0981,0.0100,0.1300,0.0663,-0.0436,-0.0282,0.1064,0.1707,0.2302,-0.0579,-0.0394,-0.0809,-0.2495,-0.0892,-0.0054,0.0472,-0.1348,-0.0988,-0.0122,-0.1371,-0.0361,0.0710,0.1255,-0.0982,-0.0229,0.0316,0.0348,-0.0183,0.0621
"372,002",-26.6509,35.0755,-0.0795,0.0122,0.0515,0.0946,-0.0558,-0.0259,-0.2034,0.1240,-0.5569,-0.1172,0.2891,-0.1581,0.1951,-0.0027,0.0172,0.0965,-0.0895,0.0609,-0.0413,-0.1125,0.0870,-0.0206,-0.0290,0.0627,-0.0427,-0.0317,0.0828,-0.0904,0.0679,0.1209
"030,007",-3.7389,38.3787,-0.0788,0.0347,0.0775,-0.0166,-0.0650,-0.7448,0.3062,-0.0348,0.2006,-0.0012,0.2078,0.2603,-0.0929,-0.0457,0.0229,-0.2329,-0.1088,0.4334,-0.2332,-0.3779,-0.5634,-0.1064,-0.2245,0.1922,0.2107,0.5127,-1.0621,-0.1036,0.5551,0.0339
"167,005",15.7007,5.3124,0.0344,0.0893,0.0352,0.0489,-0.0176,-0.0317,-0.1003,-0.0184,0.0584,-0.0197,-0.0342,-0.0995,-0.0957,0.1182,0.0388,-0.0650,0.0062,-0.0678,-0.0428,0.1034,-0.0056,-0.1667,0.0391,0.0370,0.0134,0.0056,0.0681,0.0798,-0.0145,0.0652
"070,005",7.8549,38.0821,-0.0420,0.1728,-0.0452,0.1849,-0.3330,0.0514,-0.0885,-0.2223,-0.0270,-0.0421,-0.0770,-0.0860,-0.1183,0.2896,-0.0119,-0.1289,0.3644,-0.0479,0.1386,-0.0671,-0.0453,-0.0314,-0.2619,-0.1746,-0.1640,0.0518,0.0937,0.1738,-0.1808,0.0278
"364,004",3.6597,0.6766,-0.0489,-0.0592,0.0403,-0.0132,0.0710,-0.0196,0.0214,0.1143,0.0244,-0.0065,0.0319,-0.0183,-0.0993,0.0708,0.0244,-0.1004,0.0001,0.0767,0.0209,-0.0727,-0.0090,-0.1499,-0.0925,-0.0916,-0.0835,0.0980,0.0276,-0.0434,-0.0515,0.0108
"080,003",7.7938,24.5078,-0.1582,0.0570,-0.2047,0.1518,-0.3292,0.3332,0.0442,-0.2155,0.0740,-0.0278,-0.1180,0.1197,-0.0576,-0.0833,-0.0937,-0.1438,-0.0150,0.1128,0.0514,0.1185,0.0429,0.1752,0.0316,-0.0754,0.1525,0.0071,-0.1573,-0.1629,-0.0690,-0.0121
"167,006",-5.0755,27.1890,-0.1706,0.1110,0.0216,0.1216,0.0204,-0.0366,-0.0518,0.0807,0.0851,0.1398,-0.0774,-0.1274,-0.0476,0.0334,-0.0079,0.1095,-0.0537,-0.2398,-0.1933,0.0912,-0.0739,0.1181,-0.1029,0.0381,-0.1321,-0.0038,0.0876,0.1495,0.0225,0.0942
"370,001",-14.4638,17.5004,-0.1587,0.0611,0.0921,0.0468,0.2021,-0.1347,-0.0153,0.0490,0.1501,0.1642,-0.0202,-0.1142,-0.1582,-0.0138,0.0056,-0.0703,-0.0030,0.0757,0.0704,-0.1285,-0.0516,-0.1348,-0.0128,-0.0430,0.0702,-0.0758,0.1317,0.0802,0.0144,-0.0148
"082,023",4.2283,-0.9402,0.0853,-0.0818,-0.0100,-0.1335,0.0618,-0.0400,0.1255,0.1546,-0.0176,-0.0842,0.0564,-0.0577,-0.0834,0.1309,-0.1520,0.0789,-0.1819,0.0264,0.2566,0.0063,-0.0372,-0.0549,0.1309,-0.0189,-0.0321,0.0648,0.0171,-0.1268,-0.0543,-0.0223
"009,006",-5.2076,14.8719,-0.1488,0.0663,-0.1512,0.1228,-0.2397,0.2016,0.0499,-0.0481,0.0859,0.0120,-0.0085,0.0704,-0.0546,-0.1098,-0.0905,-0.0811,-0.0037,0.0278,-0.1740,0.1496,-0.2224,-0.0723,-0.0375,-0.0312,0.1265,-0.1253,-0.2433,-0.0316,0.0849,-0.3259
"010,044",-4.2181,3.1238,-0.0961,-0.0215,-0.0837,-0.0538,-0.0673,0.1123,0.0821,-0.0310,-0.0283,-0.0609,0.0654,0.1158,-0.0018,-0.0485,-0.1305,-0.1010,0.3090,0.0525,0.0296,0.2585,0.0263,-0.2028,0.0408,-0.0645,0.0399,0.0158,0.0048,0.1235,0.0221,0.0048
"217,001a",-16.9613,-8.5189,0.1029,-0.1192,-0.0069,-0.2364,0.0076,0.0623,0.1558,0.1563,-0.0600,0.0519,0.1955,0.2255,-0.1962,0.0317,0.0934,-0.1253,0.0817,-0.0288,0.0112,-0.3004,-0.2167,0.1407,0.0078,-0.0112,0.2884,0.2975,0.1085,0.3479,0.1020,-0.2948
"030,008",-24.6349,3.6162,-0.1053,0.1190,0.0794,0.0857,0.0972,0.0434,-0.4575,0.0105,0.1808,-0.1629,-0.1686,0.2226,-0.1184,-0.2948,0.4099,0.4488,-0.0613,0.1565,-0.0183,0.1366,-0.2312,-0.0201,0.0272,-0.0538,-0.0889,0.0202,0.1239,-0.0154,0.0121,0.1638
"248,012",6.1433,-6.9413,0.1065,-0.1507,-0.0498,-0.0691,0.0498,-0.0179,0.0220,0.2194,-0.0511,-0.0825,0.0433,0.0132,-0.1383,0.1114,-0.0806,-0.0541,-0.1258,0.0181,0.1224,-0.1219,-0.0320,-0.0231,0.1368,-0.0431,-0.0042,0.1199,0.2037,0.0818,0.1212,-0.1253
"409,001",8.5075,20.7912,-0.1047,0.0946,0.0987,0.0683,0.0938,-0.0753,-0.1597,-0.0182,-0.1351,0.0878,-0.0238,-0.3844,0.0400,0.0535,-0.0570,0.0875,-0.0392,0.2916,0.1184,0.1528,0.1984,0.0309,0.1169,-0.0448,0.0707,0.1963,-0.0724,-0.1247,0.0617,-0.0966
"242,010",17.6853,46.8483,-0.1013,0.2170,-0.2883,0.3133,-0.8348,0.3236,0.0587,-0.4648,0.0844,-0.0816,-0.0899,0.1888,-0.1667,0.2213,0.0918,-0.4739,0.0976,-0.1022,0.1780,-0.2129,-0.1872,0.2073,-0.1232,-0.1179,0.0128,-0.0382,-0.0758,-0.0726,-0.1250,0.0500
"293,007",9.1678,1.6527,-0.0287,0.0740,-0.0126,0.0401,-0.0970,0.1279,0.0462,0.0426,0.0866,-0.0023,0.0247,-0.0310,-0.1901,0.0240,0.0931,-0.1339,-0.2893,-0.0543,0.0858,-0.1015,0.1462,-0.0836,0.1523,0.0039,-0.0301,-0.0759,0.0312,0.1571,-0.0789,-0.0111
"106,008",27.2787,-7.3902,0.1154,0.0868,0.0701,-0.0357,0.0454,-0.0313,-0.0356,0.0755,0.1348,0.0262,-0.0451,-0.3700,-0.1117,0.2766,0.0146,-0.0760,-0.0823,0.3231,0.0280,-0.0708,-0.1010,0.0373,0.2076,0.1918,0.1369,-0.2100,0.1187,-0.0396,-0.1220,-0.0948
"457,005",-38.7800,-5.7386,-0.1679,-0.0744,0.0011,-0.0972,0.4262,0.1982,0.2473,-0.2322,-0.0456,-0.1629,-0.0022,0.0945,0.0058,0.0946,0.0042,0.0188,-0.0223,-0.1258,0.0036,-0.0782,0.0766,0.0442,-0.0971,-0.0433,0.0166,0.0201,0.0781,0.0050,0.0184,-0.0126
"242,012",-25.2845,-24.6820,-0.0695,0.0945,-0.3010,0.1898,-0.5354,0.3143,0.0196,-0.3072,-0.0557,-0.1726,-0.0108,0.1129,0.0780,-0.0817,-0.4020,0.0164,0.4586,0.2192,-0.0207,-0.1626,0.1133,-0.1211,-0.0843,-0.1027,-0.1282,-0.0792,0.0336,0.1769,-0.1554,0.0905
"225,002",-27.3528,5.6319,-0.0370,0.0355,0.0152,-0.0260,0.0339,0.0257,0.0014,0.1141,0.0081,0.0470,0.0208,-0.1351,-0.0964,-0.0456,-0.0697,-0.1596,0.1658,0.1331,0.0959,-0.2121,-0.0296,0.3347,0.2562,0.2420,-0.1135,-0.0834,0.2284,0.0759,0.0564,0.1919
"434a,003",-2.2510,-52.0553,0.3689,-0.2658,-0.0267,-1.1287,-0.2243,0.0729,-0.3485,-0.6679,0.0295,0.8508,0.3402,0.0311,0.1157,-0.1286,0.0981,0.0566,-0.0215,-0.1007,-0.0151,0.0120,-0.0661,-0.1099,-0.0977,-0.0299,-0.0303,0.0762,-0.0257,-0.0205,0.0431,0.1189
"372,003",30.2370,-29.0745,-0.0316,-0.0103,0.1153,-0.1618,0.1474,-0.1378,-1.0268,-0.0135,0.1560,-0.7202,-0.3369,0.2993,-0.0276,-0.0447,-0.0616,0.0614,-0.0476,0.1161,0.0292,-0.0943,-0.0694,0.0175,-0.0383,0.0561,0.0749,-0.0177,-0.0267,0.0958,-0.0552,0.0342
"355,003",18.6845,17.4494,0.0122,0.1154,0.0909,0.0524,0.1108,-0.0569,-0.1471,0.0517,0.0747,0.1087,-0.0662,-0.3067,-0.1247,0.1382,0.0788,0.0047,-0.0806,0.0625,-0.0804,-0.0420,0.0625,-0.1656,-0.0062,0.0450,0.1555,0.0370,0.2134,0.2873,-0.1058,0.3797
"424,001=393,001",-23.2994,-18.3699,0.1015,-0.0569,-0.2011,-0.0129,-0.0960,0.0964,0.0972,0.0828,-0.0645,-0.1585,-0.2650,0.0418,0.0813,-0.2709,-0.2741,0.0889,0.3482,-0.0838,0.0790,-0.3298,0.1134,-0.0540,0.1250,-0.0391,0.0783,0.3864,0.5147,-0.1485,0.5281,-0.0071
"410,002",-22.8604,2.1359,-0.0152,-0.0581,-0.1872,-0.1297,-0.1099,0.2919,0.1242,-0.1554,0.0499,-0.0410,0.0654,0.1784,0.0413,-0.1205,0.1976,0.2692,-0.2191,0.2934,-0.1389,0.2393,-0.3949,0.2404,-0.0137,-0.1845,0.0118,0.0518,0.2128,-0.1152,0.0253,0.1395
"410,003",-15.0312,-25.4666,-0.0145,-0.0272,-0.0691,-0.0535,-0.0685,0.0778,0.2181,0.2709,0.0592,-0.1608,0.1807,0.2283,-0.4249,-0.0676,1.2754,0.8390,0.8419,-0.0267,0.5251,-0.1735,0.7053,-0.2885,-0.2211,0.4303,-0.0935,-0.5660,-0.6358,-0.2698,0.0589,-0.4748
"167,010",-12.9477,30.2905,-0.2411,0.0819,0.0360,0.0807,0.1084,-0.1077,-0.0351,0.1222,0.1888,0.2456,-0.0381,-0.0163,-0.0773,-0.2047,-0.1030,0.0521,-0.0173,-0.0665,-0.3285,-0.0198,-0.4887,-0.1866,-0.0122,-0.0451,-0.0775,-0.1135,-0.1819,-0.2469,0.2731,-0.2651
"107,001",-5.7339,-9.2443,-0.0075,-0.1498,-0.0364,-0.1088,0.0520,0.0425,0.0996,0.1488,-0.0177,-0.0785,0.1048,0.1388,0.0012,0.0145,-0.0073,-0.0517,-0.0291,0.0047,0.0235,-0.0037,0.0414,0.0408,-0.0453,-0.0594,-0.0384,-0.0097,0.0049,-0.0292,0.0141,-0.0519
"204,002",16.9136,31.1700,0.0134,0.0899,0.0221,0.0341,0.0273,-0.0107,-0.1805,0.0301,0.0620,0.0324,-0.0048,-0.2681,-0.0859,0.1748,-0.0858,0.0030,-0.0528,0.2111,-0.0496,-0.0024,0.0204,-0.2326,0.0724,-0.1805,-0.0926,-0.2620,0.0920,-0.0960,0.4345,-0.5587
"437,004",-21.4028,13.6871,-0.1622,-0.0526,0.0447,-0.0936,0.2244,-0.0789,0.0585,-0.0698,0.1111,0.0008,0.0283,0.0248,-0.0979,-0.0688,-0.1065,-0.1265,0.0011,-0.0427,0.0321,0.0119,0.1458,-0.1119,-0.2990,-0.1213,0.1306,-0.0080,-0.0117,-0.0504,-0.0586,0.1201
"342,001",1.8619,-6.4997,0.1089,-0.0354,-0.0681,-0.0267,-0.1367,0.1216,0.1279,0.0932,0.0031,-0.0944,0.0255,0.0123,-0.0310,0.0371,-0.0092,0.0297,-0.1995,-0.1412,-0.0086,-0.0610,0.1718,0.0919,0.1441,0.0326,-0.0733,-0.1353,-0.0836,0.0108,0.0038,-0.0495
"335,007",-1.4145,58.5470,-0.0921,0.1550,0.0138,0.1283,-0.3500,-1.1527,0.3173,-0.5254,0.2034,-0.2282,0.0286,0.3741,0.1796,-0.0785,0.0028,0.1545,-0.0927,0.2686,-0.0689,-0.0174,0.0364,0.0091,0.2041,0.0494,0.0294,0.0117,0.1168,0.1628,-0.0566,-0.0784
"080,005",31.8514,-37.0488,0.1124,-0.0492,0.2144,-0.4151,0.1595,-0.2097,-1.6789,-0.1164,0.2977,-1.0737,-0.5759,0.6376,0.0084,-0.0557,0.0594,0.0059,-0.0089,-0.0699,0.0028,-0.0403,-0.1738,0.1272,0.0229,0.0948,0.0284,-0.0514,-0.1670,0.0776,-0.1113,-0.0131
"213,003",-6.2635,14.2770,-0.1338,0.0016,-0.0532,0.0510,-0.0178,0.1379,0.0291,0.0345,0.0270,0.0019,0.0241,0.0292,-0.0155,-0.0783,-0.1568,0.1518,0.1164,-0.0219,0.0234,0.1322,-0.1251,0.0188,-0.0093,-0.0346,0.0653,-0.0267,-0.0179,-0.0909,-0.0177,0.0409
"167,007",-30.8088,25.9809,-0.3278,0.1555,-0.0284,0.2498,-0.1441,0.0930,-0.2017,-0.0015,-0.1102,0.1942,0.0212,-0.0056,0.0299,-0.3356,0.1280,-0.0218,-0.3904,-0.1554,-0.1066,-0.0645,0.0919,-0.1357,0.1602,0.0752,-0.1443,-0.0043,0.0527,-0.0473,0.0140,-0.0576
"204,001",-0.9062,-16.1345,0.1686,-0.2129,-0.0350,-0.3370,0.0696,0.0523,0.1902,0.1189,0.0361,-0.1955,0.1330,0.0427,0.0073,-0.0160,0.0221,-0.1692,-0.0586,0.0061,-0.0164,0.0834,0.0777,0.0385,-0.1137,0.0365,-0.1157,-0.0785,0.0926,0.0155,0.0632,-0.1402
"070,007",7.2529,42.1125,-0.0907,0.2508,0.0701,0.2690,-0.3146,-0.2285,-0.0647,-0.2861,-0.0731,0.1102,-0.0940,-0.1845,-0.1684,0.5004,0.2094,-0.2082,0.2046,-0.3652,0.2025,0.0267,0.0384,0.0804,-0.4893,-0.2125,-0.2075,0.1404,0.1287,0.2963,-0.2098,0.2656
"167,009",-27.5361,-24.3951,-0.0093,-0.0168,-0.3421,0.0912,-0.3022,0.2468,0.0309,0.0950,0.1795,-0.0391,-0.2221,0.3046,0.5270,-0.1863,-0.2034,0.0992,0.3525,0.1548,0.0945,-0.4627,0.1754,-0.2581,0.0858,-0.0028,-0.0249,0.0094,0.4140,-0.0475,0.5247,0.1290
"266,003",18.4548,0.1883,0.1424,-0.0121,0.0727,-0.1129,0.1238,-0.0046,0.1443,0.1876,-0.0451,0.0492,-0.1138,0.0116,-0.2077,0.1508,0.0471,-0.0823,-0.0903,0.0485,-0.0552,-0.2631,-0.0826,0.0320,-0.0020,0.2643,0.1959,-0.0352,0.1058,0.2432,0.1480,-0.1034
"392,003",-33.1200,-9.3102,-0.2838,0.0096,-0.0670,0.0379,0.0232,0.1724,-0.0758,0.7248,0.3569,0.6484,-0.4107,0.7813,1.6221,0.7322,0.2733,-0.0549,-0.0266,0.3228,0.2562,-0.1246,0.2387,-0.1185,-0.0107,-0.0110,0.0219,-0.0272,-0.0832,0.0511,-0.0445,0.0554
"080,004",-13.3342,5.6650,-0.1381,-0.0479,0.0156,-0.0760,0.2152,0.0238,0.1244,0.1848,-0.0286,-0.0134,-0.0328,0.1490,0.0052,0.0343,0.0684,-0.0927,0.1217,0.0516,0.0037,0.2950,0.1870,-0.0129,-0.0153,-0.1556,0.2674,0.2527,0.0684,0.0745,-0.1335,0.0043
"243,004",-1.5016,7.2763,0.1012,0.0688,0.1235,0.0492,0.0678,0.0475,0.0439,0.0791,0.0287,0.1073,-0.0592,0.0422,-0.1487,-0.1034,0.0469,0.0116,0.0310,-0.1177,-0.0746,0.0402,0.0580,-0.0197,0.0379,-0.0468,0.0508,0.1279,0.1293,-0.0763,-0.0355,-0.0018
"009,007",25.8897,19.3318,0.1480,0.1089,0.0825,0.1102,-0.0932,0.1186,0.0366,-0.0125,0.0786,-0.0622,-0.0729,-0.2143,-0.0060,0.1591,-0.1496,0.2096,-0.2590,-0.2768,-0.2266,0.1280,0.2400,0.1749,-0.3781,0.3465,-0.1770,-0.1264,-0.1333,0.3476,0.0607,0.1780
"194,002=136,001",-33.2755,9.4652,-0.2768,0.0517,-0.0274,0.0430,0.1470,0.0252,-0.0273,0.1497,0.0423,0.1448,0.0258,-0.0456,-0.0654,-0.3788,-0.2407,-0.0962,0.4465,0.1076,0.1482,-0.2365,0.0964,0.2922,0.1687,0.2908,0.0757,0.0672,0.0999,0.3025,0.1427,0.3259
"015,001=392,001",-7.8696,-1.2339,-0.0836,-0.0552,-0.0294,-0.0591,0.0794,0.0561,0.1239,0.1351,-0.0392,0.0097,-0.0009,0.1260,-0.0357,-0.0293,0.0750,0.1240,0.0221,0.0370,-0.0090,0.1026,-0.0630,0.1767,-0.0240,-0.0376,0.0862,0.0593,-0.0302,0.0867,0.0281,-0.0778
"450,002",0.0345,58.0262,-0.0903,0.1595,0.1246,0.1224,-0.2194,-1.2362,0.3566,-0.4410,0.1755,-0.0796,0.1059,0.2818,0.1174,0.0307,-0.0606,0.1539,-0.1284,0.1502,-0.0808,-0.0332,0.0576,-0.0636,0.1656,0.1133,0.0157,-0.0457,0.1379,0.0646,0.0412,-0.1309
"167,008=388,004",-28.0938,13.3083,-0.1936,-0.0120,0.0082,-0.0476,0.1150,-0.2049,0.0791,0.0481,0.1510,-0.0734,0.0347,0.1220,-0.0522,-0.4043,-0.2690,-0.1650,0.1192,0.0490,-0.0125,0.0562,0.2225,0.0850,-0.1228,0.0545,0.3229,-0.5282,-0.0544,-0.3159,-0.2571,0.3077
"248,014=141,001",17.9860,-30.5268,0.3680,-0.0754,-0.2089,-0.1741,-0.1651,-0.0910,0.3531,0.0852,0.0592,-0.5229,-0.3937,-0.6731,0.7090,-0.6670,0.1556,-0.0619,0.1881,-0.2769,0.2074,-0.3320,-0.1533,-0.1477,-0.0065,-0.1629,0.0534,0.1817,0.2040,0.0260,0.2550,-0.0413
"396,002",22.7760,11.6772,0.2914,0.1614,0.0450,0.1033,-0.1727,0.1288,-0.0013,-0.0654,0.0646,-0.1548,-0.0233,-0.1557,0.0869,0.1608,-0.0702,0.1606,-0.0621,-0.0386,-0.1112,0.0100,-0.0173,0.0602,-0.0634,0.2065,0.0091,-0.1844,-0.2078,-0.0720,-0.0375,-0.0072
"088,001",28.7631,3.4454,0.1739,0.0660,0.0856,0.0168,-0.0266,0.0431,0.1258,0.1670,0.0061,-0.0492,-0.0081,0.0841,-0.0746,0.1257,0.1925,0.1392,0.1706,-0.3814,-0.3011,-0.0447,0.0342,0.1097,0.1011,0.0227,0.0432,0.1094,-0.1021,-0.1710,0.0138,-0.0408
"461,027a",8.9160,2.2702,0.0677,-0.0684,-0.0347,-0.0862,-0.0007,-0.0181,0.1555,0.1802,-0.1479,-0.0372,-0.0319,0.2377,-0.0126,0.2859,-0.0682,0.2055,-0.1991,-0.2597,0.0661,-0.0292,-0.1664,0.1875,0.0770,-0.1184,0.2318,-0.0251,-0.2465,0.0403,0.1740,-0.0820
"314,001",-13.3380,41.0615,-0.0156,-0.0595,0.0162,-0.0770,0.0533,-0.0351,0.0477,0.1457,-0.0566,-0.1530,0.0914,0.0730,-0.0564,0.1348,-0.3186,0.2089,-0.1730,-0.1992,0.4015,-0.0012,-0.1514,-0.3026,0.0477,-0.0913,0.1236,0.0188,-0.1881,-0.1375,-0.2185,0.0136
"112,001c",-27.4820,-23.2825,0.0109,0.0429,-0.3007,0.0912,-0.3487,0.2621,0.0406,-0.1306,0.0626,-0.1486,-0.0404,0.1149,0.0486,-0.1565,-0.3009,0.1200,0.5454,0.1857,-0.0082,-0.2825,0.1080,-0.2176,0.0413,-0.0535,-0.0096,-0.0414,0.2782,0.0037,0.1753,0.1804
"293,008",-12.4023,-5.2680,-0.0961,-0.0764,-0.0269,-0.0346,0.0366,0.0284,0.1011,0.2454,-0.0552,-0.0249,0.1282,0.2392,-0.0722,-0.0946,0.0121,0.2310,0.1727,-0.1958,0.1417,-0.0756,-0.1017,-0.2168,0.1163,-0.0925,-0.1184,0.0580,0.0984,-0.0317,-0.0955,-0.0695
"364,006",7.2737,0.3829,0.1156,-0.0515,0.0387,-0.0386,-0.0292,-0.0764,0.1359,0.0648,-0.2053,0.0655,-0.3315,0.0006,-0.1695,0.1322,-0.0027,0.0194,-0.0502,0.0406,-0.1213,0.0327,-0.0414,-0.0049,-0.0198,0.0369,-0.0727,-0.0026,0.1705,0.0609,-0.0057,0.0377
"366,002",1.1672,32.2872,-0.2423,0.1220,0.0715,0.1155,0.0624,-0.1374,-0.1461,-0.0370,0.0386,0.2254,-0.0163,-0.1788,-0.0571,0.0352,-0.0619,0.0075,0.0823,-0.1320,-0.0904,0.0703,-0.0571,-0.0651,-0.1861,-0.1646,-0.1795,-0.0229,0.0888,0.0471,-0.0090,-0.2859
"355,005",0.7596,43.5033,-0.1125,-0.0310,0.1338,0.0620,0.0646,-0.4483,0.0816,-0.2443,0.0739,-0.0145,0.0119,-0.0136,0.0232,0.0720,0.0200,-0.0271,-0.0322,0.0318,0.0265,-0.0834,0.0221,-0.0946,-0.0091,-0.0266,0.0799,-0.0407,0.0862,-0.0039,0.0246,-0.1132
"074,002",-2.4781,4.4471,-0.0091,-0.0328,-0.0051,-0.0172,0.0214,0.0198,0.0307,0.0403,-0.0202,-0.0242,0.0114,0.0281,-0.0044,-0.0083,-0.0255,0.0147,0.0339,-0.0455,-0.0378,0.0168,0.0377,-0.0130,-0.0029,-0.0259,-0.0018,0.0323,-0.0029,-0.0094,-0.0169,-0.0118
"082,008",6.4802,-16.9977,0.0470,-0.0357,0.0117,-0.1354,0.0268,0.0107,0.0998,0.1397,-0.0214,-0.0493,-0.0273,-0.1318,0.0106,0.0366,-0.1065,-0.0363,-0.0196,0.0724,0.0887,0.1372,0.1025,0.1719,0.1637,0.0548,-0.0530,0.0743,0.0213,-0.2034,0.0028,0.0568
"082,026",2.0711,-1.7439,0.0628,-0.0306,-0.0044,-0.1729,-0.0170,0.0172,-0.0198,0.0241,0.0218,-0.0610,0.0511,-0.0120,-0.0441,0.0464,0.1237,-0.0601,-0.0171,0.0896,0.0461,0.1053,-0.0253,0.0255,-0.0461,-0.0967,-0.0463,-0.0908,0.0239,-0.0246,-0.0386,-0.0034
"223,002",12.3098,-4.3794,0.1172,0.0398,0.1036,0.0139,0.0734,-0.0384,-0.0177,0.1277,-0.0089,0.0524,-0.1390,-0.1992,-0.0771,0.0848,-0.0226,-0.0780,0.0176,0.2408,-0.0071,-0.2600,0.1121,-0.2287,0.0656,-0.0888,-0.1644,0.3986,0.1278,-0.2593,0.1064,0.0596
"437,005",-4.8769,4.1778,-0.0565,-0.0819,0.0622,-0.1020,0.1433,-0.0490,-0.0479,0.0939,0.0998,-0.0436,-0.0037,0.0027,-0.1236,-0.0242,-0.0302,-0.0806,-0.0225,-0.0362,0.0327,-0.0146,0.0765,-0.0249,-0.1209,-0.0022,0.0253,0.0183,0.0362,0.0721,-0.0240,0.0787
"156,002",0.0807,31.0334,-0.1918,0.0973,0.0764,0.1069,0.0874,-0.0882,-0.1206,0.1114,0.0158,0.1842,0.0133,-0.1820,-0.1721,0.0297,0.0729,-0.0395,0.0750,-0.1395,0.0216,0.0121,0.0029,-0.0496,-0.1305,-0.1077,-0.1383,-0.0966,0.0773,0.0325,0.0165,-0.2191
"293,009",-32.8903,39.4109,-0.2375,0.0362,0.0408,0.1587,-0.0782,-0.0632,-0.2555,0.1201,-0.9076,-0.0896,0.5446,-0.0183,0.3075,-0.0628,0.0508,0.1203,-0.1167,-0.0007,0.0510,-0.1745,-0.0967,0.0485,0.0003,0.1192,0.0610,0.0369,-0.0545,-0.0375,-0.0021,0.1246
"077,001a",-14.6727,9.8200,-0.1345,-0.0377,0.0005,-0.0198,0.0890,0.0155,0.0217,0.1536,0.1022,-0.0331,0.0319,0.0640,-0.1098,-0.2063,-0.1102,-0.1114,-0.1314,-0.0759,0.0591,-0.0397,0.0940,-0.0758,0.0492,0.0491,-0.0154,-0.1005,-0.0452,-0.0679,-0.1747,0.1072
"305,007",23.3814,-11.1301,0.1299,-0.0331,0.0275,-0.1469,0.0701,-0.0344,0.0306,0.1776,0.0970,0.0209,0.0293,-0.2063,-0.0626,0.2303,-0.0551,-0.1036,-0.1723,0.2526,0.2291,-0.2474,-0.1313,-0.3056,0.1675,0.0446,0.1918,-0.0408,0.2427,0.0764,-0.1091,-0.0208
"231,001",-13.6153,-7.5690,-0.0360,-0.1402,-0.0151,-0.0593,0.0553,0.0082,0.1329,0.2132,-0.0507,-0.0706,0.0982,0.1537,-0.1055,0.0101,0.0576,0.0018,-0.0018,0.0470,-0.0270,0.1303,-0.0300,-0.0829,0.0218,-0.2147,0.0166,0.2912,0.2961,0.0128,-0.0529,-0.1373
"461,033",0.0955,-5.3433,0.0308,-0.1732,0.0300,-0.0692,0.0450,0.0039,0.0725,0.1306,0.0780,-0.1772,0.0427,-0.0029,-0.0635,-0.0191,0.0396,-0.0029,-0.0923,0.0389,-0.0412,0.1153,0.0677,-0.0832,-0.1155,-0.0199,-0.0170,0.0880,0.0714,-0.0439,0.1095,0.0333
"246,006",16.7330,-13.3825,0.1870,0.0421,0.0582,-0.0572,-0.0005,-0.0518,0.0050,0.1485,0.1008,-0.1470,0.0030,-0.3031,-0.0531,0.2751,0.0505,-0.0212,-0.1818,0.2420,-0.2077,-0.1325,0.0865,-0.2810,-0.0317,-0.0561,-0.4117,0.2769,-0.1603,-0.2912,-0.2358,0.2997
"248,016=100,001",16.3124,-25.6211,0.3290,-0.0342,-0.0023,-0.3247,-0.1298,-0.0529,0.1962,0.0039,0.1041,-0.2136,-0.1448,-0.5246,0.4492,-0.3061,0.2163,-0.1466,-0.0609,-0.1548,0.1092,-0.0214,-0.1496,0.0916,-0.0599,-0.0042,-0.0464,-0.0441,-0.0417,-0.0219,-0.0737,-0.0196
"461,008a",5.5236,-43.6689,0.3210,-0.2002,0.0294,-0.6476,-0.1130,0.0342,-0.1504,-0.2853,0.0073,0.4807,0.1897,-0.0862,0.0127,0.0513,0.0023,0.0645,-0.0795,-0.0164,0.0220,-0.1495,-0.0343,-0.1854,0.1164,0.0158,0.0588,0.0874,0.1068,-0.0025,0.0265,0.0400
"050,001",14.7174,-8.0523,0.0902,-0.0938,0.0365,-0.2422,0.0697,-0.0441,-0.0241,0.0889,0.0967,0.0492,0.0961,-0.0850,-0.1338,0.0894,0.0017,-0.1237,-0.1364,0.1420,0.0285,-0.1816,-0.0799,-0.1007,-0.0017,0.0474,0.0433,0.0120,0.0552,0.0548,0.0087,0.0381
"106,003",-16.0170,16.0395,-0.2285,0.0084,0.0264,0.0640,0.1363,0.0316,-0.0240,-0.0294,0.0749,0.1136,-0.0160,-0.0646,-0.1034,-0.0384,-0.0535,-0.0142,0.0201,0.0669,0.0654,0.0852,-0.0798,0.0316,-0.2337,-0.2285,0.2323,-0.0110,0.1150,-0.0443,-0.0012,0.0117
"106,004",-30.6645,28.2132,-0.1832,0.1024,-0.0484,0.2276,-0.2501,0.1446,-0.2061,-0.0543,-0.3479,-0.0000,0.1798,-0.0723,0.0364,-0.1928,0.2688,-0.1250,-0.4428,0.1136,0.0049,-0.0425,0.1554,-0.1620,0.1317,0.0436,-0.0151,-0.0035,0.0856,-0.0184,-0.0347,-0.0010
"364,007",-8.7133,10.2537,-0.1089,0.0635,-0.0784,0.0686,-0.0478,0.0942,-0.0442,-0.0375,0.0836,-0.0454,-0.0506,0.0317,-0.0382,-0.1703,-0.0912,0.1163,0.2608,0.0956,0.0101,0.0138,0.0454,0.0698,0.0838,-0.0924,0.0068,-0.0669,-0.0245,-0.0193,0.0399,0.0880
"364,008",4.6898,-3.0423,-0.0046,-0.1159,0.0225,-0.1102,0.0881,-0.0059,0.0639,0.1195,0.0129,-0.0398,0.0736,0.0401,-0.0901,0.0563,0.0150,-0.0839,-0.0552,0.0961,-0.0065,-0.1072,-0.0352,-0.0968,-0.0853,-0.0124,0.0009,0.0256,-0.0518,-0.0308,0.0036,-0.0543
"119,001",-11.0582,9.0399,-0.1766,0.0189,0.0140,0.0161,0.1264,-0.0256,0.0411,0.0513,0.0764,0.0169,0.0011,0.0285,-0.1751,-0.1372,0.2475,0.1707,0.0905,0.1805,0.1103,0.2242,0.0680,0.0342,-0.0450,-0.1641,0.1442,0.1649,0.1902,0.0500,0.0204,0.0892
"242,025",19.0218,46.6333,-0.1015,0.2036,-0.3355,0.3046,-0.8566,0.3942,0.0483,-0.4885,0.0767,-0.1092,-0.1136,0.2126,-0.1328,0.2062,0.0037,-0.4495,0.2802,-0.0172,0.1796,-0.2070,-0.2485,0.1536,-0.1421,-0.1481,0.0104,-0.0001,0.0324,-0.1054,-0.0422,0.0842
"242,018",2.5096,39.0450,-0.1906,0.1862,-0.0280,0.2840,-0.3732,0.0503,-0.2456,-0.1752,-0.4886,0.0016,0.2176,-0.1830,0.0441,0.3246,0.2211,-0.2735,0.1469,-0.1102,0.1952,-0.1808,-0.1714,0.1496,-0.3099,-0.0757,-0.0860,0.0651,0.0617,0.0571,-0.1687,0.0974
"242,018a",-1.9379,25.0964,-0.0690,0.0887,0.0425,0.0763,-0.0027,-0.0316,-0.1601,0.0284,-0.1591,-0.0195,0.0687,-0.2301,-0.0187,0.2193,-0.0189,-0.0336,-0.0621,0.0618,-0.0489,-0.0479,-0.0283,0.1246,-0.1620,0.0584,-0.0156,-0.2859,-0.0068,-0.0308,0.1102,-0.0794
"457,007",39.3482,1.2034,0.4051,0.0590,-0.0642,0.0381,0.0385,-0.0401,0.0493,0.0258,0.1133,-0.0453,0.0945,0.0340,-0.1064,0.3051,0.2036,0.0705,0.2002,-0.5671,-0.3245,-0.1004,0.3508,0.0914,0.1327,0.3449,0.4173,0.2842,0.0166,-0.3440,0.0156,0.0103
"242,019",6.4127,30.5476,-0.0747,0.0873,-0.0528,0.1053,-0.2428,0.0623,-0.0081,-0.1109,-0.0411,-0.0290,0.0355,-0.0127,-0.0737,0.1725,0.0443,-0.1767,0.0798,-0.0707,0.0856,0.0342,-0.0865,-0.0097,-0.1176,-0.0604,0.0134,-0.0010,0.0122,0.0099,-0.0660,0.0462
"304,001",11.1177,16.6143,0.0786,0.0779,0.0501,0.0026,-0.0193,-0.0071,-0.1137,-0.0531,-0.0852,0.0219,-0.1871,-0.3655,0.0383,0.1213,-0.1078,0.1908,-0.0454,0.1643,-0.0681,0.1838,0.1518,0.0128,0.0664,-0.0026,0.0442,0.1125,-0.1512,-0.0467,0.0053,0.0254
"364,010",4.1915,16.4684,0.0541,0.1146,0.1280,0.0553,0.0891,0.0652,-0.0924,-0.0585,0.0333,0.0776,-0.0557,-0.0509,-0.0331,-0.1627,-0.1665,0.1358,0.1380,0.0826,0.1066,0.2209,0.1814,0.0629,-0.0272,-0.1531,-0.0509,0.1825,-0.1073,0.0094,-0.0253,-0.0491
"069,001",26.4429,4.4071,0.3138,0.0178,-0.0474,-0.1312,-0.1182,0.0673,-0.0164,-0.0298,0.0837,-0.0229,-0.0130,-0.2507,-0.0064,0.1531,-0.1096,0.1852,0.0859,-0.0299,-0.2907,-0.1454,0.1927,-0.2821,0.0539,0.2632,-0.0850,0.0039,0.2460,0.0749,0.0232,0.3288
"070,012",-1.6651,36.3225,-0.2036,0.1495,0.0062,0.2301,-0.2566,-0.0375,-0.2380,-0.1117,-0.4775,-0.0185,0.2309,-0.1411,0.0883,0.2090,0.0994,-0.1238,0.1299,-0.0347,0.1308,-0.0548,-0.0596,0.0095,-0.1918,-0.1231,-0.0788,0.0386,0.0013,0.0563,-0.1518,-0.0757
"242,022=023,001a",15.4817,-15.6738,0.0353,0.0640,-0.0160,-0.0423,-0.0696,0.0097,0.1511,-0.0441,0.0413,-0.2029,-0.1823,-0.3427,0.1555,-0.0988,0.1300,-0.2525,0.1454,-0.0625,0.2348,-0.0770,-0.2002,0.1542,-0.0647,-0.0438,0.0227,0.0103,-0.0564,0.2520,-0.1308,-0.0322
"242,020",18.2238,41.8945,-0.0562,0.1559,-0.4385,0.3115,-0.6729,0.4353,0.0198,-0.3575,0.1153,-0.0430,-0.0974,0.1708,-0.0724,-0.0290,0.0073,-0.2637,-0.1616,0.0572,0.0293,-0.1032,-0.0902,0.0508,0.0356,0.0291,0.0972,-0.1095,-0.1737,-0.0881,-0.0076,-0.0058
"323,010",11.4415,-2.9809,0.4181,-0.0953,-0.6599,0.2856,0.3408,-0.2492,-0.1364,0.0710,0.0125,0.1219,0.0312,-0.1154,-0.1103,0.1717,0.1536,-0.1871,-0.0407,0.0324,0.1059,0.0309,-0.0160,-0.0921,0.0403,-0.0530,0.1058,0.0956,0.0939,-0.0127,-0.1837,-0.0058
"242,026",6.3606,-2.8427,0.1834,-0.1035,-0.0848,-0.1148,-0.0419,0.0657,0.1126,0.1264,-0.0233,-0.0771,0.0779,-0.0007,-0.0548,0.1351,-0.1584,0.0878,-0.1426,0.1539,-0.1019,-0.0776,-0.0821,-0.1593,0.0034,0.0206,-0.0090,-0.0412,-0.1248,0.0611,-0.0699,-0.1486
"330,005",10.2846,17.4465,-0.0212,0.0636,-0.0811,0.0977,-0.0919,0.1271,-0.0515,-0.0971,0.0787,0.0256,-0.1277,-0.3034,-0.0563,0.0608,-0.0660,0.2345,0.0498,0.2989,0.0682,0.2206,-0.0567,0.1958,0.0435,-0.0424,0.0598,0.1008,-0.1276,-0.0484,0.0211,0.0344
"304,002",19.2768,14.1984,0.1514,0.0918,-0.0879,0.0533,-0.1257,0.1090,0.0627,-0.0103,0.0933,-0.0761,-0.0601,-0.2337,0.0651,0.3308,-0.0838,0.2656,-0.1272,0.1351,-0.2948,0.1558,-0.1178,0.2061,-0.0622,0.1622,-0.0464,-0.1726,-0.1939,0.0289,-0.0418,0.0503
"106,010",14.9400,8.9210,0.1528,0.0175,-0.0468,-0.1220,-0.1506,-0.0441,-0.0166,-0.0999,-0.0310,0.0441,0.0179,-0.1492,0.0401,0.1157,-0.0268,0.0542,-0.1291,0.0661,-0.1451,-0.0615,-0.0453,-0.0058,-0.0020,0.1516,0.0230,-0.0971,0.0146,-0.0874,0.0353,0.0776
"057,001",30.0367,-30.4950,0.0651,-0.0961,0.1301,-0.2022,0.1225,-0.1322,-1.0876,-0.0080,0.1859,-0.8024,-0.3741,0.3895,0.0316,-0.0661,-0.0416,0.0585,-0.0327,0.0049,-0.0505,-0.1082,-0.0028,-0.0127,-0.0382,0.0626,-0.0731,0.0538,0.0003,0.0502,-0.0064,0.1307
"304,003",14.7692,5.6012,0.1130,0.0191,-0.0718,-0.0909,-0.1179,0.0795,0.1289,0.0773,0.1084,-0.1358,-0.0248,-0.2211,0.0635,0.0871,-0.0216,0.0344,-0.1063,0.0464,-0.1251,0.1866,-0.1016,0.1572,0.0277,0.1677,-0.0574,-0.2002,-0.1198,-0.0679,0.0318,-0.0306
"070,013",-17.8034,-21.0582,-0.1289,0.0756,0.0128,0.0582,-0.0112,-0.0027,0.0781,0.1311,0.0747,0.0406,0.0546,0.0041,-0.4320,-0.0043,0.7468,0.5357,0.5657,-0.0420,0.5980,-0.2824,0.3111,-0.1407,-0.0564,0.2688,-0.0207,-0.2037,-0.3725,0.0452,-0.0767,-0.1012
"366,004",1.5001,49.4495,-0.0035,0.1617,-0.0318,0.2137,-0.1278,-0.8307,0.1685,-0.3176,0.0997,0.0341,0.0285,0.1136,0.0018,0.1848,0.0105,0.0667,-0.0697,-0.1012,-0.0772,0.0431,0.0834,0.0088,-0.0337,0.0502,-0.0343,0.0299,0.0396,0.1440,-0.0494,0.1156
"248,017",-13.4497,-18.0232,0.3178,-0.1549,-0.4906,0.1173,0.1625,-0.2186,0.1107,0.0619,-0.0013,-0.0432,0.0705,0.1322,-0.1416,-0.0161,0.2158,0.1797,-0.2389,0.3957,-0.0460,0.0118,-0.2254,0.0120,0.1827,-0.1842,0.0395,0.1598,0.4457,0.1775,-0.0878,0.0186
"370,002",-17.3949,27.6662,-0.2832,0.1123,-0.0297,0.1437,0.0480,0.0651,-0.1150,0.0777,0.2008,0.1815,-0.1024,0.0150,-0.0725,-0.3395,0.0120,0.2353,0.0604,-0.0175,-0.1109,0.0413,-0.2762,-0.0279,0.1222,0.0551,-0.1865,-0.0480,0.0978,-0.0686,0.0130,0.1298
"330,003a",-10.8667,-2.4820,-0.1128,-0.0779,-0.0095,-0.0553,0.0890,0.0079,0.1371,0.1975,0.0920,0.0054,0.0465,0.1330,0.0398,0.0221,-0.0193,-0.0247,-0.0244,0.0814,-0.0033,0.1344,0.0369,0.0643,-0.1843,-0.0855,-0.0023,0.0597,-0.0328,0.0212,-0.0574,-0.0669
"457,006",-4.6660,-6.0068,0.0429,-0.1007,-0.0845,-0.1965,-0.0484,0.1257,0.1259,0.1378,0.0380,-0.1105,0.0698,0.1446,0.0241,-0.0081,-0.1047,0.1255,-0.0408,-0.0391,-0.0683,0.1688,-0.0126,0.1006,-0.1261,-0.0006,0.0300,0.0085,-0.1167,-0.0033,0.2042,-0.2255
"461,044a",11.1071,-8.3464,0.0830,-0.1764,-0.0268,-0.1329,0.0871,0.0099,0.0970,0.2521,0.0059,-0.0539,0.1007,0.0396,-0.1643,0.0602,-0.0197,-0.0630,-0.1168,0.2310,-0.0587,-0.1870,-0.1235,-0.1943,0.0182,-0.0974,0.0530,-0.0166,0.1363,0.0742,-0.0997,-0.1292
"364,011",-18.8463,4.0536,-0.0651,0.0425,0.0502,0.0030,0.0597,0.0082,0.0555,0.1972,0.0137,0.1160,-0.0502,0.0935,-0.1815,-0.0994,0.0982,-0.0776,0.2276,-0.2084,-0.0567,0.0368,-0.0850,0.1923,0.0899,-0.1314,-0.1258,0.1052,0.0760,0.0935,-0.1507,-0.0866
"080,008",-34.5723,-8.0743,-0.2963,0.0830,-0.1266,0.1029,-0.0850,0.2643,-0.0403,0.5737,0.4495,0.6908,-0.5002,0.7267,1.5552,0.6970,0.2247,-0.0074,-0.0917,0.2812,0.2688,-0.0596,0.2046,-0.0701,0.0097,0.0411,0.1067,-0.0216,-0.0727,0.0549,0.0076,0.0799
"080,008a",-2.2133,54.5046,-0.1373,0.1138,-0.0144,0.0969,-0.3257,-0.8548,0.3235,-0.3981,0.1362,-0.0978,0.0950,0.4024,0.2034,-0.1775,-0.0854,0.0550,-0.0325,0.2099,-0.0898,0.0194,0.1547,-0.0387,0.1246,0.0289,-0.0088,-0.0496,0.0073,0.0984,-0.0466,-0.0226
"248,019",22.0056,-10.3383,0.1864,-0.0281,-0.0031,-0.1742,0.0618,-0.0168,-0.0410,0.0334,0.0491,0.0769,0.0709,-0.1410,-0.1033,0.1526,-0.0065,-0.0572,-0.0999,0.2246,-0.0268,-0.2190,-0.0912,-0.1291,0.1732,-0.0566,0.1402,-0.1372,0.0929,0.0858,-0.0472,-0.0704
"344,002",6.4122,39.3768,-0.1724,0.1878,0.0345,0.2147,-0.1921,-0.0343,-0.1747,-0.0830,-0.1083,0.1162,-0.0215,-0.2378,-0.1243,0.3459,0.1568,-0.1839,0.1756,-0.2423,0.2193,-0.0740,-0.1242,0.1412,-0.3831,-0.2202,-0.2195,0.0002,0.1839,0.1100,0.0472,-0.0205
"329,001",-46.9441,25.6159,-0.3210,0.1311,-0.2252,0.2846,-0.5187,0.4516,-0.0552,-0.1347,0.0630,0.0821,-0.0705,0.2637,-0.1068,-0.6714,0.3024,-0.3339,-1.0272,-0.1174,-0.0046,-0.0783,0.6138,-0.3094,0.4146,0.1253,-0.1048,0.0032,-0.0828,0.0183,-0.0227,-0.2851
"411,002",16.8761,19.8720,-0.0501,0.1359,-0.1336,0.1509,-0.2670,0.1960,-0.0054,-0.1069,0.1650,0.0504,-0.1037,-0.0905,-0.0434,-0.0077,-0.0725,0.1905,-0.1294,0.0430,-0.1075,0.1968,-0.0943,0.1657,0.0425,0.1367,0.0578,-0.1215,-0.2614,-0.2019,0.1484,0.1018
"437,007",19.4499,3.2369,0.1585,0.1570,0.1182,0.0893,-0.0338,0.0094,-0.0503,0.0076,0.0279,-0.0028,0.0167,-0.1508,-0.1208,0.1710,0.2090,-0.0201,-0.0127,0.0868,-0.0608,0.2013,-0.1042,-0.1678,0.0819,0.0550,-0.0708,0.0268,0.2375,0.1048,-0.1359,0.1625
"070,009",8.8819,41.5296,-0.0479,0.2430,0.0348,0.2408,-0.3700,-0.1302,-0.0999,-0.2691,-0.0174,0.0099,-0.0224,-0.1611,-0.2117,0.5368,0.1973,-0.3240,0.3059,-0.1719,0.2299,-0.0218,-0.1766,-0.0540,-0.3515,-0.2124,-0.2495,0.0969,0.1852,0.1931,-0.1974,-0.0055
"293,012a",31.7650,-2.4512,0.1853,-0.0222,0.0062,-0.0982,-0.1581,0.1234,0.1246,0.0469,0.0221,-0.0230,0.0779,0.1038,-0.1514,0.2601,0.1705,-0.0744,0.1748,-0.0662,-0.2047,-0.1669,-0.0406,0.0596,0.2292,-0.1669,0.3731,0.3918,0.3656,-0.2724,0.0931,-0.2095
"016,007a",-24.0382,37.6956,-0.3051,0.0698,0.0978,0.1624,0.1940,-0.0209,-0.2483,-0.2345,-0.6391,-0.0655,0.2440,-0.1220,0.2117,0.1575,0.2148,0.0147,0.0131,-0.1494,-0.0053,-0.1817,0.0028,0.1654,-0.0075,-0.1024,0.0507,0.0471,-0.0710,0.1101,0.0325,0.2408
"234,005",-21.1857,24.9842,-0.3182,0.1142,0.0597,0.1351,0.0924,-0.1502,-0.1238,0.2619,0.1504,0.3981,-0.1544,0.2109,0.4258,0.1185,-0.0404,0.1232,-0.0394,-0.2598,0.0311,-0.0899,-0.1044,-0.0705,0.0850,0.0002,-0.0969,0.1057,0.1203,0.0203,0.0749,-0.0597
"225,003",54.3511,6.9954,1.5047,0.8076,1.1564,0.7399,0.3933,0.3895,0.0951,-0.1719,-0.0114,0.2543,0.2498,0.5536,0.1509,-0.5133,-0.0836,-0.1702,0.0464,0.0729,0.2510,0.0966,-0.0475,0.1180,-0.1668,-0.1894,-0.1638,-0.0117,-0.0964,0.1095,0.0927,-0.0484
"293,021",18.3631,-2.4146,0.2062,-0.0316,0.0513,-0.0566,-0.0953,0.0835,0.1606,0.1203,-0.0482,-0.0311,0.0728,0.1513,-0.0568,0.3543,0.2526,0.2319,0.0847,-0.4045,-0.3888,-0.2105,0.0531,0.3370,0.5161,-0.5058,0.3521,0.0189,-0.3812,0.0567,0.3193,0.0221
"293,011",18.1653,-4.6672,0.1236,-0.0848,0.0747,-0.1340,0.0048,-0.0571,0.1114,0.0899,-0.1301,-0.0470,0.1557,0.1321,-0.0525,0.2736,0.1254,0.0651,-0.0531,-0.3398,-0.2448,-0.1905,0.1226,0.2452,0.5729,-0.5837,0.1598,-0.0827,-0.2717,0.1442,0.2167,0.1122
"293,013",-12.5034,27.2498,-0.1917,0.0653,0.0223,0.0968,0.0527,-0.0382,0.0398,0.1134,-0.0227,0.1363,0.0279,0.0366,-0.1058,0.0350,-0.0935,0.1434,0.0347,-0.3886,0.1561,-0.0670,-0.3726,0.0891,-0.0118,0.0359,-0.1919,-0.0588,-0.0520,0.0502,-0.1641,0.0866
"070,010",7.5168,39.1275,-0.1049,0.1765,-0.0187,0.1995,-0.2834,-0.0049,-0.0822,-0.1762,-0.0679,0.0229,-0.0097,-0.1635,-0.1262,0.3887,0.1860,-0.2551,0.1623,-0.1380,0.2071,0.0201,-0.1353,0.0606,-0.2805,-0.1327,-0.1752,0.0229,0.0838,0.0986,-0.0861,0.0279
"063,003",-20.4428,-6.6176,-0.0045,-0.0632,0.0043,-0.2158,-0.0417,0.0692,0.0633,0.0933,-0.0979,0.2116,0.1361,0.2223,-0.2515,-0.1472,0.2386,0.0865,0.2408,-0.2089,0.1692,-0.1018,-0.0306,0.3989,0.1013,-0.0539,-0.0244,0.2562,0.2618,0.3693,0.2254,-0.0200
"323,007",-11.9917,39.1620,-0.0724,0.0011,-0.0467,-0.0107,-0.0737,0.0171,0.1419,0.1543,-0.0072,0.0438,0.0192,0.2181,0.0762,0.1973,-0.1744,0.2563,-0.2379,-0.2617,0.3019,-0.0123,-0.1866,-0.0122,0.0144,-0.0272,-0.0045,-0.0285,-0.0826,0.0206,0.0515,-0.0370
"243,005",4.2068,17.5290,0.0021,0.0394,0.0387,-0.0284,-0.0583,0.0373,0.0154,-0.1042,-0.0923,0.1403,-0.2655,-0.1595,-0.0734,0.0412,-0.1161,0.0691,0.0637,0.0113,0.0915,0.0746,0.2952,0.1482,0.0895,0.0137,0.0052,0.3274,0.0129,-0.1212,0.0924,0.0957
"030,010",-0.1628,61.6748,-0.1169,0.1726,0.1217,0.1475,-0.3511,-1.3954,0.4050,-0.5912,0.1211,-0.0979,0.1401,0.4328,0.1080,0.1113,-0.0003,0.0994,-0.0967,0.1460,-0.0391,-0.0061,0.0792,0.0129,0.0935,0.0796,-0.0060,-0.0016,0.0542,0.1339,-0.0121,-0.0493
"066,001",-10.0149,-8.9779,0.0324,-0.1105,-0.0862,-0.0811,-0.1148,0.1596,0.1499,0.1703,-0.0634,-0.1178,0.1119,0.1618,-0.0389,-0.0323,-0.0432,0.0579,0.0764,-0.0016,-0.1374,0.0978,0.0023,0.1729,-0.0036,-0.2531,0.0250,0.1816,0.1141,0.0137,0.0699,-0.2469
"080,007",36.0743,10.9911,0.5757,0.2596,0.3588,0.2344,0.0518,-0.0233,0.1645,-0.0023,-0.1524,-0.0181,0.2281,0.3110,0.1091,-0.1519,0.0139,0.0707,0.0705,-0.0071,-0.0650,-0.0196,0.0160,-0.0006,0.0353,0.0148,0.0547,0.0403,-0.0293,-0.0087,0.1314,0.0282
"323,008",-17.8884,-30.7854,0.1208,-0.0371,-0.2503,0.0123,-0.1445,0.2451,0.1094,-0.0013,-0.1001,-0.2093,0.0843,-0.0778,0.1360,0.0762,-0.5291,0.5001,0.2055,0.2903,-0.3742,0.0691,0.1567,-0.1865,-0.2316,0.0726,-0.2840,-0.1684,-0.1539,0.5989,-0.4649,-0.1202
"323,009",36.9859,11.1433,0.6453,0.2732,0.4225,0.2238,0.0941,0.1625,0.1424,0.0069,-0.0297,0.0557,0.2034,0.3231,0.0383,-0.1544,0.0361,0.0549,0.0495,-0.1124,-0.1106,0.0364,0.0872,0.0171,-0.0142,-0.0646,0.0582,0.0905,-0.0206,0.0020,0.1877,0.0048
"070,011",18.6565,10.7535,0.1369,0.0589,-0.0996,0.0107,-0.1930,0.1916,0.1119,0.0418,0.1234,-0.0942,0.0026,-0.0030,0.0382,0.1674,-0.0600,0.1499,-0.0734,-0.0650,-0.2096,0.1007,0.0384,0.0675,0.0752,0.1423,0.1230,-0.1281,-0.1784,-0.1427,0.0693,0.0276
"243,006",-29.0498,32.6499,0.0899,-0.0031,0.0027,0.0939,-0.0894,-0.0532,0.0225,0.1411,-0.6183,-0.1867,0.4147,0.1341,0.2937,-0.1299,-0.0149,0.1093,0.0008,0.1839,-0.0749,-0.0953,-0.1088,-0.0709,0.1157,0.1756,0.1468,-0.0598,-0.0165,-0.0141,0.1411,0.1818
"401,004",-33.9008,42.4869,-0.2314,0.0976,0.1094,0.2417,-0.0625,-0.1355,-0.4264,0.0659,-1.0889,-0.0733,0.5328,-0.2276,0.4022,-0.0837,0.1619,0.1289,-0.1398,0.1941,-0.0519,-0.1808,0.0377,0.0816,0.0157,0.1575,0.0955,-0.0586,-0.0418,-0.1487,0.1313,0.2673
"124,005",21.6649,0.0432,0.1584,0.0211,0.0657,-0.0215,-0.0144,-0.0220,0.1045,0.1540,-0.0472,-0.0467,0.0316,0.1015,-0.0758,0.3172,0.1590,0.1570,-0.0332,-0.3064,-0.1797,-0.1432,-0.0416,0.1938,0.2162,-0.1417,0.3241,0.0444,-0.2437,0.0503,0.2074,-0.0424
"262,001",-25.4867,-22.6824,0.0826,0.0389,-0.1865,0.0164,-0.2280,0.1279,-0.0283,-0.0439,0.0652,-0.1341,-0.0529,-0.0364,0.0302,-0.1611,-0.1137,0.2299,0.5851,0.1360,-0.0058,-0.3891,0.2464,-0.3383,0.1401,0.0687,-0.0604,-0.0328,0.3064,0.0406,0.1657,0.2313
"030,009",12.6878,9.8713,0.0276,0.0929,-0.0300,0.0598,-0.0973,0.0894,-0.0315,-0.0062,0.1021,0.0366,-0.0383,-0.0833,0.0127,0.0452,0.0070,0.1277,0.0005,0.0722,-0.0726,0.0094,-0.0032,-0.0670,0.0389,0.0688,0.0191,-0.0879,-0.0514,-0.0692,0.0181,-0.0106
"132,005",27.2321,8.1680,0.3899,0.1659,0.1277,0.0673,-0.0369,0.0825,0.0021,-0.0476,0.0755,-0.1513,-0.0655,-0.0924,0.0646,0.0554,-0.0481,0.1144,0.0690,-0.0061,-0.0895,0.0770,0.0910,0.0107,0.1144,0.1518,0.1454,0.0517,-0.0690,-0.0617,-0.0355,0.0335
"461,038",10.7892,26.0739,-0.2085,0.0887,0.0758,0.0903,0.1283,-0.0762,-0.1964,-0.1494,-0.0755,0.0472,-0.1151,-0.2687,0.0356,-0.0723,-0.2640,0.2062,0.1146,0.2338,0.1917,0.3378,0.3056,0.1628,0.0827,-0.1558,0.0138,0.3253,-0.1933,-0.0866,0.1348,-0.2737
"457,I",4.0235,23.1380,-0.1656,0.0748,-0.0504,0.0731,-0.0587,0.1185,-0.0058,-0.0184,0.0750,0.0819,-0.1180,-0.2137,-0.1062,-0.0357,-0.3127,0.2295,-0.0344,-0.0263,0.3146,0.4146,0.1651,0.0085,-0.1361,-0.1942,0.1812,0.1869,-0.4026,-0.2561,-0.0582,0.1877
"461,035a",10.6569,15.1963,-0.0651,0.0562,-0.0810,0.0595,-0.1497,0.1396,0.0528,0.0126,0.0643,-0.0260,-0.0286,-0.0361,-0.0691,0.1390,-0.0270,-0.0494,0.0216,-0.0247,-0.0331,0.1903,-0.1250,0.2422,-0.0511,0.0625,0.0461,-0.0895,-0.1660,-0.0620,0.0503,-0.0182
"364,009",3.6122,14.7069,0.0521,0.0042,-0.0144,-0.0242,-0.0130,0.0837,-0.0367,0.0137,-0.0237,0.0604,-0.0801,-0.0915,-0.0209,-0.0573,-0.0984,0.1213,0.0925,0.1704,0.1462,0.2260,0.0115,0.0237,0.1057,-0.1423,0.0575,0.1235,-0.1579,-0.2233,-0.0305,-0.1767
"282,001d",-4.4804,-5.9666,0.0305,-0.0582,0.0073,-0.1617,0.0697,0.0234,-0.0265,0.1352,0.0853,-0.1885,-0.0039,0.1163,-0.0430,0.0472,0.0659,-0.0264,0.0843,-0.1251,-0.0895,-0.0123,0.0270,0.0779,-0.0292,0.0635,0.1023,0.1681,0.0813,-0.1072,0.1746,-0.1737
"315,002",-33.5747,-10.2061,-0.4028,0.0819,-0.0917,0.1122,0.0191,0.2553,-0.0985,0.9733,0.6323,1.0872,-0.7392,1.1111,2.4701,1.2302,0.4103,-0.0196,-0.0865,0.3856,0.4463,-0.1365,0.3072,-0.1556,-0.0452,0.0301,0.0963,-0.0418,-0.0630,0.1976,-0.0508,0.1453
"167,012",23.5185,24.2840,-0.1201,0.1063,0.0330,0.1108,0.0487,-0.1102,-0.0988,0.0410,-0.0139,0.1816,-0.1958,-0.1768,0.0074,0.0223,0.0903,0.0060,-0.1273,-0.3854,-0.1587,0.0781,0.2700,-0.1270,-0.2212,0.0151,0.0265,0.1029,0.1062,0.3531,-0.0931,0.5031
"202,002",-38.9588,27.1107,-0.3089,0.1246,-0.0846,0.2537,-0.2915,0.2159,-0.1692,-0.0325,-0.1491,0.0753,0.0599,0.0885,0.0105,-0.4997,0.2195,-0.2094,-0.6966,-0.1523,-0.0898,0.0033,0.3444,-0.2492,0.2781,0.1200,-0.0824,0.0047,-0.0452,0.0095,-0.0792,-0.2277
"370,003",5.1930,5.1595,-0.0196,0.0360,0.0078,0.0125,0.0687,0.0016,-0.0189,0.0498,0.0498,0.0232,0.0212,-0.0843,-0.0792,0.0095,0.0057,-0.0395,-0.0308,0.0883,-0.0004,-0.0752,0.0065,-0.1016,-0.0021,0.0097,0.0562,-0.0125,-0.0189,0.0200,0.0339,0.0418
"155,005",-10.8909,16.3923,-0.0360,0.0751,0.1102,0.0662,0.1193,-0.0311,-0.0417,0.1020,0.1452,0.0847,-0.0107,-0.0525,-0.1991,-0.0687,0.0980,-0.0543,-0.0347,0.0634,0.0081,-0.0373,0.0275,-0.1361,-0.0726,0.0010,-0.0056,0.0432,0.1084,0.0997,-0.0636,0.0857
"124,006",53.0359,9.0159,1.3906,0.7788,1.0872,0.7027,0.3697,0.3268,0.0303,-0.1795,0.0787,0.2179,0.2631,0.4225,0.1690,-0.4368,-0.0915,-0.0974,-0.0035,0.1103,0.2135,0.0554,-0.0676,0.0354,-0.1643,-0.1052,-0.1199,-0.0415,-0.0170,0.0623,0.0444,-0.0553
"234,004",-23.5709,26.8304,-0.3203,0.1065,0.0244,0.1706,0.0532,-0.0387,-0.1993,0.1735,-0.2011,0.2120,0.1418,-0.0956,0.0771,-0.2988,-0.0678,0.0510,0.1728,-0.0910,-0.1193,-0.2226,-0.2920,0.1189,0.1743,0.2499,-0.1807,-0.0258,0.1584,-0.0010,0.0640,0.2587
"246,007",10.5019,-10.3132,0.1288,-0.0239,0.0346,-0.2493,-0.0214,-0.1214,0.0641,-0.0276,0.0916,0.0510,0.0035,-0.1485,0.0268,-0.0032,-0.0129,-0.1062,-0.1752,-0.0226,-0.0311,0.0405,0.1195,0.1465,-0.0355,0.1657,-0.1041,-0.1664,0.0441,0.0526,-0.0844,0.0754
"366,003",-21.8148,36.6527,-0.2611,0.1121,0.1117,0.1738,0.0055,-0.1301,-0.5975,0.0299,-0.4591,-0.0992,0.1418,-0.0874,0.1716,-0.0684,0.0652,0.0936,-0.0760,-0.0121,-0.0522,-0.0743,-0.0343,0.0620,-0.0404,0.0129,-0.0767,0.0342,0.0095,-0.0588,0.1120,-0.0436
"437,008a",-1.6522,3.5784,0.0266,-0.0763,-0.0340,-0.2621,0.0375,0.1006,0.0124,-0.1227,-0.0266,0.1133,0.1125,0.0547,0.0141,-0.0918,-0.1428,0.0856,0.0740,-0.0846,0.0287,-0.0708,0.0794,0.0095,-0.0563,0.0475,0.0919,0.0825,0.0919,0.0330,0.2021,0.1477
"124,004",-22.5096,-16.5491,0.0093,-0.0513,-0.1067,-0.0249,-0.1059,0.1067,0.1069,0.1211,-0.0256,-0.0531,-0.1558,0.1032,0.0567,-0.2505,-0.2181,-0.0122,0.3323,-0.0790,0.0224,-0.3738,0.1187,-0.0194,0.0662,-0.0105,0.0313,0.3074,0.5116,-0.1060,0.5245,0.0761
"132,004",-30.3793,40.4872,-0.2402,0.1404,0.0834,0.2725,-0.1243,-0.0796,-0.4729,-0.0253,-0.8979,-0.0420,0.4726,-0.2135,0.3152,-0.0365,0.1726,-0.0084,-0.1328,0.1782,-0.0240,-0.1879,-0.0252,-0.0046,-0.0585,0.0229,0.0142,-0.1243,-0.0263,-0.1031,0.1321,-0.0962
"330,002",24.9108,26.3851,-0.1632,0.1330,0.0697,0.1323,0.0406,-0.1138,-0.1405,-0.0474,-0.0764,0.3181,-0.3242,-0.2950,-0.0907,0.0419,0.0704,0.0007,-0.2749,-0.5323,-0.2002,0.2061,0.4523,-0.2136,-0.3352,-0.1154,-0.0234,0.0664,0.0621,0.5627,-0.0120,0.7454
"330,001",30.3737,10.9398,0.4643,0.1519,0.2343,0.1505,0.1668,0.0283,0.0411,0.0258,-0.2281,0.1146,-0.1246,0.0696,-0.0324,-0.1415,-0.0494,-0.0029,0.0108,0.2813,0.1716,0.1229,0.0109,0.0331,0.0961,-0.0963,-0.0051,0.0449,-0.0504,-0.0754,-0.0868,-0.1394
"381,001",22.6087,5.4481,0.0785,0.0038,0.0714,-0.0579,0.1284,-0.0846,0.0766,0.1426,0.1107,-0.0333,0.0011,-0.1028,-0.0770,0.1020,-0.0467,-0.0227,-0.2313,0.0055,-0.1368,-0.0255,0.1014,0.0083,-0.0827,0.1777,0.0270,-0.1239,0.1690,0.2749,-0.0166,0.0235
"074,003",-14.0390,-9.5105,-0.0100,-0.2913,0.0573,-0.0213,0.1380,0.0648,0.0766,-0.0525,-0.1246,-0.0526,-0.0766,0.1169,-0.0325,0.0068,-0.1012,0.0438,0.0698,-0.0804,0.0648,-0.1902,0.0659,0.0401,0.0913,-0.0814,0.0495,0.1666,0.2124,-0.0635,0.1602,0.0359
"242,024",8.5429,14.9466,0.0611,0.0297,-0.2747,0.0849,-0.2929,0.2128,0.0677,-0.0777,0.0477,-0.0913,-0.0112,0.0871,0.0576,0.0539,-0.0616,-0.0445,0.0338,0.0455,-0.0009,-0.0590,-0.0874,0.0180,-0.0401,-0.0014,0.0358,-0.0491,-0.0348,-0.0031,0.0222,-0.0399
"063,004",4.1477,34.6067,-0.1326,0.1458,0.0393,0.1684,-0.1227,-0.0240,-0.0893,-0.0633,-0.0617,0.0702,0.0309,-0.1500,-0.1396,0.2200,0.1855,-0.1328,0.0843,-0.1298,0.1569,-0.0327,0.0228,0.0255,-0.2208,-0.1322,-0.1054,-0.0605,0.0734,0.0475,-0.0836,-0.0355
"039,001a",-26.6120,-1.4262,-0.0436,-0.0107,-0.2064,0.0592,-0.1293,0.2589,0.1303,0.0143,0.0273,-0.0908,0.0748,0.1983,-0.0727,-0.1377,0.3049,0.3403,-0.2644,0.4678,-0.2835,0.3095,-0.4087,-0.0558,-0.0628,-0.3951,0.2304,0.3122,0.2982,0.0934,-0.3775,-0.0519
"461,048",10.0138,-16.7015,0.0451,-0.1471,0.0119,-0.1642,0.0805,-0.0632,0.1605,0.2599,0.0669,-0.2323,0.1020,0.0300,0.0068,-0.0574,-0.0401,-0.1769,-0.0326,0.1030,-0.1120,0.0128,0.1591,-0.2320,-0.2641,-0.1704,-0.4226,0.2181,-0.1311,-0.2400,-0.2155,0.1244
"330,003",-12.1250,26.8244,-0.1942,0.0781,0.0625,0.0632,0.1491,-0.0892,-0.1043,0.1334,0.2022,0.2427,-0.0790,-0.1808,-0.1054,-0.0331,-0.0811,-0.0157,-0.0493,0.1042,-0.1309,-0.0482,-0.2269,-0.2296,-0.0384,-0.0901,0.0433,-0.0927,0.0154,-0.0452,0.2170,-0.2715
"194,003",-5.0925,25.2098,-0.1765,0.0234,0.0655,0.0278,0.1213,-0.0974,-0.0686,-0.0052,0.0409,0.0665,-0.0118,-0.1218,-0.0859,0.0163,-0.0674,-0.0493,0.0111,-0.0414,0.0619,0.1015,0.1314,0.0178,-0.1171,-0.1223,-0.0902,-0.0313,0.0510,-0.0097,0.0493,-0.1160
"167,011",24.1394,20.4967,-0.0482,0.1203,-0.0283,0.1251,-0.1510,0.1208,0.0094,-0.0812,0.0362,0.0268,-0.1236,-0.2363,-0.0563,0.1557,-0.1129,0.1081,-0.2072,-0.3007,-0.0879,0.1373,0.2057,0.1217,-0.4299,0.1789,-0.1086,-0.0958,-0.1011,0.4057,0.0156,0.3371
"202,001",-13.1106,24.7690,-0.1466,0.0498,0.0198,-0.0236,0.0250,-0.0594,-0.0637,0.0729,0.1139,0.2068,0.0202,-0.1078,0.0054,-0.1027,-0.0389,0.0074,-0.0846,0.0194,-0.1205,-0.0329,-0.0927,-0.0923,0.0227,0.0733,0.0137,-0.0629,-0.0473,-0.0902,0.0836,-0.0567
"132,004a",-28.9731,40.8323,-0.2377,0.1278,0.1339,0.2384,-0.0207,-0.1527,-0.4784,-0.0091,-0.9385,0.0250,0.3513,-0.4302,0.3253,0.0272,0.1468,0.1622,-0.1125,0.2388,-0.0100,-0.0738,0.1279,0.1030,-0.0054,0.0213,0.0701,-0.0604,-0.0680,-0.2280,0.2384,0.1601
"097,001",-9.9424,7.6682,-0.1511,-0.0084,-0.0163,-0.0191,0.0085,0.0552,0.0668,0.1571,0.0412,0.0441,0.0077,0.0685,-0.0792,-0.0873,0.0683,-0.2148,0.0682,-0.0273,0.1028,0.1626,0.2141,0.1784,0.0036,-0.1858,0.0840,0.1032,0.1188,-0.0736,-0.1121,-0.0435
"233,002",11.4993,-5.6323,-0.0498,-0.0983,-0.0218,-0.1382,0.0641,0.0876,0.2091,0.2878,0.0097,-0.0908,0.1531,0.2266,-0.0922,0.0488,0.0412,-0.1729,0.1085,-0.4171,-0.3623,0.0776,0.0214,0.4251,0.2167,-0.6574,0.1041,-0.0704,-0.0919,0.1433,0.0794,-0.1811
"392,008",-2.5858,50.0693,-0.0962,0.0651,0.0594,0.0421,-0.1259,-0.8105,0.3255,-0.1741,0.1171,-0.0838,0.1569,0.3079,0.0171,0.0197,-0.0979,0.0602,-0.1306,0.1434,-0.1010,-0.0086,-0.1037,-0.0509,-0.0844,0.0910,0.0894,0.0756,-0.3761,-0.0069,0.1232,-0.0043
"406,015a",-11.7032,28.7149,-0.2112,0.1120,-0.0107,0.1447,-0.0815,-0.0500,-0.0203,-0.0009,0.0322,0.1497,-0.0167,-0.0324,-0.0181,-0.0654,-0.1455,0.1108,0.0294,-0.2749,0.0694,-0.0024,-0.2772,-0.0083,-0.0419,0.0325,-0.2160,-0.1099,-0.0279,-0.1141,-0.1462,0.1042
"335,011",2.1861,-5.6971,-0.0163,0.0448,0.0254,-0.0215,-0.0778,-0.0398,0.0224,0.1088,0.0067,-0.0772,0.0554,0.0064,-0.0741,0.0266,0.1577,-0.1854,0.0777,-0.1474,0.0333,0.0511,0.2007,0.0628,0.1416,0.1156,-0.0033,-0.0666,0.0700,-0.1656,-0.1612,-0.0139
"032,001",7.4685,-23.4721,0.1585,0.0069,0.0098,-0.0982,-0.0974,0.0446,0.0501,0.0638,0.1033,-0.0460,0.0104,-0.1090,0.0863,0.2698,-0.0040,-0.0799,-0.0057,0.1339,-0.0209,0.2461,0.0750,0.0779,0.2742,0.1730,-0.0230,-0.2879,-0.0919,-0.3533,-0.1857,0.1416
"364,013",-4.2719,38.7168,-0.1263,-0.0909,0.0515,-0.0947,0.1212,-0.3669,0.1897,0.2410,0.2725,0.0827,0.2224,0.1326,-0.3036,-0.0994,-0.0072,-0.5196,-0.0907,0.6739,-0.1653,-0.7644,-0.8645,-0.2249,-0.5002,0.2515,0.3488,0.7524,-1.6408,-0.1407,0.8467,0.1170
"244,001a",3.6447,-1.1186,0.0098,-0.0325,0.0203,-0.0824,0.0616,-0.0375,-0.0309,0.1022,0.0688,-0.0357,-0.0161,-0.0707,-0.0761,-0.0227,-0.0610,-0.0693,0.0473,0.0353,-0.0193,-0.0433,0.0707,-0.1119,0.0273,0.0094,0.0469,0.1178,0.2703,-0.0018,0.0966,0.0486
"183,002",2.3585,9.2353,-0.0401,0.0292,0.0107,0.0021,0.0275,0.0121,0.0254,0.0397,0.0462,0.0085,0.0131,-0.0648,-0.1013,0.0785,-0.0185,0.0252,0.0928,0.0268,-0.0438,0.0866,0.0304,-0.1041,-0.0306,-0.0584,-0.0045,0.0690,0.0303,0.0429,-0.0502,0.0116
"441,001=051,001",28.8585,0.5574,0.2353,-0.0376,0.0195,-0.2443,-0.1759,0.1007,-0.0718,-0.0828,0.0101,0.1112,0.0970,-0.0003,-0.0357,0.0846,0.1319,0.1101,-0.1188,-0.1912,-0.3041,-0.0640,0.2457,-0.1522,0.3782,0.2341,0.2369,0.1263,0.0101,-0.0292,0.1687,0.0407
"286,001=070,014",7.7904,27.0437,-0.0601,0.1120,0.0655,0.0726,-0.0406,-0.0421,-0.1649,-0.0071,-0.0795,0.0913,-0.0559,-0.3546,0.0662,0.2148,0.0515,-0.0626,0.1041,0.2090,0.1976,0.0192,-0.0490,-0.0337,-0.0690,-0.2296,0.0305,0.1000,0.0058,-0.1219,-0.0233,-0.3115
"210,006",7.5021,-5.2121,0.0746,-0.0922,-0.0344,0.0124,-0.1395,0.1028,0.1332,0.1091,-0.0421,-0.1288,0.0835,0.1417,-0.0981,0.1519,0.0361,-0.0196,0.2264,-0.0761,-0.1398,-0.0858,-0.0315,0.0887,0.2337,-0.4855,0.0760,0.0143,-0.2170,0.1276,-0.1343,-0.0850
"217,001b",-28.6864,-6.9656,-0.0774,-0.0506,0.0211,-0.1599,0.1803,-0.0079,0.1493,0.3041,0.0877,0.0277,0.0992,-0.0224,-0.2131,-0.0739,0.0100,-0.4330,0.1022,0.1262,0.2646,-0.3361,-0.1383,0.5611,0.1526,0.2355,-0.1059,-0.1638,0.1639,0.4815,-0.0649,-0.0170
"082,028",10.0877,6.6895,0.1383,-0.0786,-0.0940,-0.2658,-0.0590,0.1150,0.0443,-0.0274,0.0980,0.0089,-0.0005,-0.0850,0.2420,-0.0164,-0.1246,0.1433,-0.1047,-0.0359,-0.0726,0.0848,0.0678,-0.0549,-0.2007,0.0885,-0.0524,-0.0762,-0.0902,0.1184,0.1086,-0.0732
"082,027",6.9039,-14.4250,0.1442,-0.0162,0.0451,-0.1125,-0.0043,-0.0365,0.0992,0.1809,-0.0861,-0.1686,0.0626,-0.1989,0.1043,0.0349,0.0743,-0.0741,-0.1086,-0.0058,-0.0007,0.0433,0.0655,0.0595,-0.0069,0.0747,-0.1205,-0.0112,0.0382,-0.0966,0.0056,0.0764
"437,010=076,002",10.3628,-19.7146,0.1581,0.0645,0.0734,-0.0324,0.0270,0.0516,0.1530,0.0614,-0.0188,-0.2288,-0.0083,-0.0811,0.0843,0.0419,0.0915,-0.4282,0.2114,-0.0638,0.0781,0.7015,-0.1639,-0.2546,0.3158,0.2271,0.0313,-0.2294,-0.1413,0.0733,0.2677,0.1066
"082,029",-13.9493,42.5978,-0.0241,-0.0219,-0.0404,-0.0432,-0.0341,0.0297,0.1448,0.1272,-0.0989,-0.1132,0.1190,0.0889,-0.0891,0.2484,-0.2749,0.2441,-0.2109,-0.3190,0.5212,0.0665,-0.1419,-0.0675,0.0158,-0.1310,-0.1558,-0.0444,-0.0460,-0.1121,0.1424,-0.1197
"364,014",-4.9657,-0.6310,-0.0673,-0.0119,-0.1247,-0.0005,-0.1054,0.1915,0.1310,0.1265,0.0810,0.0045,-0.0215,0.2353,0.1591,0.0577,-0.0700,0.1235,-0.0940,0.0022,-0.0825,0.1377,-0.0629,0.1248,-0.0127,-0.0429,0.1163,-0.0525,-0.1453,-0.0439,0.1129,-0.1399
"246,010",11.9989,-6.1065,0.1146,-0.0255,-0.0428,-0.0782,0.0155,-0.0065,0.1354,0.1260,0.1219,-0.0828,0.0862,-0.0150,-0.1330,0.1268,-0.0104,-0.0085,-0.1983,0.2731,-0.1557,-0.1581,-0.2636,0.0044,-0.1541,0.0265,0.1442,-0.0629,0.2070,0.1882,0.0283,0.0696
"082,030",4.4726,-10.9507,0.1035,-0.0561,-0.1109,-0.1204,-0.0680,0.0528,0.1254,0.1343,0.0594,-0.1947,0.0331,-0.0913,0.0383,-0.0325,-0.0858,-0.0037,-0.0574,0.0745,0.0602,0.0141,-0.0532,-0.0322,0.0436,0.0321,-0.1513,-0.0450,-0.0029,-0.1442,0.0575,-0.0249
"132,006",20.1674,-1.8585,0.1577,0.2132,0.2074,0.1455,0.0283,-0.0520,-0.2981,0.0185,-0.0240,0.0736,0.0182,-0.3931,-0.1039,0.4188,0.0634,0.0809,0.0025,-0.0455,-0.3922,-0.2380,0.1764,-0.1275,0.5270,-0.9313,-0.1155,-0.3680,-0.3981,0.0732,0.2780,-0.0434
"372,004",-28.5019,9.8173,-0.2121,0.0142,0.0636,-0.0273,0.3414,-0.0130,0.0779,-0.0089,0.0550,0.0425,-0.0562,-0.0427,-0.1495,-0.0873,-0.1236,-0.1222,0.0876,0.0055,0.0742,-0.1027,0.1225,0.1956,-0.0395,0.1670,0.1643,0.0424,-0.0050,0.3195,-0.0544,0.1212
"010,I",-4.8377,6.2890,-0.0591,-0.0515,0.0149,-0.0345,0.0686,-0.0069,0.0205,0.0572,-0.0278,0.0008,0.0190,0.0146,-0.0094,-0.0241,-0.0009,-0.0064,0.0004,-0.0010,0.0190,0.0209,0.0427,0.0060,-0.0039,-0.0327,0.0292,0.0366,-0.0233,-0.0017,0.0085,-0.0125
"047,004",-28.0215,39.8520,-0.1769,0.1191,0.1387,0.2437,-0.0255,-0.0899,-0.4193,-0.0233,-0.8028,0.0041,0.3417,-0.4106,0.2914,0.0292,0.1418,0.1079,-0.1595,0.2350,-0.0120,-0.1036,0.1100,0.0375,-0.0243,0.0133,0.0272,-0.1041,-0.0250,-0.2080,0.1774,0.0722
"461,055",6.5426,-18.2059,0.0376,-0.1626,-0.0044,-0.2197,0.1083,-0.0539,0.2648,0.4000,-0.0108,-0.2365,0.2313,0.1405,-0.1172,0.0872,0.0216,-0.3483,-0.1982,0.1837,-0.0532,-0.0518,0.1148,0.0924,-0.2390,-0.0741,-0.6253,0.1333,-0.0702,-0.3389,0.0748,0.1616
"236,001",-0.5910,32.3343,-0.2655,0.1634,0.0833,0.1892,0.0326,-0.1974,-0.0934,-0.0815,0.0189,0.1890,-0.0419,-0.0910,-0.0024,0.1688,0.0136,-0.0605,0.0985,-0.2309,0.0027,0.0102,-0.0551,0.0877,-0.2383,-0.1093,-0.2112,0.0611,0.0989,0.1547,-0.0043,-0.0691
"082,031",7.9521,-12.2123,0.0936,-0.0732,-0.0330,-0.1815,-0.0033,0.0027,0.1411,0.1771,0.0592,-0.1441,0.0292,-0.1440,-0.0278,-0.0712,0.0452,-0.1277,-0.3080,0.0033,-0.0074,-0.0422,0.0884,-0.0598,-0.0294,0.0838,-0.2135,-0.0399,0.0818,0.0491,-0.0359,0.0347
"172,001",-7.1950,15.8210,-0.0579,0.0999,0.0399,0.0599,0.0246,-0.1024,0.0257,0.0727,0.1472,0.0942,-0.0294,-0.0633,-0.0539,-0.0327,-0.0862,0.0376,0.0586,-0.0306,-0.1049,0.0494,-0.0575,0.1032,0.1126,0.2263,0.0241,0.0579,-0.1335,0.0857,-0.0117,0.0623
"238,001=106,011",-11.2539,1.6872,-0.0789,-0.0558,-0.0204,-0.0620,0.0941,-0.0047,0.1505,0.2188,-0.0365,-0.1127,0.0483,0.1327,0.0059,-0.0214,-0.1100,-0.1268,-0.0365,-0.1124,0.1458,0.0085,0.0367,-0.0162,-0.0314,-0.1273,0.1288,-0.0519,-0.0859,0.0388,-0.2972,-0.1627
"106,012",3.9615,23.9976,-0.2702,0.0688,0.0587,0.1115,0.0909,-0.0342,-0.1977,0.0415,-0.3621,0.0698,0.1457,-0.1572,0.0469,-0.1114,-0.1543,0.3161,-0.0230,0.0130,0.3697,0.1202,0.0985,0.1296,0.2038,0.0132,0.1201,0.3914,-0.0955,-0.1356,0.0562,0.0735
"366,006",2.0713,-28.7414,0.0086,-0.0184,0.0358,-0.1262,0.0131,-0.0309,0.0448,0.1005,0.0478,0.0027,0.0067,-0.0698,-0.0595,0.0433,-0.0018,-0.2362,0.0889,0.0380,0.1490,0.1175,0.1476,0.4259,0.2347,0.0671,-0.1617,-0.1703,0.0985,-0.2357,-0.1703,0.0958
"242,057",-41.0394,28.1841,-0.2677,0.2061,-0.3079,0.3671,-0.7505,0.4914,-0.0294,-0.3561,0.0700,0.0233,-0.0983,0.2478,-0.1666,-0.3354,0.2679,-0.4540,-0.6764,-0.0691,0.0890,-0.1708,0.2316,-0.1170,0.1975,0.0304,-0.0149,0.0176,-0.0677,-0.0084,-0.1042,-0.1278
"029,016",31.4322,11.7217,0.1984,0.2531,0.2733,0.2221,0.0922,0.0682,-0.0211,0.0181,0.1183,0.2049,0.0055,0.0462,-0.0964,-0.2168,0.0094,-0.0349,-0.0081,-0.1327,-0.0598,-0.0285,-0.0777,-0.0206,0.0217,0.0359,-0.0830,0.0041,0.1412,-0.0420,-0.0313,0.0569
"242,058",19.2526,40.7614,-0.0579,0.1593,-0.3343,0.2476,-0.6924,0.4236,0.0799,-0.3515,0.0660,-0.1546,-0.0692,0.1771,-0.0503,0.2254,0.0006,-0.4639,0.2253,0.0010,0.1071,0.2171,-0.3710,-0.0949,0.1236,0.1076,0.1225,-0.1366,-0.1680,-0.0592,0.2639,0.0950
"242,059",16.6593,39.5408,-0.0081,0.1324,-0.2098,0.1615,-0.4570,0.2411,0.0017,-0.2039,0.0781,-0.0141,-0.0968,-0.0055,-0.0989,0.2121,-0.0186,-0.2105,0.2091,0.0316,0.0761,-0.1581,-0.2380,0.1117,-0.0567,-0.0635,0.0885,-0.0761,-0.0458,-0.0739,0.0874,0.0348
"070,037",-27.5516,42.1003,-0.2106,0.1325,0.0339,0.2662,-0.2791,-0.0528,-0.3282,-0.0771,-0.8083,-0.0023,0.3958,-0.1868,0.2360,0.1839,0.1963,-0.0665,0.0937,-0.0606,0.1173,-0.2590,-0.1784,0.2831,-0.1777,0.0821,-0.0945,0.0145,0.0783,0.0246,0.0395,0.3320
"070,038",1.6413,27.0181,-0.0845,0.0717,-0.0172,0.0718,-0.0976,0.0234,-0.0327,-0.0192,0.0782,0.0795,-0.0390,-0.1002,-0.2164,0.1371,0.0522,-0.1973,0.0856,0.0446,0.1180,-0.1345,-0.1949,-0.0315,-0.1484,-0.1370,0.0472,0.0615,0.0525,0.1378,-0.0951,0.0067
"070,039",7.5050,37.0194,-0.0351,0.1690,0.0149,0.1518,-0.2280,-0.0442,-0.0763,-0.1111,0.0090,0.0051,-0.0273,-0.1391,-0.1557,0.3216,0.2093,-0.1671,0.2748,-0.0553,0.1642,-0.0957,-0.1267,0.0345,-0.1969,-0.0825,-0.0861,-0.0212,0.0561,0.1212,-0.1112,-0.0385
"070,040",-29.3853,-22.0402,-0.1157,0.1086,-0.2172,0.1601,-0.3327,0.1709,-0.1913,-0.1780,0.0904,-0.1566,-0.1362,0.0939,-0.0061,-0.1057,-0.2775,0.0110,0.5445,0.1060,0.0918,-0.2978,-0.0029,-0.1132,-0.0316,-0.1066,-0.0941,0.0036,0.2615,-0.0243,0.2191,0.0522
"392,027",-0.6753,62.5850,-0.1133,0.1818,0.1195,0.1689,-0.4003,-1.4372,0.4617,-0.6110,0.0463,-0.1287,0.1077,0.4881,0.0893,0.1732,-0.0010,0.1242,-0.1150,0.0658,0.0728,-0.0493,0.0536,0.0094,0.1148,0.0374,0.0117,0.0301,0.0602,0.1435,-0.0442,-0.0318
"242,060",12.2061,29.7794,-0.1008,0.1121,-0.2480,0.1969,-0.4147,0.3227,0.0041,-0.2419,0.1257,-0.0445,-0.1024,0.0545,-0.0747,0.0235,-0.0183,-0.0456,0.0682,0.1636,0.0580,0.1067,-0.2186,0.1204,-0.0355,-0.1154,0.1067,0.0516,-0.0269,-0.0878,-0.0056,0.0758
"009,019",20.0758,33.5210,-0.2283,0.1442,0.0890,0.1481,0.0332,-0.1250,-0.3680,0.0075,-0.0784,0.1486,-0.0361,-0.3138,-0.0636,0.1948,-0.0574,0.0820,-0.0840,-0.0694,0.0588,0.0939,0.0359,-0.1908,-0.2018,-0.4822,-0.3380,-0.3031,0.0587,-0.1813,0.5998,-0.7880
"070,041",7.9964,41.1098,-0.1273,0.2090,0.0379,0.2281,-0.2973,-0.1925,-0.0993,-0.2392,-0.0707,0.0572,-0.0137,-0.1273,-0.1686,0.4164,0.1633,-0.2246,0.3155,-0.1493,0.2447,-0.0032,-0.1616,0.0427,-0.3903,-0.2881,-0.2021,0.0651,0.1059,0.1189,-0.1675,-0.0375
"461,205",4.3037,0.9823,-0.0729,-0.0247,0.0358,-0.0648,0.0887,-0.1082,0.1314,0.2431,0.0847,0.0661,0.1158,0.0664,-0.2181,0.0130,0.0700,-0.1729,-0.0325,0.1688,-0.1142,-0.0860,-0.2960,-0.0524,-0.1079,-0.1209,-0.0314,0.2287,-0.1170,-0.0782,-0.0310,-0.0300
"070,042",4.6666,44.1210,-0.1012,0.2452,0.1015,0.2686,-0.3779,-0.7016,0.1106,-0.4547,-0.0652,-0.0179,0.0797,0.0843,-0.0402,0.3925,0.1635,-0.1051,0.1458,-0.1174,0.1602,-0.0505,-0.0157,0.0739,-0.2367,-0.0827,-0.1237,0.0916,0.1013,0.2031,-0.1481,0.0339
"070,043",8.2684,43.3262,-0.1134,0.2441,0.0371,0.2581,-0.3397,-0.1764,-0.0941,-0.2652,-0.0494,0.0719,-0.0393,-0.1942,-0.1934,0.5206,0.2326,-0.2235,0.2764,-0.2144,0.2534,-0.0222,-0.0768,0.0402,-0.4388,-0.2414,-0.2568,0.0783,0.0992,0.1721,-0.2064,0.0283
"167,050",8.2504,31.8782,-0.2012,0.0855,0.0889,0.0972,0.1354,-0.1546,-0.1670,0.1081,0.0025,0.1748,0.0140,-0.2312,-0.1646,0.0514,0.0308,-0.0643,0.0004,-0.0169,0.0388,0.0021,-0.0304,-0.1388,-0.1894,-0.1751,-0.0692,-0.1716,0.0870,0.0464,0.2086,-0.4464
"322b,001",-22.7998,-5.1333,-0.0066,-0.0821,-0.0079,-0.1715,0.1189,-0.0502,0.0430,0.1689,0.0310,0.0652,0.1029,0.0543,-0.2384,-0.0735,0.0169,-0.2559,-0.0052,0.1615,0.2088,-0.1113,-0.0798,0.1769,0.0327,0.0268,0.1851,-0.1084,0.2193,0.2757,0.0047,-0.0213
"236,002",19.1397,20.4801,0.0691,0.1477,-0.1828,0.1621,-0.3726,0.2497,0.0229,-0.1682,0.1877,-0.0437,-0.1171,-0.1094,-0.0089,0.1356,-0.1568,0.1061,-0.0589,0.0639,-0.1019,-0.0412,-0.2133,0.0912,-0.0119,0.2237,0.1399,-0.2386,-0.2734,-0.1787,0.0744,0.0032
"167,049",-39.4600,25.1442,-0.2023,0.1369,-0.0667,0.2003,-0.2176,0.2600,-0.1240,-0.0822,0.0559,0.1252,-0.0357,0.0795,-0.1118,-0.4405,0.1963,-0.1129,-0.6633,-0.0278,-0.0407,-0.0643,0.3773,-0.2483,0.3310,0.0718,-0.0089,0.0688,-0.0247,-0.0192,0.0267,-0.2226
"080,035",19.3831,5.5670,0.1599,0.0107,0.0674,-0.1837,-0.0171,0.0533,-0.4754,0.0557,0.2089,-0.3971,-0.2362,0.1805,0.0881,0.1409,0.1096,0.1317,0.2011,-0.0424,-0.0996,-0.0548,-0.0848,0.1968,0.0406,0.2722,0.1798,-0.0669,-0.3342,-0.3678,0.0233,-0.2829
"156,003",-10.8676,25.3748,-0.1808,0.0766,-0.0031,0.0810,0.0060,0.0209,-0.0332,0.0848,0.1135,0.1333,-0.0007,-0.0194,-0.0804,-0.1548,-0.0619,-0.0191,0.0322,-0.1133,-0.1851,0.0695,-0.2306,-0.0774,-0.0212,-0.0917,-0.0313,-0.1855,-0.1003,-0.0837,0.1629,-0.3099
"323,011",-8.7967,-3.9910,-0.0614,-0.0530,-0.0562,-0.0569,-0.0114,0.0908,0.1059,0.1630,-0.0121,-0.0614,0.0913,0.1708,-0.0008,-0.0886,0.0442,0.0407,0.0305,0.0151,-0.0902,0.1048,-0.0262,0.0198,-0.0337,-0.0858,0.0079,0.0062,0.0484,-0.0096,-0.0065,-0.0583
"364,015",11.3662,8.9144,-0.0222,-0.0211,-0.0566,-0.0777,-0.0304,0.1302,0.1553,0.1900,0.0340,0.1205,-0.0131,0.2537,0.2584,0.4221,0.0432,0.1495,-0.2003,-0.2467,-0.1266,0.0866,-0.1742,0.3859,-0.1857,-0.0025,0.0818,-0.0625,-0.2169,0.2687,0.2801,-0.1806
"132,007",33.2428,-7.5655,0.1274,0.2367,0.2321,0.1338,0.0566,-0.0408,-0.3113,-0.0314,0.0113,0.1589,-0.0308,-0.5249,-0.0421,0.3291,-0.0051,0.0248,-0.0707,0.3169,-0.0148,-0.1191,0.0216,-0.2323,0.1069,-0.1967,0.0298,-0.1632,0.1656,-0.2372,0.2364,-0.5974
"436,001=282,001",-21.2650,11.4777,-0.2717,-0.0032,-0.0190,-0.0005,0.2641,0.1744,0.0646,-0.0957,0.1204,-0.0175,-0.0379,0.0260,-0.1609,-0.2132,-0.0470,-0.2106,-0.1437,0.0811,0.2270,-0.1317,0.1535,-0.1226,-0.0869,-0.0598,0.2388,-0.0147,-0.0728,0.0441,-0.0321,0.0772
"436,001=282,001",-21.2575,13.2802,-0.2854,0.0107,-0.0339,0.0154,0.2168,0.1989,0.0556,-0.1189,0.1324,0.0181,-0.0472,0.0425,-0.1717,-0.2643,-0.0068,-0.2205,-0.2232,0.0587,0.2126,-0.1360,0.2151,-0.1475,-0.0602,-0.0388,0.2249,0.0011,-0.0528,0.0724,-0.0332,0.0478
"366,007",-25.4858,2.2511,-0.0389,0.0562,-0.1170,0.1024,-0.0986,0.1230,0.0056,0.0061,-0.0290,-0.0215,0.0045,-0.0639,-0.0577,-0.0030,0.2588,0.2177,-0.2411,0.2143,-0.0990,0.2319,-0.2063,-0.0115,-0.1044,-0.1262,-0.0082,0.0350,0.2124,0.0388,-0.0525,0.1230
"242,028",11.6797,38.1523,-0.0674,0.1494,-0.1164,0.1716,-0.4321,0.1620,-0.0397,-0.2069,-0.0465,-0.0002,-0.0237,-0.0524,-0.0462,0.2883,0.0374,-0.1750,0.1446,-0.1051,0.1450,-0.1573,-0.0776,0.1225,-0.2815,-0.0179,-0.0910,0.0335,0.0461,-0.0343,-0.0068,0.1028
"112,001",0.5283,38.3964,0.0730,-0.0179,0.0697,-0.0624,-0.0807,-0.3099,-0.0108,-0.1188,-0.0035,-0.0634,0.0055,0.1222,-0.0044,0.0916,0.0750,0.0669,-0.0100,0.0514,-0.0611,0.0667,0.0416,0.0647,0.0668,-0.0090,0.0051,0.0996,-0.0378,-0.0593,0.0162,0.0389
"242,027",-25.4508,2.3798,-0.0557,0.0656,-0.2834,0.0957,-0.3667,0.3688,0.1351,-0.2551,0.1369,-0.1004,-0.0656,0.2187,-0.0399,-0.0213,0.2731,0.1786,-0.1814,0.3020,-0.1270,0.2269,-0.5991,0.2380,-0.1319,-0.2764,0.1969,0.1740,0.2744,-0.1755,0.0159,0.2149
"184,002",-29.4373,-2.6698,-0.2144,0.0514,0.0143,0.0576,0.0714,-0.0995,0.0281,0.2498,0.1799,0.3226,-0.1931,0.2950,0.5443,0.2786,0.0386,0.0624,-0.0398,-0.0039,0.0845,0.0332,0.0990,-0.1442,-0.0232,-0.0237,0.0872,0.1063,0.0265,0.0982,-0.0725,0.1149
"082,032",4.6628,5.1027,0.2255,0.0533,0.1261,-0.0353,0.0391,0.0900,0.0608,0.0117,-0.0839,0.0440,0.1082,0.0905,-0.0054,-0.0198,-0.0874,0.0940,0.0151,0.0240,0.0715,0.1641,0.0558,-0.0448,0.0480,-0.0522,0.0571,0.2009,-0.0677,0.0093,-0.1058,-0.1036
"080,009",-38.0060,25.5163,-0.2644,0.0908,-0.0944,0.1410,-0.2001,0.2081,-0.0654,0.0102,0.1162,0.1198,-0.0938,0.1185,-0.0102,-0.4076,0.1057,-0.2154,-0.6113,-0.1104,-0.0205,-0.0028,0.4187,-0.0497,0.2541,0.1550,-0.1335,-0.0586,-0.0467,0.0369,0.0018,-0.1285
"246,012",-14.7003,-0.5479,0.0235,-0.1299,-0.0024,-0.1697,0.0614,0.0260,0.0894,0.2910,-0.1048,-0.1502,0.2147,0.1189,-0.0951,0.0422,-0.0846,-0.1144,-0.0981,-0.0252,-0.0100,-0.0605,-0.0662,-0.1924,-0.0617,-0.0740,0.0523,0.1758,-0.0426,0.1997,-0.5641,-0.5153
"246,013",15.6095,8.4052,0.0764,0.0107,-0.1133,0.0246,-0.1045,0.1753,0.1190,0.0884,0.0588,-0.1205,0.0653,0.0305,0.0088,0.0608,-0.1214,0.1948,0.0649,0.0097,-0.2783,0.0469,0.0078,0.1624,-0.0484,0.2241,0.1035,-0.0880,-0.0876,0.0575,0.0118,-0.0660
"151,001",-2.2675,-13.7495,0.1334,-0.1256,-0.0267,-0.3287,-0.0808,0.0830,0.1122,0.0499,-0.0615,-0.0035,0.1207,0.0369,0.0448,-0.0216,0.1238,-0.0094,0.0875,-0.0038,-0.0589,0.3019,0.0034,0.2188,0.0963,-0.0333,0.0092,0.1122,0.0314,-0.1266,0.0119,-0.2774
"030,I",6.5833,23.1431,-0.2162,0.0770,-0.0192,0.0850,0.0115,0.0821,-0.0729,-0.0558,0.0150,0.0866,-0.0999,-0.2602,-0.0426,-0.1276,-0.1796,0.1150,-0.0512,0.1328,0.2715,0.4081,0.2502,0.0588,-0.0373,-0.2489,0.2331,0.2789,-0.3548,-0.2404,-0.0574,0.0200
"406,019",-30.8688,42.4885,-0.3279,0.0946,0.0478,0.2484,-0.0687,-0.0344,-0.3905,0.0437,-0.8854,0.0247,0.4432,-0.1292,0.3335,-0.0839,0.1894,-0.0298,-0.0015,-0.0959,-0.0811,-0.2298,-0.1111,0.1605,-0.0280,0.1771,0.0155,0.0258,0.0033,0.0996,-0.0321,0.3873
"010,015",-22.0491,18.0945,-0.1770,0.0295,0.0283,0.0138,0.1622,-0.0242,-0.0088,0.1948,0.1896,0.1474,-0.0004,-0.0751,-0.1834,-0.2174,-0.1028,-0.0517,-0.0225,0.0290,-0.1052,-0.1064,-0.0714,-0.0221,-0.0257,0.1696,0.1431,-0.2272,-0.0527,0.0458,0.0109,0.1093
"Glo,003",-3.7333,43.1818,-0.0301,-0.0154,0.0692,-0.1315,-0.0138,-0.5114,0.1290,-0.0602,0.1043,-0.1669,0.0512,0.1585,0.0264,-0.0902,-0.0248,-0.1497,-0.0322,0.0688,-0.0005,0.0730,0.1785,0.1423,0.0027,0.0119,-0.1561,-0.1697,0.0357,-0.1261,-0.1599,0.0753
"243,002",-8.1746,0.7375,-0.0998,-0.0655,0.0012,-0.1098,0.1477,-0.0368,0.0341,0.2153,0.1082,-0.0158,0.0943,0.1359,-0.1383,-0.1709,0.1052,0.0083,0.0307,0.0775,-0.1173,-0.0304,-0.1151,-0.0900,-0.1056,-0.0392,0.0959,-0.2230,0.0789,-0.0562,-0.0215,0.0171
"461,064",-9.3460,-0.3864,-0.0622,-0.0297,-0.0102,-0.0498,0.0417,0.0724,0.0444,0.0829,-0.1013,-0.0266,0.0826,0.0858,-0.0177,-0.0273,-0.0458,-0.0365,-0.0477,-0.0647,-0.2778,-0.1473,-0.0368,-0.2448,0.0275,-0.1291,0.1345,-0.0471,-0.0239,0.0493,-0.1422,-0.1652
"029,006",-12.3991,43.1775,-0.3978,0.0998,0.0124,0.1605,0.1489,-0.0662,0.0054,0.1580,0.2012,0.3853,-0.0396,0.1123,-0.0413,-0.4175,-0.1303,0.0216,0.3177,-0.4011,-0.1975,-0.0740,-0.6766,-0.0325,0.1481,0.1322,-0.3974,-0.2095,-0.0403,-0.2186,-0.4107,0.1197
"242,029",20.1775,43.4611,-0.0775,0.1914,-0.3732,0.3072,-0.7716,0.4680,0.0663,-0.4008,0.1498,-0.0756,-0.1233,0.1554,-0.1170,0.1592,0.1025,-0.3281,-0.1417,0.0632,0.0942,-0.0786,-0.3858,0.1845,-0.1033,-0.0107,0.1510,-0.0785,-0.1297,-0.1200,0.0246,0.0398
"406,021",22.6832,-16.9798,0.0628,0.0397,0.0881,-0.0126,-0.0380,0.0258,-0.3880,0.0354,0.0129,-0.2745,-0.2392,0.1717,-0.0942,-0.1138,0.0504,-0.0699,-0.3364,-0.0066,-0.1002,0.0683,0.2393,-0.1241,0.1436,-0.0020,-0.1926,0.2501,-0.0335,-0.1361,-0.0176,-0.0461
"210,008",-5.2691,-11.7778,0.0096,-0.0855,-0.0471,-0.1848,-0.0043,0.0710,0.1921,0.1719,0.0285,-0.0296,0.1263,0.1930,-0.0556,0.0687,0.0161,-0.0436,-0.0162,0.0128,-0.0174,0.1939,-0.1393,0.4374,0.0229,-0.0846,-0.0021,-0.0555,-0.0258,-0.0984,0.0743,-0.1079
"457,008",31.8838,-37.7706,0.0450,-0.0436,0.2374,-0.3741,0.2234,-0.2556,-1.8322,-0.1001,0.2860,-1.1944,-0.6232,0.6903,-0.0188,-0.0905,0.0334,-0.0483,-0.0602,-0.0666,0.0363,-0.0425,-0.1836,0.0887,-0.0432,0.0096,0.0076,-0.0792,-0.1299,0.1641,-0.1013,-0.0037
"167,015",-20.7725,18.9052,-0.3176,0.0655,-0.0107,0.0852,0.1100,0.0121,-0.0113,0.1558,0.1359,0.2689,-0.0788,0.1540,0.1935,-0.1800,-0.1167,0.0004,0.1016,-0.0472,-0.0039,-0.0358,-0.0521,0.1412,0.1405,0.0879,-0.0059,0.1121,-0.0937,0.0629,-0.0078,-0.0047
"202,003",13.3215,2.6699,0.0648,-0.0458,0.0531,-0.0135,0.0445,-0.0050,-0.0798,0.0211,0.0979,0.0312,-0.0080,-0.1407,-0.1170,0.1226,-0.0454,-0.0392,0.0143,0.0741,-0.0180,-0.0216,0.0478,-0.1123,0.1738,-0.0312,0.1497,0.1252,0.0142,-0.0374,-0.0395,0.0609
"155,006",-12.1922,24.2206,-0.1618,0.0845,-0.0024,0.1077,0.0586,0.0007,-0.0750,0.0508,0.1093,0.1922,-0.0485,-0.0926,-0.0512,-0.0700,-0.0025,0.0633,-0.0398,0.0303,-0.0469,-0.0170,-0.1201,-0.0234,0.0258,-0.0313,0.0007,0.0049,0.0035,0.0130,0.0350,-0.0087
"010,016",-1.7774,10.1985,-0.1154,0.0325,0.0190,0.0382,-0.0117,0.0438,-0.0040,-0.0134,0.0189,0.0286,-0.0189,-0.0848,-0.0525,0.0372,-0.0640,-0.1502,0.1878,-0.0528,0.1787,0.4400,0.0052,0.0971,0.1558,0.0045,-0.0475,0.0373,-0.0801,-0.0857,0.0056,0.1372
"323,012",31.3012,1.6307,0.3057,0.0651,0.0539,-0.0765,-0.1599,0.1281,0.0293,-0.0235,0.0561,-0.0243,0.0861,0.0250,-0.0173,0.2235,0.1243,0.2169,-0.0034,-0.2869,-0.4154,-0.0275,0.2402,-0.0203,0.3325,0.0575,0.3049,0.0502,-0.1307,-0.1005,0.1865,0.1099
"155,007",17.4220,-20.5425,0.0294,-0.0346,-0.0435,-0.0511,-0.0861,0.0679,0.1030,0.0629,-0.1921,-0.1674,0.1382,0.1045,-0.0522,0.1619,0.1489,-0.3371,0.2897,-0.1312,-0.0029,0.5405,-0.1981,-0.5262,0.2457,0.0954,-0.1437,0.2374,0.0361,0.2381,-0.0639,-0.1263
"070,015",23.0573,15.1882,0.0703,0.2017,0.0109,0.1553,-0.2943,0.0923,-0.0787,-0.0719,0.1382,-0.0712,-0.1129,-0.1939,-0.1321,0.4469,0.4388,0.1817,0.4408,-0.0546,0.1335,-0.1082,-0.1052,0.1090,-0.1517,0.2500,-0.0118,-0.2856,-0.4207,-0.3540,-0.1871,-0.2504
"167,014",23.5164,-20.5652,-0.0502,-0.0759,0.0128,-0.1663,0.0668,-0.0111,-0.4064,0.1367,0.0905,-0.3080,-0.0971,0.2919,0.0557,-0.1172,-0.0168,-0.1574,-0.0294,0.0870,0.0279,-0.1511,0.0617,0.0346,-0.0136,-0.0013,-0.0202,-0.0964,0.0587,-0.0015,0.0216,0.0321
"248,086",-8.4910,-21.0724,0.2971,-0.3250,-0.2416,-0.0355,0.0291,-0.0002,0.1470,0.1969,-0.2065,-0.1750,0.0210,0.1451,-0.0645,0.0671,-0.1349,0.1755,-0.0898,0.2419,0.0076,-0.1346,0.0309,-0.0050,0.3109,-0.1914,-0.1990,0.1210,0.3035,0.1070,-0.0268,-0.1842
"370,004",-0.2523,2.0843,-0.0821,-0.0937,0.0636,-0.0735,0.1704,-0.0148,-0.0326,0.0801,0.0615,0.0275,0.0428,-0.0371,-0.0692,0.0005,0.0035,-0.0979,-0.0777,0.0854,-0.0135,-0.1306,0.0006,-0.1088,-0.1172,0.0131,0.0398,0.0159,0.0107,-0.0111,-0.0106,0.0708
"461,068",8.5024,-2.2864,0.1541,-0.1340,0.0224,-0.0627,0.0227,-0.0253,0.1029,0.0695,-0.0042,-0.0490,-0.1180,-0.2212,0.1596,-0.0523,-0.0095,0.0126,0.0326,-0.0323,0.0869,-0.0926,0.0912,-0.0647,0.1807,0.0180,0.0975,0.2272,0.2004,0.0539,0.0354,0.0850
"Glo,001",-11.5487,41.3985,-0.0112,-0.0650,-0.0256,-0.0878,-0.0282,-0.1570,0.2423,0.0972,-0.0957,-0.0559,0.1069,0.3580,-0.0047,0.2004,-0.0800,0.3526,-0.1978,-0.2391,0.3344,-0.0861,-0.1719,0.0042,0.0375,-0.0743,-0.0292,0.0050,0.0983,0.1526,0.0661,-0.0391
"266,004",-1.1356,-30.1206,0.1292,-0.1846,-0.0957,-0.0965,-0.2120,0.1380,0.0447,0.0192,-0.1848,-0.1570,0.0086,-0.0735,0.1423,-0.0019,-0.1842,-0.0101,0.0677,0.2998,0.0100,0.1966,0.4176,0.5783,0.3838,0.0295,-0.4536,-0.2271,-0.0226,-0.4208,-0.3036,0.1250
"082,033",2.7120,-7.6095,-0.0012,-0.0364,0.0233,-0.1722,0.0293,-0.0054,0.0508,0.1555,0.0214,0.1106,0.0589,-0.0250,-0.1156,0.0839,-0.0019,-0.0574,-0.0641,-0.1428,-0.0348,0.0319,0.0459,0.1261,-0.0980,-0.0203,-0.2984,0.0325,0.1230,0.0572,0.0907,0.0134
"339,002",-18.7150,34.4208,-0.1575,0.0823,0.0407,0.1319,-0.0066,-0.0194,-0.1984,0.0042,-0.3432,0.0379,0.1013,-0.3763,0.1766,-0.1143,-0.0273,0.1932,-0.1520,0.1496,-0.0127,0.0782,0.1232,0.0163,-0.0319,0.0118,0.0960,0.0210,-0.1767,-0.1135,0.1376,0.1356
"167,016",27.5211,5.7301,0.2310,0.1947,0.0720,0.1228,-0.1407,0.0251,-0.0431,-0.0479,0.1669,-0.0453,-0.0652,-0.2553,-0.0264,0.3637,-0.0340,0.1594,-0.0514,-0.0274,-0.3164,-0.0545,-0.0896,-0.0104,0.0885,0.2981,0.1598,-0.1719,-0.0778,-0.2108,-0.0132,-0.0754
"342,002",-1.1551,60.5667,-0.0725,0.1484,0.1201,0.1321,-0.2816,-1.3492,0.4111,-0.5109,0.1441,-0.1373,0.1245,0.3962,0.1051,0.1104,-0.0050,0.1008,-0.1299,0.1453,-0.1153,0.0417,0.1162,0.0104,0.0724,0.1097,0.0174,0.0043,-0.0070,0.0992,-0.0134,-0.0046
"202,004",-27.9570,0.7280,-0.1182,0.0966,-0.1023,0.1471,0.0003,0.1673,0.0685,-0.1792,0.0837,-0.0200,-0.0628,-0.0160,-0.1154,0.0331,0.3783,0.3132,-0.1700,0.2502,-0.0928,0.1820,-0.3633,0.0913,-0.1166,-0.1874,0.0068,0.0861,0.3131,0.0376,-0.0391,0.2323
"461,d",-9.4147,-3.4969,-0.0534,-0.0665,-0.0408,-0.0901,0.0257,0.0506,0.1047,0.1734,0.0054,-0.0239,0.1072,0.1316,-0.0640,-0.0568,0.0494,-0.0433,0.0271,0.0187,0.0077,-0.0230,0.0175,0.0230,-0.0670,-0.0677,0.0560,0.0019,0.0071,0.0243,-0.0052,-0.0331
"183,004",-14.9363,9.4575,-0.1067,-0.0283,0.0476,-0.0885,0.0677,-0.0767,-0.0343,0.0452,0.0761,0.0902,0.0272,0.0845,-0.1022,-0.1114,-0.0165,-0.1314,0.0489,0.0008,0.0758,-0.0094,0.0444,0.1701,0.0071,0.0455,0.0629,0.0769,-0.1072,0.1276,0.0014,-0.0657
"234,006",-15.9568,27.9123,-0.2480,0.0943,0.0130,0.1250,0.0597,0.0087,-0.1005,0.1139,0.0778,0.2273,-0.0510,-0.0964,0.0431,-0.1166,-0.1168,0.1362,0.0584,-0.0992,-0.0649,0.0377,-0.1131,0.0378,0.0496,0.0620,-0.1218,-0.0050,0.0549,-0.0154,0.0149,0.0506
"183,003",0.8750,-2.9291,-0.0355,-0.0829,0.0379,-0.0715,0.0776,-0.1107,0.1522,0.1931,0.0443,-0.1380,0.1200,0.0659,-0.1193,0.0302,-0.1010,-0.0289,-0.1641,-0.1155,-0.0298,0.1312,0.2784,-0.0470,-0.3001,-0.0494,-0.2684,0.0532,0.0166,0.0748,-0.2264,0.0056
"063,005",-27.4814,-21.4671,-0.0802,0.0145,-0.1660,0.0287,-0.1534,0.1429,-0.0381,0.0509,0.0043,-0.0757,-0.0386,0.0246,0.0480,-0.3234,-0.3355,-0.0130,0.6015,0.1510,0.0909,-0.4764,0.0807,0.0760,0.1878,0.1501,-0.1171,-0.0131,0.4145,0.0890,0.2595,0.2977
"183,005",-5.6264,2.9521,0.0318,0.0234,-0.1325,-0.0026,-0.1940,0.1736,0.1209,-0.0195,0.0677,-0.1244,0.0157,0.0991,-0.0265,0.0687,0.1132,0.0230,-0.0069,0.0479,-0.0511,0.1898,-0.2456,0.0539,-0.0335,-0.1068,0.1347,0.1241,0.1145,-0.1370,-0.0262,0.0761
"248,020=179,001",-4.1705,60.3922,-0.0014,0.1146,0.0460,0.0208,-0.3400,-1.2441,0.4874,-0.4715,0.1705,-0.2617,0.0142,0.1739,0.3647,-0.2395,0.0543,0.0700,-0.0726,0.1615,-0.0564,-0.0315,0.0437,-0.0026,0.1495,0.0260,-0.0073,-0.0144,0.0548,0.1003,-0.0725,-0.0677
"189,001",-5.2963,-12.2665,0.0612,-0.0823,-0.0540,-0.1460,-0.0150,0.0563,0.1794,0.1141,0.0110,-0.1473,0.1041,0.1101,-0.0033,-0.0353,0.0964,0.0532,0.0862,0.0382,-0.0547,0.2551,0.0800,0.0649,-0.0671,-0.0726,-0.0198,-0.0485,0.0103,-0.0679,0.1467,-0.1874
"443,001",-7.8126,-9.3110,0.0709,-0.1860,-0.0443,-0.0534,-0.1084,0.1120,0.2047,0.2035,-0.1300,-0.1212,0.1375,0.2062,-0.0069,-0.0007,0.2063,0.1206,-0.0630,-0.1521,-0.1825,0.0529,0.1448,0.1241,0.1576,-0.0268,0.1173,0.0750,-0.1168,0.0428,0.0475,-0.3767
"443,002a",3.5896,-28.4937,0.0246,-0.0848,-0.0827,-0.2457,-0.1168,0.1356,-0.0068,-0.0224,0.0313,0.0288,0.0013,0.1031,0.1891,-0.0260,0.0585,-0.1023,0.0077,0.1732,0.0889,0.2516,-0.0127,0.3953,0.1084,-0.0549,-0.0871,-0.0996,0.0225,-0.2967,-0.1982,0.0652
"443,002",-11.7589,7.0890,-0.2560,0.0146,0.0100,0.0986,0.0824,0.0411,-0.0360,0.1374,-0.0089,0.1466,0.0079,0.0338,0.0227,-0.1811,-0.0283,0.1065,0.0083,-0.0366,-0.1318,0.1615,-0.0093,-0.0354,-0.1625,-0.0875,0.1385,0.0266,-0.0767,0.0048,-0.1401,-0.1984
"082,034",-4.4603,-7.4820,0.1617,-0.1243,-0.0499,-0.1214,-0.0535,0.0297,0.1548,0.1538,-0.0304,-0.1968,-0.0087,-0.0338,0.0240,0.0561,-0.1639,0.1779,-0.0869,-0.2968,0.1607,-0.1828,0.0424,-0.0646,0.0950,0.0560,0.0104,0.3082,0.1984,-0.1344,0.2105,-0.0722
"070,016",10.0661,42.7395,-0.0960,0.2100,-0.0524,0.2356,-0.4469,0.0325,-0.0598,-0.2489,-0.0355,-0.0001,-0.0782,-0.1173,-0.1731,0.5145,0.2052,-0.2537,0.3158,-0.2580,0.2683,-0.0885,-0.1457,0.2560,-0.4629,-0.1848,-0.2305,-0.0290,0.0073,0.0084,-0.1111,-0.0524
"392,009a",-27.1468,30.4945,-0.2242,-0.0419,-0.0466,0.0785,-0.0718,0.1101,-0.1341,0.3214,-0.4455,0.0333,0.2717,0.2702,0.5873,0.0113,0.1528,-0.0646,-0.1372,0.1969,-0.0470,-0.1292,0.0963,0.0051,-0.0024,0.1002,-0.0064,-0.0531,-0.1093,-0.0850,-0.0195,0.0775
"210,009",-4.8354,-2.0231,0.0026,-0.0819,-0.0510,-0.1400,-0.0131,0.0941,0.1750,0.1065,0.0347,-0.0077,0.0975,0.1918,-0.0689,0.0187,0.0096,0.1071,-0.0545,0.0434,-0.0485,0.2427,-0.2673,0.1786,-0.0397,-0.1581,0.0736,0.0639,0.0595,-0.0197,0.0779,0.0110
"009,010",-7.1429,-16.6428,-0.0017,-0.1630,-0.1299,-0.0617,-0.0963,0.1142,0.0406,0.2493,-0.0076,-0.0564,0.0021,0.3596,0.3939,0.1173,-0.1185,-0.0085,0.0810,0.2785,-0.0324,-0.0949,0.2545,-0.0088,0.0144,-0.1221,-0.3226,0.0462,0.1067,-0.0902,0.0697,0.0943
"159,001",-0.6083,-31.9797,0.1555,-0.1839,0.0008,-0.1908,-0.1118,0.0272,0.0355,0.0311,-0.0755,-0.0923,-0.0643,-0.1731,0.1007,0.0370,-0.0952,-0.1893,0.0621,0.2760,0.1554,0.2796,0.3903,0.7866,0.5174,0.0938,-0.4327,-0.3022,-0.0053,-0.6142,-0.4421,0.1702
"082,009",8.8908,-19.8687,0.0794,-0.0121,0.0165,-0.1453,-0.0370,-0.0032,0.0039,0.0909,-0.0175,-0.1639,0.0424,-0.0673,-0.0124,0.1662,0.0872,-0.3453,0.0942,0.0271,0.1287,0.3962,0.0023,-0.1099,0.3397,0.1856,-0.0709,-0.1296,0.0184,-0.1226,-0.0485,0.1238
"094,001",15.6757,-1.2576,-0.0686,0.0288,0.0556,0.0027,0.1396,-0.0559,0.0095,0.0537,0.1219,0.0933,-0.0305,-0.1804,-0.1410,0.0307,-0.0289,-0.0282,-0.0836,0.1933,0.0736,-0.1218,-0.0323,-0.0722,0.0482,0.0434,0.1663,0.0749,0.1892,0.1141,0.0161,-0.0168
"290,001",-2.5977,-16.1243,-0.0093,-0.0916,-0.0269,-0.1840,0.0481,0.0377,0.1306,0.1409,0.0242,-0.1016,0.0801,0.0823,0.0198,-0.0173,0.0283,-0.2669,-0.0305,-0.0213,0.0624,0.2025,0.0997,0.0913,0.0584,-0.0207,0.0490,-0.2070,0.0282,-0.1609,0.0557,-0.0142
"167,017",22.3091,34.4703,-0.2813,0.1403,0.0923,0.1482,0.0963,-0.1475,-0.3588,0.0246,-0.0735,0.1562,-0.0162,-0.3568,-0.0505,0.0953,-0.1254,0.1115,-0.1094,-0.0544,-0.0318,0.1798,0.0995,-0.1024,-0.2157,-0.3589,-0.4063,-0.3398,0.0566,-0.1181,0.7660,-0.9106
"456,001",-19.8996,22.3621,-0.2901,0.0798,0.0166,0.0980,0.1544,-0.0020,-0.0647,0.1141,0.2011,0.2539,-0.0630,-0.1522,-0.1651,-0.3093,-0.1648,-0.0487,-0.0691,0.0230,-0.0420,-0.0771,-0.0278,-0.0492,0.0750,0.1678,0.0095,-0.0466,-0.0274,0.0210,0.0327,0.0076
"366,008",7.4320,30.4320,0.1505,0.2482,0.2028,0.2508,-0.1041,0.0399,-0.0638,-0.1252,-0.0280,0.1024,0.0043,-0.0927,-0.0606,0.1710,0.0514,-0.0937,0.0523,-0.2039,0.0703,0.0258,0.0656,0.1100,-0.2292,-0.0694,-0.1189,0.0569,0.0514,0.1054,-0.0733,0.1375
"366,009",-20.7532,20.1827,-0.2244,0.1229,0.0479,0.1207,0.0472,0.0023,-0.1214,0.2224,0.1752,0.3616,-0.1575,0.0343,0.3468,0.1591,0.0663,-0.0559,0.0077,0.0172,0.1204,0.0061,0.0409,0.0136,0.0345,-0.0508,-0.1010,-0.0590,0.0936,-0.0150,-0.0209,-0.0590
"293,015",-21.8955,25.7676,-0.3036,0.0827,0.0048,0.1108,0.0981,-0.0329,-0.1210,0.1083,0.0423,0.1660,0.0082,0.0020,-0.0010,-0.2708,-0.1381,-0.0091,0.1442,-0.0368,-0.0838,-0.1524,-0.2046,0.0513,0.1274,0.1723,-0.1403,-0.0310,0.0442,0.0656,0.0247,0.1009
"450,004",18.6166,10.1933,0.1568,0.0931,0.0207,0.0451,-0.0768,-0.0169,0.0350,-0.0210,0.0433,-0.0136,0.0113,-0.0830,0.0133,0.1315,-0.0206,0.1330,-0.1068,-0.0117,-0.2044,0.0668,-0.0522,0.0662,-0.0268,0.1011,0.0131,-0.1181,-0.0577,0.0049,0.0732,-0.0292
"080,011",-15.8859,-1.1754,-0.0411,-0.0122,-0.0492,-0.0253,-0.0243,0.1169,0.0534,0.2102,-0.0278,-0.0696,0.1753,0.1124,0.0032,-0.0548,-0.0098,0.0182,0.1327,0.2794,-0.3386,-0.0882,-0.1394,-0.2819,-0.1332,-0.1730,0.2159,0.0900,-0.3065,0.2380,-0.4022,-0.5002
"167a,001",-24.7868,12.3807,-0.2096,0.0076,0.0253,-0.0048,0.1582,-0.1024,0.0343,0.0179,0.0996,0.0602,0.0046,-0.0238,-0.1049,-0.2258,-0.1462,-0.1554,0.0824,0.1666,0.1483,-0.0258,0.2227,0.1427,0.0137,0.0954,0.2786,-0.0364,-0.1211,0.0475,0.0059,0.1484
"248,087",-13.8315,-22.4504,0.6531,-0.1791,-1.3912,0.4320,0.2816,-0.0870,-0.1468,-0.0741,0.0296,0.0304,0.0197,0.1052,0.1051,-0.1739,-0.0947,-0.0146,0.1682,0.0387,0.0793,-0.1409,0.0388,-0.0788,0.0152,-0.0095,0.0104,-0.0800,0.0865,-0.0176,0.2529,-0.0555
"450,003",-8.9937,-16.5312,0.0954,-0.1485,-0.1877,-0.0700,-0.1854,0.2052,0.1250,0.0579,-0.0414,-0.1747,0.0671,0.1267,0.1619,-0.0916,-0.2625,0.2065,0.1240,0.1921,-0.1398,0.1255,0.3277,0.0561,0.0078,-0.1864,-0.3065,-0.0085,0.0546,-0.0304,0.0924,0.0602
"323,013",10.2575,-4.7578,0.0271,-0.0853,-0.0268,-0.1225,0.0393,0.0356,-0.0245,0.1337,0.0825,-0.0204,0.0558,0.0361,-0.0891,0.0105,-0.0172,-0.1237,-0.0112,0.2741,-0.0299,-0.2720,-0.1253,-0.1168,0.0071,-0.0018,0.1488,-0.0101,-0.0694,0.0412,0.0468,-0.1159
"030,011",20.6874,7.5424,0.1582,0.1030,0.0683,0.0403,-0.0696,0.0386,-0.0522,0.0253,0.0076,-0.0123,0.0025,-0.1108,0.0602,0.1228,0.0531,0.0923,0.0222,-0.0359,-0.1401,0.0086,0.0723,-0.0073,0.0705,0.0849,0.0500,0.0189,-0.0378,-0.1314,-0.0006,0.0905
"010,017",-8.5107,6.6935,-0.1097,-0.0195,-0.0498,-0.0514,0.0983,0.0449,0.0913,0.0650,0.1122,-0.0885,0.0262,0.0100,-0.0774,-0.1157,-0.2809,0.0536,-0.0823,-0.1027,0.0536,0.0805,0.0208,0.0909,-0.1765,0.1220,0.0567,-0.2721,-0.1840,-0.1370,-0.0963,0.1918
"366,011",8.9574,34.0416,-0.3622,0.1813,0.1184,0.2215,0.0319,-0.4793,-0.2336,-0.0627,-0.0611,0.2297,0.0552,-0.1021,0.0826,-0.1493,-0.0851,0.1152,0.0335,-0.1136,-0.1425,0.0234,-0.2044,-0.0597,0.0056,-0.0977,-0.3360,-0.2018,0.0591,-0.2283,0.1878,-0.3656
"461,086",-13.2470,7.0231,-0.0763,-0.0795,0.0279,-0.1260,0.3056,0.0543,0.0614,0.0053,0.0648,-0.1301,0.0184,-0.0104,-0.1191,0.0736,-0.0534,-0.1575,-0.1002,0.0435,0.0187,-0.2258,0.0556,-0.0169,-0.1048,0.0964,-0.0091,0.0055,0.0794,0.1704,-0.0396,0.1055
"167,020a",-8.7391,18.3624,-0.1833,0.0849,-0.1109,0.1361,-0.1265,0.1044,0.0351,-0.0633,0.1679,0.1013,-0.0870,0.0021,-0.0161,-0.1696,-0.1159,0.0278,-0.0919,0.0276,-0.2177,0.1413,-0.2092,-0.0854,-0.0006,0.0366,0.0820,-0.1091,-0.2663,-0.0612,0.1556,-0.2623
"366,013",-1.2884,54.1757,-0.0647,0.1304,0.1027,0.0836,-0.1959,-0.9905,0.3079,-0.3272,0.1038,-0.0844,0.1000,0.2694,0.0951,0.0027,0.0024,0.0921,-0.0397,0.0704,-0.1085,0.0176,0.0429,0.0165,0.0886,0.0918,0.0076,0.0464,-0.0173,-0.0010,-0.0079,-0.0519
"167,021",14.7063,33.6492,-0.2635,0.1263,0.0915,0.1328,0.1148,-0.1637,-0.2339,0.0742,0.0899,0.2381,-0.0438,-0.1938,-0.0643,-0.0793,-0.0929,0.0320,-0.0623,-0.0670,-0.1861,0.0198,-0.2036,-0.2341,-0.1200,-0.2533,-0.0863,-0.3052,0.0206,-0.1956,0.4206,-0.4678
"334,001",-26.7203,-3.0066,-0.2129,-0.0356,-0.0346,0.0080,0.1015,0.1149,0.0681,0.3216,0.1143,0.2083,-0.0926,0.3312,0.4511,0.0238,0.0005,-0.0500,0.0922,-0.0186,-0.0096,0.0827,-0.0049,-0.0041,0.0036,-0.0940,0.0638,-0.1130,-0.0609,-0.1388,-0.0757,-0.0684
"377,002",0.8357,-20.2881,0.1000,-0.1154,0.0013,-0.2118,0.0322,-0.0982,0.1460,0.2072,0.0109,-0.1325,0.1071,0.0661,-0.0429,0.0708,0.0376,-0.1916,-0.0789,0.0291,0.0021,0.0210,0.1353,0.1744,0.0027,0.0235,-0.3231,-0.1114,0.0640,-0.0998,-0.0207,-0.0007
"217,002",-5.7023,-5.7537,0.0274,-0.1076,-0.0527,-0.0831,-0.0051,0.0468,0.0727,0.0841,-0.0755,-0.0475,0.0658,0.1141,0.0327,-0.0025,-0.0168,0.0335,0.0081,-0.0177,-0.0435,0.0180,0.0268,0.0452,0.0111,-0.0578,-0.0087,0.0047,-0.0187,0.0020,0.0415,-0.0670
"290,001a",2.6256,-4.3624,-0.0150,-0.1152,0.0408,-0.1923,0.1858,-0.0349,-0.1136,0.1266,0.0599,-0.2434,-0.0649,0.1212,0.0191,-0.0197,0.0371,-0.2023,-0.0316,-0.0106,0.0548,-0.0283,-0.0330,0.0396,-0.0564,-0.0086,0.1005,-0.0512,-0.0168,-0.0119,0.0266,-0.0217
"366,014",10.6647,32.7516,-0.2520,0.1700,0.0700,0.1928,-0.0203,-0.1002,-0.2736,-0.0226,-0.0362,0.1766,-0.0491,-0.3017,-0.1049,0.1719,0.0199,-0.0390,-0.0108,-0.1791,0.0270,0.0550,-0.0300,0.0035,-0.3131,-0.2943,-0.3064,-0.2003,0.1667,0.0227,0.2937,-0.3224
"293,016",7.1112,-0.6603,-0.0806,-0.0095,0.0427,-0.0341,0.1155,-0.0666,-0.0579,0.1949,0.1126,0.0195,0.0540,-0.0434,-0.0861,0.0117,0.0422,-0.0762,-0.0690,0.2897,-0.1334,-0.2503,-0.1108,-0.2404,-0.1151,-0.0459,-0.1528,0.1415,-0.1868,-0.1851,0.0106,0.0497
"366,010",8.0109,35.6748,-0.1387,0.1214,-0.0248,0.1783,-0.2393,0.0850,-0.0433,-0.0944,-0.0404,0.0220,0.0206,-0.0714,-0.1069,0.1692,0.0771,-0.2784,0.1189,-0.1271,0.1750,0.0000,-0.0434,0.1699,-0.2399,-0.1420,-0.0760,0.0106,0.0465,0.0302,-0.0984,0.0419
"448,001",-16.7001,7.9002,-0.1842,0.0098,0.0055,-0.0023,0.0998,0.0113,0.0187,0.1016,0.0305,0.0285,0.0258,0.0322,-0.1374,-0.1631,-0.0522,-0.0911,0.1777,-0.0352,0.0645,0.0872,0.1294,0.0545,-0.0114,-0.0186,0.1677,0.2052,0.1511,0.1472,0.0994,0.0633
"448,001a",-14.2515,7.2450,-0.1183,-0.0263,0.0089,-0.0534,0.1052,0.0267,0.0449,0.1036,0.0093,-0.0522,0.0269,0.1014,-0.1184,-0.1230,0.0424,-0.0174,0.1611,-0.0250,0.0373,0.2075,0.1296,0.0094,-0.0425,-0.1051,0.2752,0.1925,0.1544,0.0389,-0.0065,0.0276
"248,022",-9.2846,-33.5841,0.5932,-0.1784,0.1716,-0.3288,-0.1568,-0.3479,0.5981,0.2253,-2.2076,0.7587,-2.9088,0.6174,-0.8231,-0.1308,-0.0349,-0.1137,0.0487,0.3008,-0.3731,-0.0340,-0.1442,-0.1845,-0.1857,0.1436,0.0577,-0.2406,-0.2403,-0.1363,-0.0831,-0.1392
"242,032",20.5776,41.8203,-0.0622,0.1658,-0.3365,0.2652,-0.6954,0.4154,0.0558,-0.3360,0.1276,-0.0832,-0.0963,0.1247,-0.0795,0.1449,-0.0234,-0.2478,-0.0265,0.0951,0.0728,-0.1088,-0.3147,0.1413,-0.0663,-0.0016,0.1468,-0.1264,-0.1355,-0.1261,0.0346,0.0115
"202,005",1.0534,31.2632,-0.2099,0.1305,0.0532,0.1199,0.0006,-0.0814,-0.1410,0.0333,0.0214,0.2019,-0.0543,-0.2052,-0.0349,0.1895,0.0535,-0.1477,0.1285,-0.0621,0.1742,0.0886,-0.0141,0.0649,-0.1074,-0.1116,-0.1784,0.0460,0.0970,-0.0060,-0.0799,-0.0871
"242,031",17.5015,43.7979,-0.0800,0.1710,-0.2376,0.2383,-0.6372,0.2800,0.0233,-0.3241,0.0608,-0.0764,-0.0971,0.0628,-0.1398,0.2479,0.0483,-0.3110,0.2121,-0.0401,0.2170,-0.1472,-0.2070,0.2670,-0.1132,-0.0433,-0.0160,-0.0330,-0.0177,-0.1451,-0.0117,0.0737
"242,030",14.1070,37.8568,-0.1196,0.1351,-0.1639,0.1938,-0.5110,-0.1155,0.1738,-0.3189,0.0866,-0.0738,0.0006,0.2734,-0.0618,0.0573,0.0029,-0.1251,-0.1048,-0.0050,0.1950,-0.1546,-0.1161,0.0431,0.0286,0.0103,0.0751,-0.0176,-0.0510,0.0376,-0.0350,-0.0257
"377,001",1.7921,33.3319,-0.1637,0.1312,0.0674,0.1668,-0.0309,-0.0826,-0.2200,0.0163,-0.1987,0.0801,0.0700,-0.2218,-0.0891,0.1588,0.1327,0.0337,0.0689,-0.1331,0.0886,-0.0910,0.0491,-0.0598,-0.1449,-0.1298,-0.1504,-0.1145,0.0936,0.0341,0.0354,-0.0555
"442,001",-12.7008,-2.3039,-0.1086,-0.2172,-0.0027,0.0146,-0.0074,0.0475,0.0930,0.2299,-0.0917,-0.0263,0.1743,0.2344,0.1634,-0.0895,-0.0002,-0.0105,0.0272,0.1530,-0.1329,0.0610,-0.0396,0.1132,-0.0877,-0.0484,0.0614,0.0663,-0.1938,-0.0847,-0.1587,-0.2009
"364,016",6.3962,31.8342,-0.0674,0.1081,-0.0648,0.1092,-0.2313,0.0808,-0.0683,-0.1177,0.0662,-0.0424,-0.0263,-0.0389,-0.1750,0.1933,0.0650,-0.2343,0.2557,0.0042,0.1007,0.1498,-0.1050,-0.1226,-0.0951,-0.1004,-0.0453,0.1288,0.1168,0.1476,-0.0852,0.0366
"434a,015",0.9989,-43.4460,0.2066,-0.2333,-0.0218,-0.7753,-0.0472,0.0390,-0.0987,-0.3724,0.0019,0.4679,0.2957,0.1070,0.0581,-0.0672,0.0386,-0.0531,-0.0218,-0.0244,0.0039,0.0063,-0.0821,-0.0398,-0.0482,-0.0305,-0.0462,-0.0237,-0.0880,-0.0211,0.0094,-0.0379
"323,014",11.9609,-4.0218,0.0531,-0.0270,-0.0226,-0.0675,0.1145,-0.0446,0.0380,0.1661,0.0590,-0.0098,0.0317,-0.0484,-0.1637,0.0299,0.1608,-0.0348,-0.0519,0.2117,0.0525,-0.1940,-0.1243,-0.1068,-0.0130,0.0291,0.0325,-0.0085,-0.0043,0.0612,-0.0039,0.0115
"167,018",21.9348,20.4409,0.0355,0.1435,0.1257,0.0703,0.0480,-0.0862,-0.2241,0.0092,0.0788,0.0185,-0.1279,-0.1498,-0.0777,0.1565,0.0389,-0.0276,-0.0166,-0.1620,-0.1462,0.0607,0.1380,-0.1310,-0.0189,0.0505,0.0164,0.0386,0.1161,0.3161,-0.0935,0.4214
"082,035",6.8866,2.7887,0.0433,0.0646,0.0467,0.0074,-0.0644,-0.0501,-0.1319,0.1178,-0.1281,-0.1701,0.0398,-0.1351,0.0884,-0.0426,0.1291,-0.0563,0.0818,-0.0309,0.0040,-0.0937,0.0713,-0.1549,0.1831,0.0573,-0.0302,-0.0186,0.1512,-0.0494,-0.0825,0.1486
"355,006",-19.3878,13.4668,-0.3197,-0.0104,0.0569,0.0847,0.3416,0.0554,0.0811,-0.1243,0.0834,0.1136,-0.0447,0.0120,-0.0671,-0.1368,-0.0613,-0.1670,0.0409,-0.1881,-0.0163,-0.0099,0.0163,-0.1542,-0.0787,-0.0122,0.1398,-0.0065,0.0043,0.0326,-0.2651,0.0628
"047,005",32.7433,-10.2799,0.1329,0.1737,0.1774,0.0713,0.0514,-0.0550,-0.1751,0.0239,0.0350,0.1416,-0.0614,-0.4807,0.0633,0.2686,0.0172,-0.0029,-0.0520,0.3659,0.0385,-0.1733,-0.0029,-0.2322,0.1566,-0.0824,0.1164,-0.0130,0.1684,-0.1306,0.0288,-0.3241
"076,005",-19.7229,11.2122,-0.1746,-0.0202,0.0500,0.0059,0.2301,0.0040,0.0931,0.0728,0.0583,0.0632,0.0196,0.0084,-0.1148,-0.1063,-0.0320,-0.1677,0.0659,-0.1703,0.0119,0.0232,0.0383,-0.1081,-0.1429,-0.0590,0.1998,0.0773,0.0178,0.0742,-0.2534,0.0976
"124,007",-16.0516,30.4214,-0.2175,0.1441,0.0582,0.1495,0.0446,-0.1169,-0.1114,0.0956,0.1092,0.2551,-0.0355,-0.1251,-0.0704,-0.0350,-0.0807,0.1591,-0.0794,-0.1164,0.0074,-0.1147,-0.3259,-0.1576,0.1090,0.0447,-0.1533,-0.0565,0.2040,-0.0497,0.0651,-0.0075
"076,004",-3.8658,-13.8096,0.0716,-0.1534,-0.0561,-0.1084,-0.0238,0.0714,0.1818,0.2792,-0.0776,-0.2369,0.1215,0.1027,0.0407,0.0246,-0.1697,0.0708,0.0135,-0.0785,-0.0375,-0.0713,0.1027,-0.0490,-0.1583,-0.0464,-0.2348,0.1706,0.1411,-0.1016,0.1736,-0.0474
"106,013",-22.5470,10.4215,-0.2404,-0.0102,-0.0147,-0.0052,0.1695,0.0550,0.0544,0.2248,0.1191,0.1800,-0.0155,0.1750,0.1424,-0.1600,-0.0547,-0.0591,0.1526,-0.0585,-0.0185,-0.0308,-0.0491,0.1172,0.1183,0.0648,-0.0519,0.0148,-0.0841,0.0731,-0.1118,0.0103
"236,003",-14.8780,49.2235,-0.0705,-0.0086,-0.0295,0.0287,-0.0914,0.0409,0.1453,0.0608,-0.0938,-0.0546,0.0586,0.1523,-0.1364,0.1970,-0.3667,0.3264,-0.2405,-0.4746,0.7369,-0.0719,-0.3095,-0.0927,0.0677,-0.1227,-0.0803,0.0393,-0.1033,-0.1412,-0.0988,0.1045
"396,003",23.8810,5.2122,0.3363,-0.0045,-0.1613,-0.0489,0.1130,-0.0669,-0.0083,0.1115,0.0663,-0.0576,-0.0175,-0.1986,-0.0645,0.1785,-0.0323,0.0164,-0.1978,-0.1243,-0.2189,-0.0058,0.1384,-0.0329,-0.0809,0.3329,-0.0600,-0.0518,0.1299,0.2083,-0.0425,0.1881
"167,020",-14.1871,27.8145,-0.2401,0.0964,0.0377,0.1253,0.0729,-0.1349,-0.0911,0.0886,0.0821,0.2009,-0.0112,-0.0729,-0.0371,-0.1210,-0.0718,0.0382,-0.0425,-0.0649,-0.1246,-0.0443,-0.0860,-0.0682,-0.0014,0.0184,-0.0622,-0.0147,0.0493,0.0174,0.1046,-0.1197
"003,003",-2.9881,14.9117,-0.2174,0.0475,0.0165,0.1625,-0.1106,0.0196,-0.1593,-0.0341,-0.2745,0.0307,-0.0023,-0.0614,-0.0248,-0.0180,-0.1327,0.0114,-0.0069,-0.1022,0.2496,0.0155,0.0835,0.2122,0.0727,-0.1093,0.0447,0.4261,0.0726,-0.2475,0.3228,-0.2009
"082,036",-7.0298,0.2337,0.0137,-0.0644,-0.1495,-0.0822,-0.0908,0.1830,0.1214,0.0718,0.0062,-0.1527,0.0731,0.0683,0.0287,-0.0986,0.1167,0.1273,-0.1516,0.2254,-0.1316,0.1458,-0.2217,0.2065,-0.0498,-0.1487,-0.0521,0.0409,0.1760,-0.0244,0.0380,-0.0278
"406,026",2.5502,6.5608,-0.0684,0.0727,-0.0630,0.0754,-0.1007,0.0900,-0.0255,-0.0116,-0.0641,-0.0217,0.0245,-0.1329,0.0464,0.0993,-0.2055,0.1653,0.1849,0.0479,-0.0579,0.0985,0.0690,-0.0726,-0.0856,0.0289,-0.0823,-0.0098,-0.0907,0.2675,-0.2280,-0.0937
"189,002=076,006",-23.1876,23.1346,-0.1932,0.0324,0.0526,0.0591,0.0358,-0.1101,-0.1579,0.0444,-0.2804,-0.0493,0.1532,0.0031,0.0853,-0.0158,-0.0318,-0.0438,0.0229,-0.1050,0.1258,0.1754,-0.0199,-0.1881,-0.0263,-0.0840,0.2150,-0.1485,-0.0922,-0.1512,-0.0459,0.2712
"457,010",-6.0634,17.2341,-0.1641,0.0409,0.0113,0.0374,0.1459,-0.0032,0.0303,0.1082,0.0875,0.1236,-0.1009,-0.0280,0.1285,-0.0584,-0.1498,0.0517,0.1029,0.0811,0.0469,0.0863,0.0634,0.1474,0.0646,0.0833,0.1127,0.1241,-0.1394,0.0619,-0.0379,-0.0353
"189,002",-32.5211,36.9043,-0.2367,0.0395,0.0314,0.1241,-0.0219,-0.0646,-0.1997,0.0963,-0.7487,-0.1264,0.4547,0.0107,0.2843,-0.0892,0.0861,-0.0949,0.1288,0.0680,0.0565,0.2247,-0.1211,-0.1778,0.1026,0.1425,0.3552,-0.0723,-0.1254,-0.0470,0.0747,0.4118
"254,001",-14.8967,0.6465,-0.1666,-0.0136,-0.0480,0.0107,-0.0710,0.0607,0.1019,0.1265,-0.0291,-0.0068,0.1237,0.2253,0.0191,-0.1474,-0.0131,-0.1579,0.0926,-0.0422,-0.0896,0.1521,0.0887,0.1241,-0.0562,-0.1285,0.1374,0.0536,-0.1057,-0.0379,-0.3646,-0.3535
"323,015",-11.6679,19.8982,-0.1510,0.0632,-0.1369,0.0281,-0.1935,0.2195,-0.0288,0.0323,0.1975,0.2488,-0.0900,0.2271,0.2479,-0.2187,0.1230,0.1602,-0.1009,0.0621,-0.0963,0.0520,-0.2451,-0.0625,0.0595,-0.0197,-0.0783,-0.0153,-0.0864,-0.2613,0.0337,0.0689
"124,008",-25.2125,-26.3582,0.0027,-0.0165,-0.2551,0.0123,-0.2889,0.2456,0.0452,-0.1479,0.0073,-0.1506,-0.0140,0.1157,0.1066,-0.1810,-0.4559,0.1955,0.5150,0.2109,-0.0580,-0.1972,0.2147,-0.2835,0.0186,-0.1259,-0.1168,0.0108,0.1915,0.1396,0.0016,0.0504
"461,075",37.3888,-5.3285,0.0101,0.0493,0.0221,-0.0029,-0.0960,0.0687,-0.0425,-0.0062,0.1063,-0.0413,-0.0665,0.1562,-0.0619,0.1684,0.0438,-0.0744,0.2339,-0.4733,-0.2625,-0.2588,0.0216,0.1755,0.0195,0.1526,0.2367,0.5963,0.4819,-0.3612,0.4226,-0.2364
"437,006",9.3364,2.7953,-0.1030,0.0285,0.0999,-0.0155,0.1754,-0.0972,-0.0696,0.0973,0.1384,0.1516,0.0078,-0.1413,-0.1086,0.0129,-0.0567,-0.1359,-0.0021,0.1630,0.0667,-0.2063,-0.0565,-0.1134,0.0464,0.0013,0.1308,-0.0355,0.0567,0.0962,0.0086,-0.0781
"167,019",6.3121,3.7813,-0.0553,-0.0129,-0.0320,-0.0083,0.0146,0.0302,0.0707,0.1397,-0.0433,-0.0238,0.0540,0.0045,0.0056,0.0650,0.0108,0.1309,-0.0761,-0.0751,-0.1840,0.1079,-0.0525,0.1609,-0.1429,0.0675,-0.0754,-0.0771,0.0344,0.1199,0.1541,-0.0673
"217,001",1.3757,-5.0710,0.0153,-0.3768,0.1076,-0.0002,0.0899,0.0030,0.0357,0.1738,0.0819,-0.0658,0.0927,0.0149,-0.1370,0.0334,-0.0668,-0.1146,-0.1037,0.1013,-0.0454,-0.0719,0.0095,-0.1867,-0.2703,-0.0758,0.1458,-0.0152,0.0349,0.0228,-0.0297,0.0063
"366,012",35.5042,1.0241,0.3103,0.1300,0.2142,0.0625,-0.0050,-0.0471,-0.0943,0.0405,0.1065,-0.1057,-0.0359,-0.0745,0.0125,0.2761,0.1295,0.0792,0.0178,-0.4290,-0.3397,-0.1343,0.1199,-0.0693,0.0268,0.2363,0.2096,0.2634,0.1318,-0.2504,-0.0950,0.0249
"225,004",0.4963,6.2893,0.0456,0.0327,0.0168,-0.0344,-0.0205,0.0398,0.0833,0.1264,0.0445,-0.0675,0.0460,-0.0581,-0.1591,0.1120,0.1840,-0.1320,0.0702,0.0149,0.1570,0.0032,0.0079,0.1224,0.0269,0.1024,0.0083,0.0002,-0.0121,0.0808,-0.1201,0.0280
"461,076",9.9496,3.2431,0.0763,-0.0318,-0.0481,-0.0690,0.0389,0.1116,0.1647,0.0951,0.0863,-0.1566,0.0300,0.0199,0.0309,0.0791,-0.0970,0.1083,-0.1599,-0.0869,-0.1762,0.0852,0.0603,0.0649,-0.2549,0.1658,0.0463,-0.2147,-0.0664,-0.0263,0.1603,0.0486
"457,009",-18.1124,27.6649,-0.2557,0.0868,0.0510,0.0829,0.1141,-0.0920,-0.0451,0.1517,0.1265,0.2600,-0.0452,-0.0584,-0.0531,-0.1706,-0.0511,-0.0440,0.0838,-0.2196,-0.0869,0.0441,-0.1444,0.0507,0.0797,0.0296,-0.2553,-0.1283,0.0765,-0.0983,-0.1943,-0.0094
"352,001",-16.9006,1.2257,-0.2756,-0.0339,0.0245,0.0543,0.1960,0.0641,0.0640,0.1909,-0.1042,0.0882,0.1125,0.1806,0.1119,-0.0652,-0.0679,-0.1456,0.1197,-0.2354,-0.0480,0.0588,-0.1001,0.0252,-0.1024,-0.0399,0.2480,0.1607,-0.1074,0.1870,-0.6620,-0.4678
"434a,016",-1.2282,-41.2667,0.1975,-0.1489,-0.1121,-0.5710,-0.1895,0.1474,-0.0444,-0.3144,-0.0275,0.3591,0.1400,0.1143,0.0158,-0.1105,-0.0535,0.2279,0.0042,-0.1136,-0.0036,0.1001,-0.0520,0.0881,-0.1955,-0.0006,-0.0035,-0.0096,-0.1032,0.1970,0.1702,-0.0115
"335,015",0.9089,-19.1211,0.1446,-0.3806,0.0023,-0.0623,-0.0494,0.0151,0.1385,0.2060,-0.0650,-0.1910,0.0680,0.0311,0.0266,0.0889,-0.1015,-0.0108,-0.1147,0.0968,-0.1088,0.0083,0.3085,0.0383,-0.0442,-0.0218,-0.4840,-0.0427,0.0361,-0.1658,0.0617,0.0106
"063,006",0.6915,-29.0151,0.0572,-0.0845,-0.0137,-0.2560,0.0294,0.0244,0.1506,0.1633,0.0440,-0.0330,0.0928,0.0688,-0.0376,0.0492,0.0583,-0.2439,-0.0243,0.0996,0.1076,0.1457,0.0277,0.5471,0.2035,0.0290,-0.1704,-0.3140,0.1055,-0.2675,-0.0814,0.0026
"016,009",1.1602,52.7585,-0.2833,0.1764,0.0985,0.1847,-0.0601,-0.8064,0.0743,-0.3369,0.0832,0.1008,-0.0123,-0.0108,0.1116,-0.1024,-0.1887,0.2152,0.0041,0.1824,0.0098,0.2205,0.1410,0.0678,0.1157,-0.0347,-0.0615,0.1494,-0.1021,-0.0269,0.1744,-0.2202
"364,017",-25.7423,-28.5543,-0.0123,0.0252,-0.3407,0.0971,-0.3762,0.2955,0.0267,-0.1721,0.0125,-0.1941,-0.0559,0.0779,0.1420,-0.2755,-0.6225,0.2409,0.7470,0.3006,-0.0241,-0.3356,0.1913,-0.2759,0.0072,-0.0583,-0.1576,-0.0692,0.2285,0.2360,0.0317,0.1430
"174,004",9.1269,3.5734,0.1204,0.0192,0.0330,-0.0384,-0.0987,0.0364,0.0103,-0.0308,-0.1742,0.0081,-0.2664,-0.0507,-0.0586,0.0797,-0.0333,-0.0179,0.1754,0.1014,-0.0428,0.2813,0.0488,-0.1991,0.1377,0.0193,0.0274,0.1356,-0.0291,0.0455,-0.0350,0.0860
"082,037",-26.0046,-24.8630,0.2447,-0.2364,-0.2959,-0.0176,-0.2569,0.1221,0.0970,0.0534,0.0580,-0.4361,-0.2383,-0.0216,0.4797,-0.4273,-0.2330,0.1734,0.4458,0.0364,0.0823,-0.5521,0.1264,-0.2721,0.0600,-0.0913,-0.0646,0.1017,0.5285,-0.0254,0.6348,0.0913
"401,005",5.4890,-7.4856,0.0701,-0.0720,0.0014,-0.1240,0.0340,0.0366,0.1399,0.1502,-0.0042,-0.1053,0.0651,-0.0478,-0.0471,0.0794,-0.0814,-0.0001,-0.1346,-0.1202,-0.0583,0.0497,0.1560,0.0444,-0.2347,0.0355,-0.3566,-0.0095,0.1159,0.1663,0.1143,0.0039
"082,038",12.6725,-11.1546,0.1690,-0.1200,-0.0381,-0.2734,0.0237,-0.0333,0.1360,0.1546,-0.1732,0.0335,-0.1257,0.0254,-0.1770,0.0488,-0.0628,-0.1502,-0.1566,0.1987,-0.0003,-0.1337,-0.0317,-0.0374,-0.0699,0.1038,0.0083,-0.1938,0.0718,-0.0789,-0.0298,0.0588
"027,004b",-7.7183,-20.6788,0.2180,-0.6258,0.0200,0.0379,-0.0672,-0.0068,0.0507,0.0566,-0.2137,0.0208,-0.0626,0.0428,0.0615,0.0512,-0.0625,-0.0071,-0.0294,0.1079,-0.0161,0.0458,0.1989,0.2439,0.1642,-0.0440,-0.2923,-0.1306,-0.0035,-0.2381,-0.0312,0.0283
"461,083",31.1761,-29.8475,0.0046,-0.0286,0.1471,-0.2544,0.1948,-0.1705,-1.0621,-0.0566,0.2042,-0.7525,-0.3636,0.3847,-0.0510,-0.0699,0.0282,-0.0136,-0.0673,0.0917,0.0805,0.1121,-0.1476,0.0439,0.0457,0.0280,0.0991,-0.0623,-0.0865,0.1307,-0.0220,-0.0316
"323,016",-10.4817,-7.6457,-0.0386,-0.2129,-0.1108,0.0560,-0.1869,0.2289,0.0941,0.0301,-0.0114,-0.0761,0.0464,0.1821,0.0912,-0.1574,-0.1441,0.1287,-0.0767,0.0909,-0.0521,0.0749,0.1153,-0.0168,0.0468,-0.0722,-0.0874,-0.0185,-0.0654,-0.0407,-0.0094,-0.1057
"265,001a=437,010a",-0.9931,4.6990,-0.0561,0.0145,-0.0349,-0.0365,-0.0372,0.1188,0.0214,0.0626,0.0527,-0.1299,-0.0246,0.0669,-0.0051,0.0150,0.0376,-0.2325,0.2281,-0.0971,0.0641,0.2816,-0.0921,0.0659,0.1146,0.1053,0.1399,-0.0323,-0.1092,-0.1396,0.1006,-0.0105
"026a,I",2.6562,3.0418,0.0342,-0.0227,-0.0002,-0.0415,0.0115,0.0002,0.0216,0.0368,-0.0077,-0.0205,0.0152,0.0082,-0.0091,0.0062,0.0079,0.0035,0.0157,0.0156,-0.0090,0.0119,0.0112,-0.0047,0.0083,-0.0128,0.0129,0.0118,-0.0058,0.0049,-0.0069,-0.0021
"293,017",-33.1511,43.3804,-0.2858,0.0653,0.0389,0.2399,-0.1351,-0.0675,-0.3718,0.1128,-1.0740,-0.0593,0.6148,-0.0773,0.4242,-0.1391,0.1650,0.0597,-0.0100,0.0497,-0.0649,-0.2921,-0.1797,0.2037,0.0468,0.2722,-0.0103,-0.0209,0.0292,-0.0432,0.0943,0.3723
"293,018",-9.4210,3.6402,-0.1553,0.0056,-0.0785,0.0032,-0.0366,0.0399,0.1181,0.0869,0.0727,0.0365,0.0340,0.1911,0.0131,-0.0830,-0.1901,0.0068,0.1980,-0.0179,-0.0954,-0.0141,-0.1175,0.2090,-0.0421,0.0076,-0.0370,0.0671,-0.1136,0.1253,0.0451,-0.0695
"293,019",-17.9983,-19.1727,-0.0783,0.0117,-0.2421,0.0813,-0.1692,0.1882,0.1085,0.1247,0.1465,-0.0963,0.0051,0.2674,-0.2999,-0.4149,0.7968,0.7294,0.6688,0.1721,0.4400,-0.4221,0.4718,-0.4816,0.0632,0.1737,-0.1947,-0.3164,0.0371,0.0631,0.1795,0.0189
"437,011=076,007",-7.1834,-0.6576,-0.0675,-0.0499,0.0528,-0.0741,0.1329,-0.0402,0.0155,0.1679,-0.1192,-0.1590,0.1711,0.0917,0.0148,-0.0765,0.0362,-0.3007,0.1075,0.0448,-0.0147,0.2184,-0.0279,-0.1450,0.0294,0.1074,0.2449,-0.1361,-0.0110,0.0655,-0.0545,0.1316
"082,039",5.6347,-0.1793,0.0402,-0.0154,-0.0636,-0.0593,-0.0056,0.0622,0.0881,0.1084,0.0452,-0.1004,0.0487,-0.0483,-0.0626,0.0294,0.1006,0.0752,-0.0806,0.0996,0.0349,-0.0519,-0.1440,-0.0321,-0.0657,-0.0003,0.0222,0.0033,-0.0346,0.0263,0.0244,0.0291
"082,048",6.8226,-8.4188,0.1110,-0.0690,-0.0186,-0.2012,0.0304,0.0022,0.1640,0.1257,0.0660,-0.1329,0.0322,-0.1367,0.0811,-0.0857,0.0591,-0.0697,0.0047,-0.1511,-0.0769,0.0612,0.0613,-0.1036,-0.0461,-0.0191,0.0767,0.1027,0.0778,-0.0167,-0.0404,0.0213
"082,041",8.2892,-9.5896,0.1483,-0.0676,0.0196,-0.1719,0.0433,-0.0245,0.1199,0.1956,0.0194,-0.2025,0.0851,-0.0819,-0.0431,0.1037,-0.0493,-0.0556,-0.2467,-0.0244,0.0117,0.0048,0.0631,-0.0127,-0.1246,0.1382,-0.2164,-0.1044,0.1372,0.0813,0.0324,0.0732
"082,042",-9.0449,35.4796,0.0724,-0.0472,-0.1199,-0.0314,-0.0919,0.1328,0.1550,0.0973,-0.1781,-0.1949,0.1453,0.0694,0.0393,0.0698,-0.2589,0.4957,-0.3019,-0.0670,0.2663,0.0746,-0.1238,-0.0582,-0.0074,0.0708,0.0826,-0.0388,-0.1109,0.0099,0.0409,0.1169
"082,043",-1.3486,-16.9958,0.1450,-0.1309,-0.0137,-0.3196,0.0445,-0.0182,0.1343,0.1543,0.0134,-0.1047,0.1249,0.0934,-0.0370,0.0295,0.0783,-0.1190,-0.0771,0.0324,0.0135,-0.0028,-0.0377,0.1268,0.0032,-0.0074,-0.0836,-0.1070,0.0912,0.0326,0.0303,-0.1306
"082,044",10.2365,-2.2814,0.0987,-0.0614,-0.0652,-0.1448,-0.0232,0.0449,0.0647,0.0589,0.0493,-0.0266,0.0490,-0.0750,-0.0655,0.0022,-0.0734,0.1124,-0.1178,0.2015,0.0058,0.0032,-0.0831,-0.0721,0.0627,-0.0449,0.0434,0.0438,0.1135,0.0321,0.0355,-0.0575
"082,045",26.5488,-23.7564,0.1563,-0.0815,0.0770,-0.3515,0.0722,-0.0947,-0.5127,0.0229,0.0844,-0.4250,-0.1055,0.2320,-0.0309,0.0303,-0.0791,0.0426,-0.1952,-0.1784,0.2544,-0.0829,-0.1290,-0.0536,0.0036,0.0620,-0.0242,-0.0407,-0.0202,0.0229,-0.0862,0.0655
"082,046",-3.4372,0.7306,-0.0225,-0.0205,-0.0054,-0.0985,-0.0146,-0.1315,0.1267,0.0542,0.0233,-0.0987,0.0549,0.0809,-0.0030,-0.0339,-0.0395,-0.1685,0.1308,0.1183,0.0455,0.1828,0.1291,0.0503,0.1152,0.0276,0.0437,-0.0046,0.0259,-0.0341,-0.0846,0.0664
"082,047",15.3024,-2.8323,0.1201,-0.0052,0.0564,-0.0750,0.0819,-0.0457,0.0822,0.1259,0.1025,-0.0982,0.0332,-0.1073,-0.1171,0.1292,0.0716,-0.0667,-0.0725,0.1365,-0.0432,-0.1268,-0.0251,-0.0554,0.1022,0.0918,0.0951,0.0725,0.0026,0.0631,0.0522,0.0488
"246,019",16.0809,10.9118,0.0777,0.0738,-0.0660,0.0467,-0.1371,0.0569,0.0691,-0.0101,0.1226,-0.0519,-0.0317,-0.1006,-0.0326,0.0686,0.0058,0.1263,-0.1065,0.0373,-0.1550,0.0865,-0.0784,0.0101,-0.0034,0.1413,0.0970,-0.0768,-0.0578,-0.0047,0.0319,0.0572
"082,049",-6.0487,-10.2331,0.0579,-0.1322,-0.1113,-0.2200,-0.0964,0.1518,0.1445,0.1302,-0.0506,-0.1381,0.1822,0.1939,0.0285,-0.0521,-0.0927,0.1008,0.0182,-0.0069,-0.0862,0.1973,0.1474,0.1204,-0.0529,-0.1093,-0.0866,-0.0613,-0.0464,0.0893,0.0605,-0.2178
"082,040",13.3777,4.9888,0.1933,-0.0799,-0.1138,-0.2593,-0.1228,0.0915,0.2175,0.0950,0.0850,-0.2441,-0.0170,-0.2134,0.2500,-0.1541,-0.0047,0.0653,-0.2117,-0.1779,-0.0867,0.0532,-0.0554,0.1273,-0.2927,0.0954,-0.0614,-0.1264,-0.0620,0.2121,0.2083,-0.2312
"156,I",-2.2447,8.4053,-0.0462,-0.0204,0.0138,-0.0184,0.0365,0.0052,-0.0043,0.0255,-0.0010,0.0174,0.0115,0.0032,-0.0154,-0.0043,0.0111,-0.0044,0.0128,-0.0025,0.0118,0.0205,0.0135,-0.0071,0.0031,-0.0289,0.0269,0.0216,-0.0094,-0.0031,-0.0095,-0.0082
"009,009",-13.3135,8.8658,-0.1060,-0.2074,0.0490,0.0287,0.2339,0.0836,0.0985,-0.0509,-0.0872,0.0361,-0.0286,-0.0047,-0.0351,-0.0070,-0.0266,0.0064,0.0232,0.0844,0.0736,-0.1081,0.0582,0.0913,0.0728,-0.0249,0.0441,0.0994,-0.0013,0.0785,0.0389,-0.0117
"392,007",19.0005,-17.7283,-0.1355,0.0156,0.0210,0.0097,0.0720,0.0592,0.0574,-0.1352,-0.0950,-0.0343,-0.0159,-0.0299,-0.0942,0.1966,0.0356,-0.2349,0.2395,-0.1211,0.1431,0.4503,-0.0033,-0.3536,0.0729,-0.0275,-0.0833,0.2351,0.0543,0.1797,-0.0974,0.0767
"154,002",-9.6995,-21.5443,0.2524,-0.4406,-0.0581,-0.0099,-0.1024,0.0736,0.0760,0.0350,-0.3739,-0.0298,-0.0678,-0.0465,0.1036,0.0521,-0.2288,0.3013,0.0018,0.3473,-0.0512,-0.0316,0.2342,0.1959,0.3938,-0.0804,-0.2997,0.0773,0.0723,-0.0975,-0.0255,-0.0763
"437,014",10.2468,24.5504,-0.2450,0.0179,0.0375,0.0148,0.2000,0.0427,-0.1010,-0.1172,-0.0135,0.0586,-0.0900,-0.1800,-0.0135,-0.1215,-0.1527,0.0456,0.0721,0.2042,0.2322,0.3305,0.2673,0.2007,0.0695,-0.1621,0.2381,0.3243,-0.2030,-0.1995,0.0489,-0.0833
"017,I",-1.5022,21.7895,-0.2237,0.0294,-0.0452,0.0942,0.0824,0.1841,-0.0317,-0.1567,0.0436,0.0307,-0.0796,-0.0157,0.0077,-0.2547,-0.2100,0.1917,-0.0568,0.0183,0.0860,0.0915,0.1622,0.0201,0.1955,0.0528,0.0162,0.2060,-0.1071,-0.1554,0.0534,-0.0334
"234,007",-35.4467,22.8594,-0.2595,0.1136,-0.2193,0.2235,-0.3181,0.4226,-0.0127,-0.1959,0.1231,0.0268,-0.0877,0.2587,-0.1026,-0.4771,0.4811,0.1891,-0.7248,0.2454,-0.0820,0.1821,-0.0607,-0.0838,0.1924,-0.1320,0.0193,0.1493,0.1605,-0.0787,-0.0312,0.0759
"437,012",9.2894,25.0661,-0.2915,0.1095,0.0807,0.1266,0.1411,-0.0692,-0.2598,-0.1968,-0.2231,0.0822,-0.0149,-0.3161,0.0897,-0.0314,-0.0904,0.0914,0.0747,0.2197,0.2441,0.2208,0.2012,0.1917,0.0707,-0.1301,0.1223,0.3533,-0.1753,-0.1312,0.1030,-0.0974
"080,012",-41.1066,24.9790,-0.2917,0.1421,-0.1142,0.2418,-0.3090,0.2457,-0.1456,-0.0938,0.0306,0.1034,-0.1514,0.1359,-0.1204,-0.5053,0.1161,-0.1756,-0.7396,-0.1099,-0.0114,-0.0166,0.4476,-0.1685,0.3519,0.1018,-0.0827,0.2877,-0.0074,-0.0677,0.1327,-0.2063
"461,097",-31.7584,6.5358,-0.1343,0.0279,0.0605,-0.0340,0.2384,-0.0204,0.0392,0.1731,0.1451,0.1371,-0.0350,-0.1632,-0.2305,-0.1238,-0.0877,-0.1931,0.1377,0.1564,0.1555,-0.1680,-0.0249,0.3711,0.2269,0.2928,0.0895,0.1277,0.0330,0.3031,0.0468,0.0842
"434a,019",-0.6798,-50.9471,0.2973,-0.2233,-0.0008,-0.9173,-0.1713,0.0847,-0.2856,-0.5540,-0.0132,0.7311,0.2967,0.0697,0.0395,-0.1012,0.0421,0.1293,0.0398,-0.2759,0.0005,-0.0182,0.0384,-0.0567,-0.1569,-0.0177,0.0843,0.1433,0.0178,0.0770,0.1893,0.2244
"296,001a",9.0428,19.0878,0.0232,0.0297,0.0610,-0.1145,0.0266,0.0125,-0.0693,-0.0963,-0.0460,0.1816,-0.0929,-0.2774,-0.0278,0.0219,-0.1444,0.1466,0.0416,0.1380,0.0394,0.1984,0.2111,0.0910,0.0888,-0.0085,0.0825,0.3410,-0.1552,-0.0405,-0.0289,-0.0009
"338,001",-11.5320,-18.6599,0.1235,-0.3957,0.0173,-0.0944,-0.1384,0.0146,-0.0835,0.0084,-0.6118,0.0704,0.2521,0.0606,0.2126,-0.0032,0.0084,0.1401,-0.0223,0.0370,-0.0045,-0.1029,0.0207,0.2132,0.1987,0.0355,-0.1596,0.0032,0.0445,-0.0877,0.1114,0.1286
"030,III",6.6205,6.8545,0.0751,0.0133,0.0186,-0.0089,-0.0170,-0.0184,0.0156,-0.0016,-0.0176,0.0091,-0.0155,-0.0466,-0.0062,0.0385,0.0213,0.0372,0.0201,0.0140,-0.0197,0.0194,0.0083,-0.0081,0.0298,-0.0272,0.0054,0.0320,-0.0153,0.0006,-0.0015,-0.0270
"047,006",25.3082,-10.3811,0.0294,0.0065,0.0780,-0.0539,0.1456,-0.1068,0.0169,-0.0235,0.1304,0.0849,-0.0044,-0.2262,-0.1235,0.1473,-0.0492,-0.0635,-0.1226,0.2498,0.0688,-0.2268,-0.1334,-0.1904,0.1470,0.1029,0.1487,-0.0953,0.1458,0.0456,-0.0565,-0.1036
"030,II",7.0628,8.0731,0.0473,0.0023,0.0143,-0.0184,0.0108,-0.0228,-0.0031,-0.0008,0.0055,0.0135,-0.0234,-0.0867,-0.0015,0.0440,-0.0037,-0.0023,0.0069,0.0449,0.0078,0.0163,0.0149,-0.0265,0.0326,-0.0234,0.0163,0.0333,-0.0127,-0.0148,-0.0200,-0.0017
"244,001",-31.1745,15.4274,0.0137,-0.0345,0.0770,-0.0313,0.1631,-0.0250,0.1257,-0.1001,-0.0248,-0.1460,-0.0667,-0.0148,0.0514,-0.0177,0.0153,-0.1118,0.0338,-0.1773,-0.0723,0.0148,0.1801,-0.0873,-0.2371,-0.1877,0.5461,-0.3067,0.0390,-0.4246,-0.0287,0.1820
"047,007",29.7354,-9.5895,0.1665,0.1462,0.1318,-0.0121,0.0257,0.0402,-0.1464,-0.0365,0.1225,0.1651,-0.0891,-0.4827,0.0068,0.3220,-0.0329,-0.0404,-0.0041,0.5135,0.1301,-0.0330,0.0374,0.0051,0.3000,0.0661,0.2013,-0.0580,0.0373,-0.2203,-0.1560,-0.2696
"461,092",-0.1728,12.8128,0.0293,-0.0375,0.0453,-0.0549,-0.0173,0.0355,0.0516,0.0615,-0.1302,0.1802,-0.3473,-0.0464,0.0706,0.0524,-0.1657,0.0739,0.1360,0.0236,0.1206,-0.0149,0.2434,0.2027,0.2413,0.0156,0.0897,0.4796,0.2202,-0.2449,0.2607,0.0662
"437,013",12.3255,32.3385,-0.2191,0.1596,0.0436,0.1848,-0.0600,-0.0805,-0.3134,-0.0774,-0.0911,0.1349,-0.0398,-0.3218,-0.0224,0.1355,-0.0472,0.0162,0.1767,0.1035,0.1291,0.0603,-0.0829,-0.0409,-0.1484,-0.3143,-0.1784,-0.0452,0.0212,-0.1446,0.2325,-0.4163
"356,002",-7.3966,29.7656,-0.1049,-0.0020,-0.0370,0.0117,-0.0166,0.0702,0.0316,0.0491,-0.0208,-0.0132,0.0076,0.0608,-0.0742,-0.0354,-0.2341,0.1178,-0.0374,-0.1045,0.2397,0.0009,0.0225,-0.1689,0.0334,-0.1269,0.0737,0.0280,-0.0873,-0.0535,-0.0795,-0.0120
"259,001a",0.2875,-8.5756,0.1605,-0.1628,-0.1296,-0.1783,0.0368,0.0073,0.1394,0.1784,-0.1027,-0.0927,0.1704,0.1614,-0.0479,0.1283,-0.0779,0.1035,-0.2150,-0.1487,0.1786,-0.0188,-0.1579,-0.0057,-0.0970,-0.0450,-0.0625,-0.0286,-0.0424,-0.0361,0.0451,-0.0623
"364,018",-15.8507,-23.0722,-0.1289,0.0492,-0.0549,0.0369,0.0155,0.1083,0.1371,0.2320,0.2151,-0.0581,0.0546,0.1935,-0.6256,-0.2785,1.6694,1.1743,0.8440,0.2344,0.6617,-0.2205,0.5103,-0.3895,-0.1535,0.3149,-0.1602,-0.5161,-0.3488,-0.0144,-0.0257,-0.0457
"461,100",2.7321,19.5116,0.0464,-0.0659,-0.0496,0.1498,0.0292,-0.0853,-0.0776,0.0345,0.0800,0.0752,0.0155,-0.2087,-0.1849,0.2389,0.0852,-0.2697,0.0183,0.0765,0.1262,-0.0902,-0.0864,-0.0959,-0.1153,-0.0617,0.0322,-0.0257,0.1627,0.1201,-0.2055,-0.0823
"281,003",-19.4041,17.6753,-0.2143,-0.0121,0.0547,0.0477,0.1957,-0.0880,-0.0379,0.1136,0.1626,0.1380,-0.0026,-0.1339,-0.1617,-0.1261,-0.1235,-0.1252,0.0379,0.1112,0.0130,-0.1542,-0.0046,-0.1170,-0.2300,0.0393,0.1304,0.0386,-0.1362,0.0766,0.1351,0.1388
"226,002",12.2971,-17.5994,0.1603,-0.1295,-0.0249,-0.1663,-0.0757,-0.0065,0.1358,0.1585,-0.0497,-0.1679,0.1013,0.0687,-0.0506,0.1245,0.0889,-0.1650,0.1230,0.0047,-0.0215,0.2362,0.0805,-0.2847,0.1157,-0.0361,-0.2869,0.2009,0.2333,0.0090,0.0145,-0.0235
"066,002",1.3192,-14.6449,0.0984,-0.0969,-0.0247,-0.1981,0.0448,0.0042,0.1068,0.1445,0.0009,-0.1799,0.0182,0.0283,0.0022,0.0003,0.1112,-0.0759,-0.0304,0.0422,0.0445,0.0477,-0.0437,0.1456,0.0558,-0.0197,-0.0285,-0.0431,0.0284,-0.0755,-0.0433,-0.0592
"076,008",-6.5240,8.5002,-0.1460,0.0057,-0.0124,0.0487,0.0253,0.0353,-0.0234,0.1333,0.0025,-0.0208,0.0683,-0.0078,-0.0646,-0.0517,-0.0980,0.0099,-0.0316,-0.0243,-0.1574,0.0985,-0.0360,-0.0441,-0.1748,-0.0138,-0.0224,-0.0205,-0.0612,0.0586,0.0415,-0.1815
"080,013",38.8535,-4.7216,0.0721,0.0315,-0.0208,-0.0479,-0.1686,0.1589,0.0081,-0.0078,0.0919,-0.1106,-0.0350,0.2050,-0.0690,0.1925,0.0547,-0.1077,0.2637,-0.4682,-0.2824,-0.2367,0.0583,0.2056,0.0342,0.1514,0.3122,0.5994,0.5209,-0.4992,0.5385,-0.3448
"392,012",-30.4002,24.3598,-0.1586,0.0771,-0.0411,0.0799,-0.1948,0.0835,-0.0730,0.0305,-0.0046,-0.0234,0.0037,0.1421,-0.0700,-0.2029,0.2083,-0.2241,-0.2607,-0.1692,0.0312,0.0415,0.2401,-0.0415,0.2176,0.0751,-0.1254,-0.0450,0.0079,-0.0504,-0.1584,-0.1104
"249,002=367,001",-28.1346,18.2441,0.0714,0.0281,0.1522,0.0180,0.0921,-0.4028,0.2286,0.0150,0.0953,-0.1346,0.0719,0.0226,0.0786,-0.1206,-0.0759,-0.1888,-0.1270,0.0190,-0.0703,0.0830,0.2107,-0.0867,-0.1883,-0.0415,0.2003,-0.5153,0.1574,-0.2791,-0.1186,0.2624
"070,B.C.",-16.7278,-1.9476,-0.0819,-0.0101,0.0363,-0.0460,0.0405,-0.1631,0.1208,0.1476,-0.0578,0.0721,-0.0981,0.2414,-0.2458,-0.0921,0.2271,0.0602,0.0933,-0.0038,-0.0946,0.1237,-0.2355,0.0865,0.0519,-0.2398,-0.0337,0.1601,0.1769,0.1209,-0.1560,-0.0236
"461,101",25.9970,-9.2209,0.1512,0.0372,0.0124,-0.0819,0.0466,0.0318,-0.0585,0.0679,0.0503,0.0693,0.0357,-0.3552,-0.0807,0.2718,0.0641,-0.0542,-0.0347,0.3229,-0.0182,0.0682,-0.0246,-0.2380,0.2978,0.0479,0.3917,0.0933,0.1753,-0.0435,-0.3858,-0.1674
"070,018",8.8149,43.8990,-0.1366,0.2444,-0.0293,0.2972,-0.4467,-0.0865,-0.0936,-0.3213,-0.0635,0.0625,-0.0699,-0.1462,-0.1895,0.4943,0.1728,-0.3065,0.2490,-0.2820,0.2586,-0.0729,-0.0975,0.1890,-0.5034,-0.2429,-0.2841,0.0187,0.1051,0.1185,-0.1164,0.0510
"030,012",-25.3832,37.5701,-0.0929,0.1087,0.0947,0.1547,-0.0417,-0.0656,-0.3054,0.0358,-0.5587,-0.0119,0.2743,-0.2779,0.1698,0.0928,0.0987,0.0265,-0.0765,0.1749,-0.0095,-0.1461,-0.0174,-0.0203,0.0310,0.0616,0.0640,-0.1008,0.0570,-0.0547,0.0395,0.0775
"282,003",19.1926,11.6254,-0.0260,0.0826,0.0051,0.0630,0.0081,0.0366,0.0344,0.0531,0.1111,0.0099,-0.0353,-0.1165,-0.1227,0.0975,-0.0123,0.0830,-0.1544,-0.0609,-0.0390,0.0640,-0.0655,0.0150,-0.1586,0.1036,-0.0102,-0.1031,0.0880,0.1413,-0.0711,0.2241
"154,I",0.5776,2.8157,0.0231,-0.0324,-0.0172,-0.0386,-0.0088,0.0062,0.0277,0.0304,-0.0207,-0.0295,0.0191,0.0276,0.0027,0.0046,0.0081,0.0081,0.0036,-0.0036,-0.0110,0.0085,0.0074,0.0001,0.0072,-0.0096,0.0044,0.0057,-0.0045,-0.0035,0.0007,-0.0028
"461,114",23.9464,-21.6798,-0.0574,-0.1147,0.0219,-0.0959,0.0821,0.0090,-0.4202,0.0907,-0.1319,-0.4715,-0.0704,0.1972,0.1274,-0.1231,-0.1298,0.0831,0.0043,0.0485,-0.0137,-0.0344,0.1821,0.0632,-0.1492,-0.0196,0.0465,-0.0082,0.0363,-0.0254,0.1258,0.0835
"213,008",-27.1397,3.7776,-0.1457,0.0895,-0.0778,0.1177,-0.1058,0.1779,-0.0476,0.0165,0.1372,0.0402,-0.0636,0.1309,-0.1357,-0.3091,0.4704,0.3592,-0.3067,0.1929,-0.0452,0.1855,0.0030,-0.0751,0.1028,-0.0356,-0.0524,-0.0366,0.0335,-0.0113,0.0695,0.1485
"266,005",12.1617,-14.2787,0.2277,-0.0462,0.0561,-0.0781,-0.0450,-0.0058,0.1837,0.0999,-0.3285,-0.0204,-0.1619,0.1811,-0.0977,0.0457,0.0890,-0.1512,0.1380,0.0316,-0.0651,0.2245,-0.0933,-0.2997,0.1506,0.0631,-0.0435,0.0821,0.0369,0.1292,0.0111,-0.1115
"234,009",-2.6006,28.3565,0.0369,0.1355,0.1159,0.1221,-0.0575,-0.0363,-0.2007,-0.0050,-0.2705,-0.0258,0.0664,-0.4048,0.0946,0.2895,0.0406,0.1856,-0.1136,0.0306,-0.1248,0.0506,0.1601,0.0183,-0.0548,0.0740,-0.0651,0.0057,-0.0033,-0.1264,0.1041,0.0669
"243,007",-22.3076,-20.8299,0.2093,-0.0011,-0.2848,0.0833,-0.1206,-0.0521,0.1213,-0.0721,0.0705,-0.1896,-0.0316,0.0225,0.1687,-0.1984,-0.2307,0.1433,0.2628,0.1446,-0.0214,-0.2043,0.0945,-0.1584,0.0318,0.0281,0.0532,-0.0718,0.1377,0.0202,0.1592,0.0561
"204,003",-25.2912,-24.0890,0.2054,-0.0889,-0.2365,-0.0191,-0.2166,0.1758,0.1925,0.0982,-0.0216,-0.3428,-0.1545,0.0482,0.2711,-0.3016,-0.3345,0.1739,0.5517,-0.0866,-0.0378,-0.5348,0.2142,-0.2359,0.0347,-0.0228,0.0374,0.2863,0.5966,-0.1361,0.6386,0.0192
"392,014",30.7693,0.2309,0.2097,-0.0409,0.0232,-0.0999,-0.0845,-0.0089,0.2462,0.2048,-0.0100,-0.1475,0.1225,0.1030,-0.0718,0.1731,0.4122,0.2712,0.0916,-0.3601,-0.2725,-0.1235,0.1443,0.1300,0.1588,0.0642,0.2978,0.0475,-0.2206,-0.1221,0.1950,-0.2704
"202,006",-12.2615,41.8714,-0.3960,0.1262,0.0682,0.1619,0.2045,-0.1648,-0.0891,0.1753,0.1944,0.4298,-0.0556,-0.0401,-0.0041,-0.3658,-0.1570,0.0298,0.2714,-0.3407,-0.2267,-0.0084,-0.5580,-0.0567,0.1497,0.0457,-0.4883,-0.2543,0.0258,-0.3318,-0.3138,-0.0719
"124,009a",-11.3599,45.3167,-0.4404,0.1372,0.0511,0.1930,0.1466,-0.2114,-0.0560,0.1838,0.1994,0.4525,-0.0264,0.0858,0.0436,-0.5190,-0.1910,0.0930,0.3204,-0.4613,-0.3165,-0.0045,-0.7255,-0.0404,0.2199,0.1656,-0.5383,-0.3210,-0.0429,-0.4333,-0.4554,0.0468
"285,001",15.6496,12.7462,-0.0274,0.0406,-0.0976,0.0239,-0.0069,0.2139,0.2144,-0.0271,0.0477,-0.0606,-0.0399,0.0608,0.1304,0.4998,-0.0194,0.2320,-0.2246,-0.1113,-0.2596,0.1419,-0.3164,0.4021,-0.3285,0.1212,0.0071,-0.1775,-0.2497,0.1661,0.1727,-0.1325
"285,001=364,019",16.7335,12.5064,-0.0175,0.0489,-0.0834,0.0303,-0.0081,0.2061,0.1980,-0.0281,0.0484,-0.0638,-0.0426,0.0496,0.1259,0.5063,-0.0245,0.2398,-0.2241,-0.1317,-0.2728,0.1368,-0.2984,0.3956,-0.3217,0.1434,0.0112,-0.1617,-0.2324,0.1555,0.1842,-0.1332
"293,023",-24.1105,18.6587,-0.2310,-0.0416,0.0390,0.1030,0.0854,0.0106,-0.0826,0.0729,-0.2598,0.0354,0.1657,0.0122,0.0961,-0.1653,-0.0401,-0.0401,0.0169,0.0380,0.0193,0.1106,0.0336,-0.1033,-0.1798,-0.1437,0.3597,-0.1445,-0.0092,-0.1915,-0.1183,0.1131
"293,022",-0.4832,-0.3595,-0.0525,-0.0969,-0.0464,-0.0861,0.0709,0.0799,0.1105,0.2811,0.0939,-0.0772,0.0963,0.1876,-0.0029,-0.0405,0.2413,0.1093,-0.0234,0.4041,-0.2017,-0.0970,-0.2397,-0.0922,-0.2177,-0.0984,0.0702,0.1391,-0.3468,-0.0994,0.0354,-0.0892
"331,001",28.9334,-9.8330,0.0516,0.1055,0.0881,0.0405,0.0584,-0.0514,-0.1402,0.0699,0.0916,0.0675,0.0130,-0.2746,-0.1320,0.2395,-0.0142,-0.1037,-0.0767,0.2296,-0.0323,-0.2575,-0.0690,-0.1370,0.1422,0.0085,0.1387,-0.2367,0.1102,-0.0474,-0.0163,-0.2121
"293,024",-30.4207,6.3261,-0.2181,-0.0201,0.0313,-0.0280,0.2287,-0.0235,0.0713,0.2797,0.1313,0.1976,0.0598,0.0266,-0.2197,-0.2115,-0.0184,-0.2173,0.1402,0.0096,0.0499,-0.2469,-0.1500,0.3022,0.0684,0.2240,0.0179,0.0565,-0.0471,0.4149,0.0652,-0.0255
"461,104",2.8641,21.5988,-0.2210,0.0333,0.0314,0.0335,0.1365,-0.0170,-0.0065,-0.0192,-0.0070,0.1018,-0.1007,-0.1388,-0.0746,-0.0737,-0.1301,0.0021,0.0691,-0.0602,0.1611,0.3158,0.3777,0.1047,-0.0969,-0.1981,0.1545,0.2963,-0.0470,0.0319,-0.0549,0.2847
"082,053",20.0002,5.0396,0.0937,0.0220,0.0542,-0.0272,0.0520,-0.0388,0.0317,0.1312,0.1174,-0.0703,0.0155,-0.1477,-0.0951,0.1507,-0.0345,0.0325,-0.1215,-0.0811,-0.1820,0.0363,0.0810,-0.0326,-0.0956,0.1638,0.0100,-0.0001,0.1324,0.0298,0.0353,0.0446
"010,025",41.2809,-1.4106,0.2883,0.1103,0.1803,0.0473,-0.0177,0.0386,-0.0082,0.1096,0.0743,-0.1091,0.0989,0.0272,-0.0180,0.3991,0.1137,0.1223,0.1125,-0.6853,-0.5691,-0.1719,0.2009,-0.0833,0.0756,0.3902,0.6199,0.6254,0.3353,-0.5930,-0.2009,-0.2929
"349,003",4.3126,6.1008,0.0150,0.0069,0.0497,-0.0404,0.0578,-0.1967,0.1104,0.0555,0.0722,0.0209,0.0904,0.0339,-0.1322,0.1165,0.0020,-0.0253,-0.0430,0.0000,0.0386,-0.0103,-0.0359,0.0292,0.0684,-0.1399,0.0423,-0.0155,0.1063,0.1191,0.0196,0.0298
"016,013",-28.5883,10.9329,-0.2462,0.0421,0.0369,0.0297,0.1932,-0.0886,0.0841,0.1328,0.1069,0.1810,0.0312,0.0675,-0.1157,-0.2032,-0.0329,-0.0773,0.1778,-0.1003,-0.0147,-0.1325,-0.2164,0.2213,0.1061,0.1741,-0.0526,0.0342,-0.0323,0.2253,-0.0088,0.0045
"322a,001=201,001",20.6459,7.6544,0.0419,-0.0136,-0.0097,-0.0620,0.1626,0.0855,0.1836,0.1483,0.0611,-0.0715,-0.0964,0.0472,0.0115,0.2167,0.0127,0.0275,-0.2424,-0.0768,-0.2210,-0.0429,0.0177,0.0676,-0.1960,0.3063,0.1005,-0.1710,0.0732,0.2625,0.1022,0.0119
"344,003",-44.6720,-20.8821,-0.5259,-0.0739,0.0575,-0.0468,1.3466,0.5385,0.5531,-1.1976,-0.1463,-0.3559,-0.1786,0.0838,0.2446,0.3424,0.2271,-0.0922,-0.0734,-0.0176,-0.1325,-0.4035,-0.0872,-0.1028,0.1146,0.1409,-0.2160,-0.0854,0.0307,-0.0420,-0.0203,-0.1147
"418,001",-2.9010,-0.7012,-0.0599,-0.0734,-0.0156,-0.1440,0.1261,0.0609,0.0922,0.0535,0.0396,-0.0037,0.0743,0.0780,-0.0537,-0.0042,-0.0073,-0.0843,0.0022,0.0073,-0.0091,-0.0227,-0.0157,-0.1084,-0.0763,-0.0170,-0.0252,0.0453,-0.0081,-0.0088,-0.0226,-0.0025
"249,005",10.5959,13.2282,0.0770,0.0655,-0.0466,-0.0445,-0.0412,-0.0056,-0.1323,-0.0489,0.0328,0.1602,0.0188,-0.2792,-0.0968,0.2172,-0.0359,0.1250,-0.2702,-0.0908,-0.0143,0.0734,0.0304,-0.1741,-0.0062,0.0217,-0.0903,0.0045,-0.1342,-0.0505,0.0492,0.0061
"461,106",-0.4789,13.1036,0.0185,0.0343,0.0092,-0.0524,-0.1007,-0.1238,0.0009,-0.0442,0.0172,-0.0823,0.0351,-0.0918,-0.0163,0.0589,0.0714,-0.1833,0.1228,0.0949,-0.0271,0.0258,-0.0941,-0.0886,-0.1912,-0.1336,0.0405,0.1174,-0.0848,0.1960,-0.3216,-0.1705
"282,002",-11.5808,-17.6819,0.2089,-0.5268,0.1088,0.0163,-0.0940,0.0017,0.0928,0.0667,-0.2718,0.0320,-0.1101,0.0571,-0.0124,0.0629,-0.0773,0.1379,-0.0222,-0.0448,0.0618,-0.1589,0.0404,0.1372,0.2915,-0.1062,-0.0944,0.0802,0.1357,-0.0050,0.1415,0.0165
"155,008",-3.8869,30.3771,-0.1966,0.1099,0.0817,0.1106,0.0733,-0.0977,-0.1110,0.0511,0.0118,0.2370,-0.0775,-0.1546,-0.1415,0.0225,0.0041,-0.0681,0.0134,-0.2009,-0.0284,0.0127,0.0537,-0.1352,-0.1913,-0.1414,-0.1636,0.0416,0.1896,0.1726,0.1716,-0.0068
"461,107",-34.5449,39.8983,-0.2828,-0.0044,0.0525,0.1471,0.0378,-0.0417,-0.2950,0.1938,-1.0237,-0.1313,0.6291,-0.0170,0.3788,-0.1937,0.1188,-0.0133,0.0083,0.1386,-0.0203,-0.0486,-0.0885,-0.0077,0.0281,0.2214,0.3272,-0.0889,-0.0537,-0.0197,0.1149,0.3435
"156,004=097,002",-25.1545,35.8661,-0.3642,-0.0109,0.0739,0.1373,0.4006,0.1213,-0.0908,-0.4003,-0.7121,-0.1736,0.2822,-0.0728,0.3435,0.0324,0.1093,0.0188,-0.0616,0.0614,-0.0808,-0.1366,0.0769,-0.0765,-0.0146,0.0618,0.0446,-0.1054,-0.0531,-0.0484,0.0493,0.0996
"022,001",-8.2538,-12.0069,0.0893,-0.0983,-0.0406,-0.1730,-0.0541,0.0862,0.2115,0.2381,-0.0747,-0.1719,0.1971,0.2543,0.0172,0.1256,0.0856,0.0291,-0.0377,-0.2184,-0.2473,0.1412,0.0861,0.2210,0.1925,-0.2103,0.1345,0.0015,-0.1249,-0.0350,0.2782,-0.2981
"070,017",6.2227,36.7025,-0.0955,0.1513,0.0257,0.1531,-0.1967,-0.0698,-0.0711,-0.1154,-0.0745,0.0747,-0.0052,-0.0982,-0.0855,0.3139,0.2044,-0.1713,0.1568,-0.1617,0.1752,-0.0113,0.0319,0.1143,-0.2374,-0.1122,-0.1488,0.0430,0.0809,0.0466,-0.0787,0.0055
"034,001",-15.3581,17.9270,-0.2488,0.0434,0.0744,0.0372,0.3393,-0.0467,-0.0207,-0.0368,0.1328,0.1446,-0.0436,-0.1188,-0.1551,-0.0429,0.1400,0.0171,0.0295,0.1300,0.0543,-0.1776,-0.1032,-0.1684,-0.0100,0.0079,0.0099,-0.0404,0.1513,0.1012,0.0210,-0.0054
"328,001",24.2637,3.9602,0.1827,0.0947,0.2211,0.0892,0.0930,-0.0143,-0.0922,-0.0286,0.0559,0.0681,-0.0102,-0.1414,-0.0980,0.1225,-0.0177,-0.0597,-0.0026,-0.0414,-0.1103,-0.0417,0.1043,-0.1576,-0.0273,-0.1182,0.1724,-0.0848,0.0837,0.0439,-0.0623,0.1969
"323,017",-28.5991,-20.2893,-0.1799,0.0693,-0.1820,0.1189,-0.0948,0.1221,-0.0940,0.0014,0.1123,0.0313,-0.0839,0.0153,0.0141,-0.3595,-0.3125,0.0834,0.5012,0.1085,0.0603,-0.3276,0.0900,-0.1104,0.1311,0.0658,-0.0891,0.0035,0.2951,0.0252,0.2591,0.1752
"115,001",12.5796,3.6453,-0.0876,0.0702,0.0666,0.0109,0.1251,-0.0507,-0.0646,0.0980,0.1185,0.1389,-0.0747,-0.2672,-0.1039,0.0715,-0.0321,-0.1000,0.0921,0.2114,0.1138,-0.0773,-0.0147,0.1281,0.1764,0.1620,0.0535,0.0035,0.0130,0.0048,0.0033,-0.0444
"361,001",-7.1777,11.5503,-0.1564,0.0296,0.0146,0.0033,0.0745,-0.1809,0.1163,-0.0542,0.1012,-0.0347,0.0054,0.0845,-0.0677,-0.1975,0.1523,0.1525,-0.0766,0.1477,0.0426,0.2460,0.1065,0.0317,-0.0858,-0.1001,0.0852,-0.0354,0.0475,-0.0727,-0.1232,0.1250
"136,001a=194,004",-4.5058,15.9331,-0.1648,-0.0106,0.0427,-0.0130,0.1452,-0.0284,0.0297,0.0909,-0.0649,0.0483,0.0669,-0.0497,-0.1218,0.0218,-0.1408,0.0318,0.0035,-0.0495,0.2665,0.1213,0.1553,0.1283,-0.0883,-0.1680,0.0455,0.2040,-0.0108,0.0324,0.0407,-0.1816
"129,002=194,005",6.9355,25.2452,-0.1005,0.1214,0.0589,0.1054,-0.0137,-0.1098,-0.0298,-0.1604,-0.0210,0.0585,-0.1608,-0.1056,-0.0870,0.1778,0.0151,0.0626,0.0571,-0.1537,0.1364,0.1947,0.1527,0.0641,-0.1715,-0.0758,0.0573,0.2208,-0.0678,0.1445,-0.0972,0.2455
"234,012",-24.8261,8.1981,-0.2638,-0.0214,0.0156,0.0185,0.3159,0.0529,0.1496,-0.1366,-0.1888,-0.0074,0.0995,0.1396,0.0946,-0.0899,0.0631,0.0251,0.0670,-0.0360,-0.0044,-0.1579,-0.1756,0.1736,0.1692,0.1104,-0.0269,0.0640,0.0672,0.0783,0.0411,0.1654
"132,007a",-39.8139,-6.6359,-0.2656,-0.0082,0.0588,0.0085,0.5294,0.1371,0.1757,-0.3678,-0.0558,-0.1692,-0.0753,-0.1370,0.0920,0.0311,0.0109,-0.1233,-0.0225,-0.0389,0.0466,-0.0671,0.1952,-0.0411,-0.1321,-0.1617,0.0666,-0.2243,0.0110,-0.1576,0.0314,-0.1061
"366,015",13.9335,33.6481,-0.2639,0.1582,0.1083,0.2009,-0.0077,-0.1663,-0.3983,0.0245,-0.3079,0.1513,0.0931,-0.3237,0.0855,0.1265,0.0353,0.0319,-0.0122,-0.0141,0.0079,0.0172,0.0135,0.0289,-0.0973,-0.2566,-0.2930,-0.2289,0.0975,-0.1981,0.3414,-0.4129
"330,006",-12.6597,-1.4407,-0.1192,-0.0268,-0.0081,-0.0295,0.0146,0.0560,0.0159,0.2625,-0.0966,0.0297,0.1432,0.2191,0.0877,-0.1244,0.1539,0.0699,0.2452,-0.1844,-0.0585,0.0509,-0.1349,-0.1196,0.1168,0.0815,0.0347,-0.0449,-0.0638,-0.1192,-0.0320,-0.0200
"434a,021",-2.5861,-50.6154,0.2767,-0.1929,-0.0180,-0.9272,-0.1834,0.0619,-0.3553,-0.6110,0.0279,0.7079,0.2813,0.0540,0.0691,-0.0963,0.0071,0.1219,0.0349,-0.1072,-0.0072,0.0226,0.0086,-0.1464,-0.1709,-0.0360,-0.0269,0.1041,-0.0515,0.0776,0.0372,0.1048
"101,004",-8.6943,7.6746,-0.1493,0.0102,-0.1367,0.0503,-0.0635,0.2198,0.0568,-0.0699,0.1048,-0.0003,-0.0352,0.1064,0.0175,-0.1267,-0.1896,0.0628,0.1318,0.0584,0.0236,0.0331,0.0353,-0.0210,-0.0559,-0.0459,0.1205,-0.0249,-0.0329,-0.0475,0.0114,0.0371
"265,002=310,001",-3.4091,-22.2749,-0.0721,-0.1620,0.0047,-0.1300,0.1715,-0.0181,0.2185,0.0920,-0.0197,-0.0883,0.0265,0.1933,0.1555,0.0693,0.0793,-0.2280,0.0150,0.0635,0.0635,0.1628,0.1557,0.2552,0.0793,-0.0785,-0.1724,-0.1844,0.0030,-0.1243,0.0326,-0.0738
"453,001=335,023",-18.6945,-0.3702,-0.1311,-0.0458,0.0006,-0.0664,0.0730,0.0601,0.1164,0.3075,-0.0247,0.0438,0.1260,0.1755,-0.1950,-0.1671,0.1135,-0.1261,0.3009,-0.1685,-0.0679,0.0622,0.0427,0.3166,0.1301,-0.2802,-0.0550,0.1727,0.1830,0.2117,-0.1594,-0.0853
"249,002",-16.0730,25.4364,-0.2634,0.0831,0.0828,0.0778,0.0697,-0.5120,0.1074,-0.0010,0.1456,0.1367,0.0542,0.0946,0.0111,-0.2942,-0.1529,-0.0579,0.1189,-0.1247,-0.1221,0.0853,-0.1041,0.0632,-0.0136,0.0225,-0.1537,-0.3241,0.0398,-0.2767,-0.2237,0.0629
"097,003=353,002",-31.5587,0.5708,-0.0805,-0.0054,-0.2523,0.0387,0.0213,0.3838,0.2748,-0.1506,0.1236,-0.1407,0.0021,0.2939,-0.1337,-0.0457,0.7610,0.8787,-0.5561,0.7599,-0.4236,0.7195,-1.3008,0.4670,-0.3056,-0.7296,0.4072,0.4561,0.9611,-0.0434,-0.0225,0.6056
"097,003=353,002",-31.8926,1.0377,-0.0703,0.0143,-0.2455,0.0571,0.0241,0.3672,0.2471,-0.1449,0.1378,-0.1244,-0.0115,0.2542,-0.1617,-0.0714,0.7991,0.9187,-0.5608,0.7571,-0.3913,0.7041,-1.2056,0.3951,-0.2736,-0.6712,0.3716,0.4153,0.9067,-0.0165,-0.0313,0.5969
"213,004",-5.7364,23.5954,-0.0913,0.0255,0.0468,0.0185,0.0471,-0.0194,0.0451,0.0239,-0.0479,0.0310,0.0155,-0.0021,-0.1060,0.0746,-0.1059,0.0658,-0.0217,-0.1522,0.3075,0.0849,-0.0078,-0.0637,0.0208,-0.0484,0.0479,0.1346,0.0023,0.0141,-0.0306,0.0835
"238,002",-5.8819,43.2343,-0.0893,-0.0067,0.0652,-0.0904,0.0029,-0.5603,0.2671,-0.1263,0.1110,-0.0816,0.0617,0.1820,0.0523,-0.2449,-0.0210,-0.1767,0.0100,0.0257,-0.0218,0.1322,0.2029,0.0711,-0.1356,-0.0489,0.1191,-0.3517,0.0207,-0.2064,-0.1258,0.1707
"097,004=388,003",0.5902,22.9439,-0.2690,0.0733,0.0456,0.0736,0.1902,-0.0580,-0.1299,0.0795,0.0565,0.2206,-0.0404,-0.2513,-0.0785,-0.1342,-0.1190,0.0040,0.0377,0.2439,0.1644,0.0105,0.0865,0.1158,0.1157,0.0442,0.0551,0.2455,-0.0582,-0.0392,0.1916,-0.1589
"447,001",-20.1011,-5.8479,0.0324,-0.0924,-0.1371,0.0087,0.0391,0.0352,0.1602,0.1401,0.0242,-0.0919,0.0850,0.1174,-0.1384,-0.0679,0.2567,0.0904,-0.2699,0.3696,-0.1383,0.1937,-0.1350,-0.1252,0.0659,-0.3089,0.0936,0.4286,0.4971,0.0515,-0.2837,0.0111
"344,003a=437,015",15.6727,-6.4417,0.0412,-0.1117,0.0492,-0.0779,0.0998,0.0213,0.0840,0.1831,0.0486,-0.0483,0.1110,-0.1233,-0.1480,0.0466,-0.0258,-0.0676,-0.0214,0.2572,0.1335,-0.3069,-0.0087,-0.1015,0.0270,0.0737,0.1142,-0.0800,0.0550,0.1934,-0.0245,-0.0555
"074,004",12.8322,-4.9528,-0.0503,-0.0470,-0.0346,-0.0539,-0.0345,0.1145,0.1601,0.1766,0.0088,-0.0686,0.1103,0.1997,-0.1243,0.1172,0.0553,-0.1627,0.1269,-0.4267,-0.3531,0.0034,-0.0319,0.3859,0.2127,-0.6573,0.0681,-0.0420,-0.1020,0.1720,0.0797,-0.1310
"461,111",-35.7614,17.7324,-0.2063,-0.1474,0.1237,0.0635,0.2137,-0.1922,0.0672,0.0036,0.0434,0.0312,0.0754,0.0675,-0.0435,-0.1841,-0.1658,-0.3524,-0.0344,-0.1345,-0.0781,0.1389,0.3448,-0.4390,-0.8258,-0.5867,0.9434,-1.0907,0.2616,-0.8585,0.1151,0.4028
"194,006",1.3806,19.4674,-0.1545,0.0864,-0.0010,0.0483,0.0389,-0.0035,-0.0434,-0.1079,0.1290,0.1523,-0.0570,-0.1819,-0.0720,-0.1406,-0.1866,0.1465,0.0470,0.0863,0.0694,0.1847,0.1378,0.1881,-0.0051,0.1062,0.0597,0.0926,-0.1874,0.0159,0.0749,0.1000
"248,027",25.4296,-3.9829,0.3576,0.0598,-0.0043,-0.0072,-0.0884,0.1409,0.0198,0.0197,0.0311,-0.1483,0.0382,-0.1579,-0.0188,0.1892,-0.3172,0.1777,0.0492,0.3726,-0.2093,-0.2584,0.0328,-0.3011,0.2425,0.0090,0.0010,-0.2957,0.0674,0.3155,-0.5075,-0.1059
"242,033",16.7544,43.0285,-0.1034,0.1386,-0.3467,0.2595,-0.6569,0.4049,0.0275,-0.2943,0.0588,-0.1012,-0.0618,0.2130,-0.0794,-0.0763,0.0110,-0.3353,-0.0152,0.0517,0.1199,-0.2503,-0.0476,-0.0124,0.0344,-0.0095,0.0364,-0.0471,0.0488,-0.0572,0.0992,0.0167
"124,010",39.6546,11.8967,0.7807,0.3984,0.5094,0.3522,0.1529,0.1686,0.0470,-0.0462,-0.0329,0.0686,0.1235,0.2010,0.0412,-0.1684,0.0428,-0.0254,0.0071,0.1302,0.0384,0.0529,-0.0274,-0.0021,0.0059,-0.0814,-0.0496,-0.0287,-0.0014,0.0231,-0.0125,0.0560
"364,020",17.1442,6.8483,0.1023,0.1119,0.0203,0.0634,-0.1375,0.0732,0.0628,-0.0680,0.0672,-0.0007,0.0098,0.0421,-0.0691,0.1089,0.0622,0.0576,0.0818,-0.1562,-0.1228,-0.0044,-0.0677,0.1126,-0.0078,-0.0003,0.1583,0.1076,-0.0666,-0.0554,-0.0308,0.0193
"236,003a",-43.7157,-10.2801,-0.3636,-0.0874,0.0662,0.0510,0.6891,0.2894,0.2245,-0.6272,-0.1462,-0.1516,-0.0973,-0.0135,0.1160,0.1025,0.0362,-0.0156,-0.0652,-0.0536,0.0051,-0.0774,0.1538,0.0025,-0.0094,-0.0092,0.0075,0.0464,-0.0452,-0.0225,0.0000,0.0406
"460,001=457,014",-9.6371,8.3833,-0.1549,-0.0307,-0.0074,-0.0558,0.1582,0.0376,0.0698,0.2133,0.0327,0.0040,0.0396,0.0686,-0.0376,-0.0198,0.0765,-0.0200,-0.0419,0.1900,0.0745,0.1833,0.0930,0.1435,-0.0894,-0.0702,0.3234,0.2119,-0.0424,0.0983,0.0186,-0.1328
"082,051",-4.6585,-13.7137,-0.0046,-0.0757,0.0133,-0.1319,0.0555,-0.0486,0.1947,0.2247,-0.0710,-0.0612,0.0320,0.1468,-0.0818,-0.0175,-0.0211,-0.0999,-0.0493,-0.0337,0.0836,0.0775,-0.0542,0.1197,0.0345,-0.0770,-0.0228,-0.1279,0.0025,-0.0809,-0.0322,-0.1043
"082,052",34.8834,2.6845,0.0987,0.0152,-0.0297,-0.0616,-0.1087,0.0391,0.1963,0.0881,0.1115,-0.2040,0.0807,0.0845,-0.0790,0.0553,0.0277,-0.0102,0.2689,-0.3205,-0.1619,-0.0044,0.3264,0.0764,-0.0364,0.3112,0.4386,-0.0252,-0.0303,-0.3470,-0.0473,-0.0651
"457,012",-13.1669,26.1640,-0.2284,0.0965,0.0295,0.1110,0.0913,-0.0431,-0.0140,0.0828,0.1133,0.1853,-0.0714,-0.0669,-0.1170,-0.2181,0.0621,0.0667,-0.0983,-0.2011,-0.1189,0.1484,0.0381,-0.0287,0.0240,0.0300,-0.1092,-0.0272,0.1030,0.1034,-0.1085,0.1759
"223,003",24.7019,-15.8495,0.1870,0.0545,0.1636,-0.0376,0.0361,-0.0495,-0.3410,0.0512,0.0860,-0.3020,-0.0714,0.0754,-0.0491,0.1347,0.0920,-0.0716,0.0409,-0.1365,-0.1024,0.0595,0.0174,-0.1991,0.0343,0.0878,-0.0243,0.0627,0.0142,0.0246,-0.0613,0.0576
"392,016",10.6187,2.6347,0.1401,-0.0032,0.0170,-0.0639,-0.0365,-0.0459,0.1426,0.1154,-0.3303,0.1448,-0.4866,0.0247,-0.2120,0.1625,0.0520,0.1295,-0.1365,0.0287,-0.2388,0.1303,-0.1373,0.1010,-0.1630,0.0951,-0.0849,-0.1017,0.0569,0.1565,0.0119,0.0113
"101,005",-21.2474,11.8645,-0.1650,-0.0109,-0.0334,-0.0358,0.1597,0.1283,0.0792,0.0248,0.1388,-0.0398,-0.0302,-0.0070,-0.1553,-0.1749,0.0103,-0.1908,-0.1663,0.0559,0.1920,-0.0688,0.0994,-0.1317,-0.1088,-0.0664,0.2062,-0.0472,-0.0109,0.0531,-0.0132,0.1520
"355,007",33.3387,-11.6992,0.1887,0.1532,0.1744,0.0553,0.0804,-0.0589,-0.1247,0.0766,0.1351,0.1178,0.0272,-0.4374,-0.1701,0.3632,-0.0069,-0.0550,-0.1561,0.3944,-0.0797,-0.3306,-0.1358,-0.3743,0.2068,0.0042,0.1988,-0.1775,0.3211,-0.0375,-0.0459,-0.2991
"461,102",-34.1114,16.8718,-0.2225,-0.0968,0.1042,0.0392,0.2156,-0.1751,0.0090,0.0355,0.0180,0.1040,0.0797,0.0249,-0.0806,-0.1540,-0.1056,-0.2260,-0.0715,-0.1251,-0.0552,0.1017,0.1888,-0.3798,-0.6291,-0.4535,0.7236,-0.8605,0.2089,-0.6007,0.0800,0.2837
"461,009",-33.7901,16.2637,-0.2620,-0.1497,0.0994,0.0939,0.1991,-0.0879,0.0179,0.0266,0.0608,0.1010,0.0666,0.0719,-0.0594,-0.2574,-0.1376,-0.2424,-0.0871,-0.1629,-0.1069,0.0813,0.1404,-0.3777,-0.5981,-0.4306,0.7271,-0.8170,0.1725,-0.6455,0.0446,0.2392
"246,021",6.4313,6.8468,0.0155,0.0113,-0.1533,0.0056,-0.1304,0.1750,0.1062,0.0453,0.0556,-0.0782,0.0297,-0.0062,-0.0087,0.0322,-0.0357,0.2566,-0.1376,0.1173,-0.0994,0.1851,-0.1310,0.0867,-0.1832,0.0298,-0.0721,-0.0572,-0.0502,0.0309,-0.0731,0.0362
"356,003",39.4404,9.6974,0.8463,0.5073,0.6574,0.4059,0.1969,0.1841,-0.0863,-0.0798,0.1104,0.1419,0.1355,-0.0205,0.0733,-0.0209,-0.0597,-0.0276,-0.0347,0.1317,-0.0265,-0.0973,-0.0698,-0.1493,0.0318,-0.0422,0.0276,-0.1069,0.0625,-0.0957,0.0147,-0.2040
"370,005",-6.3692,6.4315,-0.1015,0.0026,-0.0101,-0.0158,0.0657,0.0360,0.0317,0.1030,0.0687,-0.0204,0.0310,-0.0492,-0.1221,-0.0553,-0.1475,-0.0835,0.0487,0.0534,0.0068,-0.0238,0.1317,0.0255,-0.0959,0.0279,-0.0581,-0.0522,-0.0257,0.1795,0.0274,0.0130
"434,007b",2.2101,-42.2460,0.2403,-0.2158,0.0228,-0.7508,-0.0536,-0.0407,-0.2824,-0.2977,-0.1091,0.4123,-0.0303,0.1501,-0.0840,-0.1256,0.0608,-0.0495,-0.0026,0.0476,0.0768,0.0162,-0.0870,0.0278,-0.1012,0.0050,-0.0221,-0.0091,0.0016,0.1565,0.0430,-0.1214
"437,016",-1.7813,20.2757,-0.2610,0.0861,0.0332,0.1137,0.1015,0.0423,-0.1048,-0.0630,0.0209,0.1395,-0.0933,-0.0639,0.0533,-0.0722,-0.0709,-0.0208,-0.0313,-0.0197,0.1059,0.1614,0.1508,0.0337,0.0953,-0.0482,0.0159,0.1973,-0.0694,-0.0323,0.0440,-0.0190
"007,001",-27.4003,-3.2360,-0.1791,-0.0076,-0.0164,0.0073,-0.0334,-0.0943,-0.1412,0.1596,0.1280,0.0595,-0.1391,0.4344,0.5492,0.0862,0.0252,-0.0012,-0.0662,0.1412,0.0230,-0.0310,0.1641,-0.0424,-0.0064,-0.0802,0.0054,-0.0751,-0.0729,0.0449,0.0136,-0.0336
"406,028",-40.5254,26.0318,-0.1912,0.1232,-0.1870,0.2135,-0.4362,0.3619,-0.0205,-0.1473,0.0621,0.0312,-0.0776,0.1268,-0.1035,-0.3756,0.1283,-0.1606,-0.6976,-0.0938,0.0211,-0.0063,0.4218,-0.1986,0.2450,0.0972,-0.0928,0.0180,-0.0964,-0.0067,0.0001,-0.1588
"434,007c",-0.4378,-42.4185,0.3218,-0.2150,-0.0061,-0.8567,-0.1595,-0.0052,-0.0629,-0.3651,-0.3158,0.6074,-0.1305,0.1883,-0.0956,-0.1629,0.0655,0.0977,0.0626,-0.0201,0.1079,-0.0234,-0.0669,-0.0017,-0.1087,0.0319,-0.0370,-0.0630,-0.0918,0.1598,-0.0204,-0.1420
"282,004",-20.9871,3.3227,-0.1026,-0.0511,0.0392,-0.1131,0.1449,-0.0566,0.0942,0.1349,0.0859,0.0635,0.0702,0.0625,-0.0977,-0.1022,-0.0549,-0.2130,0.0595,0.0203,0.0756,-0.0582,0.0202,0.2739,0.0292,0.0830,-0.0846,-0.0979,-0.0217,0.0544,-0.0617,0.0564
"342,003",22.2178,-7.6485,0.2136,0.0637,0.1129,-0.0732,0.0230,-0.0710,0.0335,0.0355,0.0736,0.0226,0.0676,-0.0917,-0.1211,0.2040,-0.1183,0.0669,-0.2094,0.0569,0.2030,-0.2158,-0.1713,-0.2336,0.1501,0.0560,0.1243,-0.0814,0.1356,0.0435,-0.0365,-0.0557
"074,005",-2.1428,6.9248,-0.0347,0.0259,0.0225,-0.0059,0.0614,0.0148,0.0140,0.0692,0.0869,0.0441,-0.0144,0.0093,-0.0965,-0.0367,0.1813,0.1129,-0.0382,0.0505,-0.0246,0.0386,-0.0321,0.0596,0.0999,-0.0835,-0.0109,-0.0242,0.1110,-0.0091,-0.0221,0.1183
"411,003",4.7556,-4.1383,0.1685,0.0299,0.0749,0.0250,0.0475,0.0709,0.0887,0.1264,0.0249,0.0108,0.0669,0.0787,-0.0890,-0.0404,0.0371,0.0040,0.1267,-0.0272,-0.0612,-0.0612,0.0835,0.0421,0.2032,-0.2107,-0.0522,-0.0686,-0.0640,-0.0230,-0.0681,0.0297
"461,112",9.5047,5.8269,0.0054,-0.0717,-0.1074,-0.0763,-0.0415,0.1321,0.2090,0.2728,-0.0350,-0.1183,0.0948,0.1800,0.0771,0.2181,-0.0359,0.1929,-0.2216,-0.1242,-0.1709,0.1672,-0.1622,0.3394,-0.3321,0.0591,-0.1027,-0.1373,0.0100,0.3696,0.1262,-0.2580
"434a,022",-3.2497,-48.0987,0.2541,-0.1804,-0.0533,-0.8346,-0.2106,0.1444,-0.2931,-0.5842,-0.0065,0.6075,0.2234,0.0891,0.0568,-0.1066,-0.0066,0.1646,0.0916,-0.0510,0.0336,0.0321,0.0396,-0.1248,-0.2212,-0.0275,-0.0446,0.0792,-0.1431,0.0637,0.0296,0.0251
"396,004",30.7057,3.5743,0.2220,0.1525,0.1713,0.0540,-0.0306,-0.1250,-0.0226,0.0305,0.0545,-0.0625,-0.0928,-0.2407,0.0352,0.2102,0.1325,0.0311,0.0158,-0.1471,-0.1554,-0.0941,0.0254,-0.1015,0.0599,0.0987,0.1193,0.0942,0.0857,-0.1796,-0.1851,-0.0479
"396,001",26.1917,-1.3507,0.2804,0.1493,0.0995,0.0542,-0.0313,0.0008,-0.1350,0.0378,0.1000,-0.0643,-0.0270,-0.3514,-0.1090,0.4354,-0.0462,0.0894,-0.0688,0.1688,-0.3968,-0.1000,0.1255,-0.3286,0.2311,-0.1116,-0.2258,-0.0500,-0.2459,-0.2133,-0.0605,0.1934
"284,001",4.5886,-15.9378,0.0898,-0.0113,-0.0793,-0.0765,-0.1275,0.1609,0.1742,0.1918,0.0629,-0.1179,0.0448,0.0502,0.1121,0.2013,-0.0631,0.0596,-0.0763,-0.1104,-0.0511,0.2622,0.0016,0.1593,0.1267,0.1368,-0.0137,-0.2071,-0.1335,-0.1569,-0.0415,0.0139
"242,017",-21.5765,5.3751,-0.0891,0.0782,-0.2477,0.1128,-0.3400,0.3499,0.0940,-0.1676,0.1572,-0.0023,-0.0875,0.1937,0.0549,0.0244,0.1954,0.0997,-0.1194,0.2095,-0.0751,0.1303,-0.4454,0.1552,-0.0971,-0.1757,0.0972,0.0647,0.1277,-0.1351,0.0052,0.1464
"055,001",6.5523,-44.0585,0.3005,-0.0522,0.0191,-0.4888,-0.1201,0.0292,-0.2076,-0.2949,0.0783,0.3713,0.1133,-0.1744,0.0075,0.1205,0.0915,0.0821,0.0158,-0.2206,-0.2071,-0.0698,0.0837,-0.1583,-0.0056,0.1413,0.0058,0.2114,0.2820,-0.0031,0.0390,0.2759
"437,004a",-20.2970,12.9836,-0.1778,-0.0073,0.0002,-0.0295,0.2124,0.0533,-0.0634,0.0503,0.1339,0.0066,-0.0324,0.0109,-0.1325,-0.1734,-0.1322,-0.1011,0.0721,0.1409,0.1259,-0.1288,0.0078,-0.0935,-0.1021,-0.0607,0.2425,0.0011,-0.0172,0.0757,-0.0324,0.1320
"101,003",-2.7930,12.3499,-0.0524,0.0176,-0.0638,-0.0108,-0.0734,0.1308,0.0219,0.0344,0.0474,0.0613,-0.0129,0.0265,-0.0109,-0.0804,-0.0677,0.1311,0.0909,0.0742,0.0391,0.1049,-0.0718,0.0330,0.1042,-0.1169,0.0002,0.0137,-0.1541,-0.1670,-0.0161,-0.0101
"281,002",-18.1641,14.4225,-0.2116,0.0091,0.0256,-0.0521,0.2476,0.0764,-0.0146,-0.1433,0.1135,0.1491,-0.0315,-0.0880,-0.1544,-0.0862,0.0111,-0.0045,0.0115,-0.0037,0.0726,-0.0573,0.0805,-0.1331,-0.2185,-0.0649,0.1140,0.0311,0.1007,0.1538,0.0185,0.0193
"406,009",-39.4146,25.4037,-0.2441,0.1126,-0.1822,0.2008,-0.3133,0.3419,-0.0177,-0.0819,0.1055,0.0824,-0.1320,0.1423,0.0209,-0.4130,0.1318,-0.0670,-0.6996,-0.0732,-0.0456,0.0186,0.3873,-0.1469,0.1707,0.1341,-0.0418,-0.0030,-0.0610,0.1233,0.0737,-0.0594
"355,004",19.4262,8.6410,0.1875,0.0646,-0.0530,0.0445,-0.1338,0.1581,0.0356,-0.0158,0.0570,-0.0490,-0.0245,-0.0326,0.0114,0.0763,-0.0951,0.1405,0.1130,0.0305,-0.0849,0.1081,0.0502,0.0259,0.0864,0.0638,0.1665,0.0529,-0.1523,-0.2923,-0.0263,-0.0924
"173,001a",-12.1011,-3.0585,-0.0949,-0.0461,-0.0215,-0.0933,-0.0158,0.0140,0.1392,0.1438,-0.0373,0.0973,0.0111,0.2531,-0.0716,-0.0850,0.0595,0.0584,-0.0194,-0.2507,0.0717,-0.0171,-0.1250,0.0132,0.1118,-0.0461,-0.0962,-0.0180,-0.0692,-0.0221,-0.0241,-0.0443
"242,015",-27.9929,-21.3036,-0.0449,0.0751,-0.3627,0.1841,-0.4840,0.2841,0.0356,-0.2489,0.0670,-0.1369,-0.0499,0.1754,0.0221,-0.0867,-0.2982,-0.0945,0.4158,0.1215,0.0264,-0.1939,0.0402,-0.0623,-0.0375,-0.0731,-0.0215,-0.0657,0.1177,-0.0210,0.0338,0.0732
"102,001",-12.6556,-3.2704,0.0308,-0.0998,-0.0361,-0.0897,-0.0937,0.1020,0.1388,0.2071,-0.2102,-0.1181,0.2473,0.1967,0.0161,0.0585,0.0440,-0.0070,0.0460,-0.1367,-0.1498,0.1748,-0.0354,0.0561,0.0632,-0.0470,0.0833,0.0966,-0.0841,0.1956,-0.2512,-0.4212
"242,016",-32.5755,39.7263,-0.2774,0.0937,0.0216,0.2822,-0.2273,0.0310,-0.3532,-0.0315,-1.0341,-0.0905,0.5794,-0.0667,0.3411,0.0319,0.2169,-0.1162,0.0399,-0.0465,-0.0177,-0.1503,-0.1505,0.0801,-0.0770,0.1110,0.1245,0.1104,-0.0759,0.0971,-0.3076,0.0176
"070,006",21.7442,-16.4226,0.0123,0.0829,0.0370,0.0286,-0.1185,-0.0849,-0.0105,-0.0397,0.0086,-0.0615,0.0658,-0.0725,-0.2074,0.3724,0.1776,-0.3563,0.2337,-0.1522,0.0945,0.2244,-0.0365,-0.2978,-0.1088,-0.0267,-0.2490,0.2722,0.1575,0.1751,-0.1804,0.0740
"389,010a=242,014",17.2240,44.5640,-0.0420,0.1718,-0.2342,0.2192,-0.6486,0.2673,0.0736,-0.3433,0.0737,-0.0997,-0.0853,0.0680,-0.1091,0.2140,0.0207,-0.3629,0.2340,-0.0301,0.1724,-0.1753,-0.2725,0.1740,-0.1134,-0.1391,0.0352,-0.0318,-0.1185,0.0478,-0.1308,0.0214
"242,013",0.9739,38.8067,-0.0648,0.0146,0.0829,0.0527,-0.0142,-0.4105,0.1547,-0.1490,0.0349,-0.0132,0.0524,0.1393,-0.1189,0.1319,0.1019,0.0161,0.0617,0.0069,-0.0631,-0.0683,0.0545,0.0827,0.1171,-0.2841,0.0939,-0.0152,0.0532,0.2465,-0.0339,0.0750
"434a,023",-0.7358,-42.8971,0.1492,-0.1105,-0.1794,-0.5416,-0.2834,0.2567,-0.1091,-0.4822,0.0756,0.3767,0.1587,0.1274,0.1038,-0.1248,0.0814,0.2256,-0.0762,0.1353,-0.0887,0.1973,-0.3058,0.0514,-0.1483,-0.1500,0.0263,0.0770,0.0282,-0.0695,0.0466,0.1395
"246,023",13.9324,-6.7366,0.1023,0.0199,0.0190,-0.0523,0.0045,0.0181,0.0444,0.1288,-0.0033,-0.0747,0.0907,-0.0791,-0.1396,0.0438,0.0679,-0.1518,-0.2113,0.1528,0.1639,-0.0341,-0.0424,-0.0677,0.1369,0.0528,0.0016,0.0277,0.2481,0.0601,-0.1108,0.0123
"282,005",6.3994,-8.5434,-0.0151,0.0206,0.0323,-0.0538,0.0464,0.0255,0.0648,0.1481,0.0774,0.0474,0.0125,-0.0302,-0.2081,0.0457,0.1314,-0.1275,0.2182,-0.0319,0.0371,-0.0987,0.0870,0.2685,0.3106,-0.2889,-0.0793,-0.1548,-0.1583,0.0419,-0.1465,0.1310
"249,003",-5.6831,19.7254,-0.1065,0.0681,-0.0531,0.0778,-0.1213,-0.0240,0.0061,-0.1466,0.1175,0.0378,-0.1021,0.1078,0.0732,-0.1071,-0.1197,0.1960,0.0288,-0.0563,-0.1297,0.1166,-0.0358,0.1331,-0.0525,0.0602,0.0615,0.1600,0.0194,-0.1005,0.0949,0.0528
"206,001",-8.7919,-18.9940,0.2605,-0.3728,-0.1232,-0.0747,-0.0989,0.0777,0.0354,-0.0149,-0.1043,-0.0003,0.0258,0.0057,0.0952,-0.0185,-0.1307,0.1761,0.0221,0.0819,-0.0887,-0.0410,0.1423,-0.0117,0.1050,-0.0347,-0.1820,0.0178,0.0364,-0.0400,0.0645,0.0060
"070,019",3.0216,45.9188,0.0371,0.1771,0.1046,0.1511,-0.2646,-0.5727,0.1356,-0.2961,0.0743,-0.1202,0.0645,0.1478,-0.0811,0.3467,0.1853,-0.0076,0.1644,-0.1516,-0.0333,-0.0274,0.0662,-0.0065,-0.0608,0.1061,0.0498,0.1214,0.0515,0.0476,-0.1188,-0.0134
"133,003",0.5658,18.5799,-0.0936,0.1194,-0.1319,0.1547,-0.2092,0.1418,-0.0414,-0.0817,0.1524,0.0327,-0.0813,-0.0372,-0.0475,-0.0191,-0.1711,0.0231,0.1567,0.0684,-0.0752,-0.0353,-0.0982,0.0219,0.0461,0.0364,-0.0829,-0.0950,0.0059,-0.0665,-0.0130,0.0761
"046,004",-14.0304,17.1829,-0.1637,0.0410,0.0282,0.0393,0.0957,-0.0179,-0.0191,0.1715,0.0975,0.1506,-0.0478,-0.0364,-0.0232,-0.0368,0.0147,-0.0379,0.0787,0.0317,0.0536,0.0426,0.0078,0.0481,0.0682,-0.0455,-0.0265,0.0258,0.1013,0.0114,-0.1367,-0.0266
"457,015",-19.2033,29.1803,-0.2416,0.1169,0.0527,0.0925,0.0776,-0.0442,-0.2320,0.1993,0.1800,0.2498,-0.1632,0.1198,0.2798,0.0404,0.0291,0.1184,0.0384,-0.2836,-0.2083,-0.0758,-0.0852,-0.0192,0.0758,0.1113,-0.1168,0.1515,0.2376,-0.1088,0.1609,-0.0449
"364,021",20.4670,-13.7451,-0.0686,0.0849,0.0291,0.0406,-0.0958,-0.0622,-0.0906,-0.0563,-0.0295,-0.0004,0.0568,-0.0929,-0.1704,0.2233,0.1301,-0.2997,0.2190,-0.0677,0.1520,0.2290,-0.0554,-0.1723,-0.1232,-0.1085,-0.0897,0.1615,0.1811,0.1912,-0.1030,-0.0374
"194,007",4.2311,31.9633,-0.2274,0.1128,0.0601,0.1295,0.0410,-0.0612,-0.2243,0.0161,-0.0246,0.1100,-0.0396,-0.1810,-0.0757,0.1105,0.0083,-0.0599,0.0015,-0.1247,0.1173,0.0304,-0.0135,0.0260,-0.2633,-0.2302,-0.1318,-0.1113,0.1031,0.0833,0.1808,-0.1762
"234,011",-5.5272,37.9169,-0.1825,0.0138,0.0642,-0.0053,0.0423,-0.5792,0.2301,0.0611,0.2228,0.1019,0.1720,0.1826,-0.1475,-0.1226,-0.0640,-0.2530,-0.0742,0.4115,-0.1923,-0.3956,-0.5467,-0.1213,-0.2845,0.1610,0.1916,0.4812,-1.0525,-0.1133,0.5462,0.0429
"282,006",-1.6422,-5.8186,-0.0956,-0.0360,0.0504,-0.0777,0.0609,-0.3687,0.1951,0.0858,0.0944,-0.1049,0.1106,0.1317,-0.0397,-0.0587,-0.0262,-0.1535,-0.0342,0.0395,-0.0678,0.0887,0.1702,0.0501,-0.1590,-0.0337,-0.2398,-0.0335,0.0019,-0.2018,-0.0415,0.0679
"293,025",-19.8454,-7.6924,0.0394,-0.0968,-0.0009,-0.2529,-0.0426,0.0047,0.1176,0.0779,-0.1374,0.1823,0.0718,0.1809,-0.2528,-0.0351,0.1151,0.1083,0.1168,-0.1680,0.3475,-0.0871,-0.0697,0.3787,0.1544,0.0461,-0.0366,0.1518,0.1538,0.2695,0.1411,0.0688
"345,002",-6.9301,4.0526,-0.1606,-0.0190,-0.1517,-0.0370,-0.0082,0.2637,0.0946,-0.0918,0.1245,0.0608,-0.0461,0.1991,0.1749,-0.1371,-0.1017,0.1207,-0.1267,0.0651,0.0133,0.1017,0.0943,-0.0130,-0.1429,-0.0458,0.1443,-0.0179,-0.0607,0.0050,0.0334,-0.0447
"080,015",-23.3894,-7.7139,-0.2440,0.0745,0.0107,0.0659,0.1518,0.0339,-0.0610,0.0888,0.1368,0.1473,-0.0219,0.0232,-0.2865,-0.3270,0.6673,0.5585,0.1343,0.2512,0.1861,0.0496,-0.0581,-0.1036,0.0632,0.0029,-0.0818,-0.0400,0.1035,0.0734,0.0180,0.0881
"282,007",-27.6884,6.8500,-0.2082,-0.0432,0.0404,-0.0679,0.4447,0.0976,0.1645,-0.1128,0.0764,-0.0429,-0.0124,0.0244,-0.1474,-0.0203,-0.0258,-0.1554,0.1074,0.0328,0.1142,-0.2316,0.0831,0.1769,0.0090,0.0143,0.1858,0.0354,0.0079,0.2456,-0.0400,0.1839
"366,016",17.0922,13.2027,-0.0379,0.0690,-0.0083,0.0422,-0.0232,0.0346,0.0345,0.1404,0.0441,0.0548,-0.0912,-0.0526,-0.0242,0.2431,-0.0259,0.1674,-0.1865,-0.1702,-0.2103,0.1332,-0.1356,0.2418,-0.2327,0.1161,-0.1311,-0.1311,-0.0364,0.2413,0.1064,-0.0437
"281,004",-12.1250,22.5176,-0.1444,0.0358,-0.0457,0.0417,-0.0037,0.0583,-0.0727,0.0763,0.1081,0.0214,-0.0579,0.0069,-0.0162,-0.1771,-0.0847,0.0409,-0.0732,-0.1005,-0.1030,0.0359,-0.0289,-0.0030,0.0160,0.0129,-0.0658,-0.1097,0.0019,-0.0540,0.1236,-0.0657
"306,002",-1.3882,-30.1893,0.2309,-0.1713,0.0125,-0.5431,-0.0654,-0.0281,0.1180,-0.0854,-0.5834,0.4681,-0.5474,0.2635,-0.2331,-0.1257,0.0465,0.0414,0.0642,0.0808,-0.0231,0.0471,-0.0584,0.0772,-0.1190,0.0190,0.0356,-0.0396,-0.1283,0.0906,-0.0139,-0.1971
"092,001",19.2413,-10.7062,0.2286,-0.0596,0.0383,-0.3017,-0.0327,0.0139,-0.0435,-0.0628,0.0306,0.2028,0.0879,-0.1463,-0.0790,0.1620,-0.0485,0.0259,-0.0881,0.0749,0.0868,-0.1614,-0.0644,-0.1783,0.1589,0.0398,0.0742,0.0528,0.1222,0.0324,-0.0655,0.0239
"248,028=147,001",16.9477,7.3046,0.1733,-0.0017,0.0171,-0.1148,0.0197,0.0485,0.2365,0.1710,0.0391,-0.3233,-0.1770,-0.4165,0.2522,-0.2015,-0.0146,-0.0255,-0.2083,-0.1624,-0.0158,0.0451,0.0545,0.1655,-0.2884,0.1502,-0.1749,-0.1905,-0.0712,0.4255,0.0821,-0.1176
"438,001",-8.3840,-10.8382,-0.0096,-0.1099,-0.0553,-0.1412,0.0243,0.1134,0.1971,0.2473,-0.0422,-0.1118,0.1343,0.2082,-0.0092,0.0536,0.0973,0.0149,0.0089,-0.0988,-0.1689,0.1635,-0.1183,0.3645,-0.0211,-0.2060,-0.0357,0.1142,0.0940,-0.0573,0.1509,-0.3072
"246,024",16.8169,0.6277,0.1046,0.0261,0.0139,-0.0564,0.0076,0.0761,0.1147,0.1110,0.0922,-0.0549,0.0632,-0.0698,-0.1541,0.0996,-0.0799,0.0030,-0.3759,-0.0213,0.0839,-0.1326,0.0205,-0.0414,0.1367,0.1382,-0.0185,-0.1778,0.0422,0.2110,-0.0198,0.0233
"156,006",4.4304,-13.6476,0.2076,-0.0071,0.0385,-0.0560,-0.0054,-0.0242,0.1370,0.1615,-0.1024,-0.0806,-0.0682,0.0564,0.0329,0.0490,0.0586,-0.1077,-0.0864,-0.0520,0.0081,0.0420,0.0051,0.0584,0.0265,-0.0273,-0.0844,-0.0421,-0.0349,-0.1772,-0.0300,-0.0152
"183,006",6.6450,18.0658,-0.0062,0.0460,0.0937,-0.0048,0.0620,-0.0422,-0.1080,0.0192,-0.0799,0.0551,0.0175,-0.2057,-0.0379,0.0981,-0.0784,0.1257,0.0341,0.0279,0.1311,0.1236,0.1293,0.0718,0.2735,0.0375,0.1828,0.3858,-0.0051,-0.1701,-0.0527,-0.0352
"063,007",9.1885,-11.8345,0.4571,0.0783,0.0174,0.0238,0.1294,-0.0357,0.0494,0.1319,-0.0046,-0.0501,0.0815,-0.0105,-0.0255,0.0792,0.1029,-0.0938,-0.1134,0.0377,-0.0746,0.0020,0.0475,-0.0717,-0.0136,0.0415,-0.2112,0.0256,0.0348,-0.1467,-0.0734,0.1579
"183,007",6.6602,33.7526,-0.0457,0.1919,-0.0373,0.1858,-0.3286,-0.1054,0.0061,-0.1808,0.0679,0.0028,-0.0303,-0.1263,-0.2152,0.2751,0.3868,0.1506,0.3604,0.0706,0.2647,-0.2123,0.1753,-0.1356,-0.0811,0.0460,-0.1265,-0.0808,-0.0402,0.0209,-0.1631,-0.1260
"183,012",-11.2334,-4.2430,-0.0217,-0.0734,-0.0235,-0.0818,0.0017,0.0518,0.1308,0.1439,-0.0599,-0.0335,0.0513,0.1536,-0.0781,-0.0268,0.0197,0.0058,0.0894,0.0032,-0.0557,0.0886,0.0027,0.0014,-0.0635,-0.1341,0.0309,0.1278,0.0289,0.0448,-0.1114,-0.0891
"377,003",-0.6759,28.1692,-0.1576,0.1102,0.0355,0.1204,-0.0347,-0.0230,-0.0760,0.0437,-0.0071,0.1192,-0.0388,-0.0895,-0.1845,0.0536,0.1889,0.1226,0.2514,-0.1885,0.1526,-0.0001,0.0631,-0.0188,-0.1241,-0.0275,-0.1489,-0.0553,-0.0840,-0.0620,-0.1675,-0.0647
"132,001",3.3205,-36.0176,0.2984,-0.1791,0.0034,-0.7352,-0.1024,-0.1109,-0.0013,-0.1381,0.0635,0.1585,0.0919,-0.2103,0.1870,-0.2094,0.2419,-0.3685,-0.0959,0.0609,0.2100,-0.0122,-0.0958,0.4118,0.1615,0.1097,-0.1792,-0.3068,0.0715,-0.2519,-0.2621,-0.0522
"371,003",40.4023,-2.0739,0.1552,-0.0057,0.0579,-0.0021,-0.0159,0.0920,0.0755,0.2487,-0.0108,-0.1377,0.1627,0.1645,0.0682,0.3073,0.0987,0.1585,0.1335,-0.6560,-0.6932,-0.1446,0.1047,-0.0934,0.0992,0.3302,0.6830,0.7257,0.4068,-0.7316,-0.3026,-0.4440
"371,001",40.0709,-1.6643,0.1541,-0.0058,0.0603,-0.0022,-0.0128,0.0915,0.0733,0.2492,-0.0103,-0.1367,0.1634,0.1645,0.0684,0.3059,0.0992,0.1564,0.1364,-0.6577,-0.6924,-0.1476,0.1091,-0.0975,0.1029,0.3298,0.6876,0.7319,0.4098,-0.7375,-0.3065,-0.4461
"155,009",0.8839,20.6872,-0.1443,0.0961,-0.0962,0.1196,-0.1209,0.1515,-0.0423,-0.1245,0.1028,0.0544,-0.1395,-0.0758,-0.0333,-0.1020,-0.1135,0.0952,-0.0342,0.0154,0.0119,0.1643,0.1266,-0.0010,-0.0199,-0.0466,0.0397,0.1023,-0.0505,0.0215,-0.0290,0.1947
"011,002",8.3681,23.0357,-0.2103,0.0495,0.0081,0.0541,0.1032,0.0773,-0.1580,-0.1478,0.0127,-0.0539,-0.1274,-0.0978,-0.0031,-0.0800,-0.1913,0.1116,0.0556,0.1188,0.1931,0.2804,0.1772,0.1589,0.1088,-0.0708,0.0535,0.2478,-0.1689,-0.1016,0.0616,-0.0610
"101,006",-43.3789,-20.4269,-0.5649,-0.0304,0.0907,0.0129,1.3617,0.5206,0.4924,-1.3154,-0.1754,-0.3579,-0.2435,0.0412,0.2842,0.3224,0.1693,-0.0679,-0.0316,-0.0259,-0.0632,-0.3019,0.0469,-0.0215,0.1914,0.1082,-0.2715,0.0136,-0.0816,-0.1145,-0.0088,-0.1537
"056,001",13.3713,31.8340,-0.0908,0.1872,0.1429,0.1674,-0.0449,-0.1168,-0.3839,-0.0463,-0.3628,0.1041,0.0831,-0.5521,0.0880,0.3241,0.0878,0.0651,-0.0275,0.1629,-0.0087,-0.0080,0.1274,-0.0388,0.0210,-0.2756,-0.1492,-0.1701,-0.0192,-0.2317,0.2586,-0.3099
"189,003",28.7355,-0.0472,0.3312,0.1309,0.0585,0.0161,-0.0632,0.0238,-0.0262,0.0011,0.1131,-0.0761,-0.0135,-0.2598,-0.0798,0.2820,-0.1062,0.0712,-0.0318,0.1714,-0.2534,-0.1180,0.0325,-0.2405,0.2085,0.2071,-0.0391,-0.1517,0.1401,-0.0206,-0.1290,0.1907
"461,123",-9.5098,-17.2188,0.1889,-0.3638,-0.0160,-0.0250,-0.0669,0.0337,0.0995,0.0803,-0.1628,0.0010,-0.0497,0.1164,0.0029,0.0300,-0.0134,0.0494,0.0369,0.0658,-0.0425,-0.0358,0.0623,0.0714,0.1067,-0.0494,-0.1078,0.0600,0.0699,-0.0124,0.0631,-0.0742
"058,004",-16.4232,51.4107,-0.0548,-0.0135,-0.0014,-0.0361,-0.0417,-0.0382,0.1411,0.0544,-0.1474,-0.0208,0.0876,0.1319,-0.1606,0.1985,-0.4223,0.4880,-0.3189,-0.4884,0.8878,-0.0968,-0.2489,-0.1765,0.1489,-0.0863,-0.0030,0.1161,-0.0776,-0.1121,-0.0432,0.1367
"167,022",-22.9119,23.5806,-0.1642,-0.0330,-0.0234,0.0093,0.0444,0.0603,-0.0416,0.1294,-0.2270,-0.0456,0.1869,0.0827,0.1208,-0.1066,0.0041,-0.0255,-0.0270,0.1251,-0.0183,-0.0363,-0.0038,-0.0140,-0.0545,0.0349,0.1520,-0.0575,-0.1141,-0.0635,0.0161,0.0012
"248,030",-15.8395,-27.5915,0.3854,-0.1915,-0.6163,0.1129,0.0306,0.1048,0.0553,0.0174,-0.1444,-0.1537,0.0683,-0.0014,0.0975,-0.0231,-0.3978,0.3836,0.1787,0.3385,-0.1706,-0.0414,0.1087,-0.2081,0.0517,-0.1091,-0.2328,-0.0848,0.0266,0.4286,-0.3835,-0.1866
"206,002",-6.1363,-1.7243,0.0465,-0.0966,-0.1235,-0.0523,-0.0147,0.0654,0.0220,0.1108,-0.1516,-0.0603,0.1603,0.0720,0.0884,-0.0278,-0.0338,0.0405,0.0122,0.1340,-0.0890,-0.0366,-0.0194,-0.0925,-0.0048,-0.0252,0.0231,-0.0644,-0.0692,-0.0271,0.0059,-0.1268
"266,006",14.3854,-48.7967,1.6276,-0.3761,-3.1799,1.2184,1.3884,-0.7713,-0.6702,-0.1505,-0.0829,0.5525,0.1626,0.0525,-0.0275,-0.0796,0.2253,-0.2724,-0.0284,-0.3167,0.1377,0.1439,0.0686,0.1052,-0.0282,-0.0130,0.0110,0.0552,-0.2030,-0.0714,-0.0906,-0.0646
"030,013",-5.8226,28.1818,-0.1834,0.0822,-0.0583,0.1067,-0.0611,0.0250,0.0626,-0.0771,0.0861,0.0560,-0.0489,0.0121,-0.0401,-0.0995,-0.3281,0.4129,-0.0856,-0.1006,0.2608,0.1725,-0.1285,0.0032,0.1161,0.0292,0.0274,0.1370,-0.1298,-0.1662,-0.0193,0.1013
"133,004",1.4128,2.0760,-0.0390,-0.0114,0.0570,-0.0476,0.1144,-0.0216,-0.0830,0.1440,0.0915,-0.1644,-0.0163,0.0113,-0.1251,0.0370,-0.0345,-0.0086,-0.0623,-0.1094,-0.0012,0.1124,0.2284,-0.1194,-0.2739,-0.0526,-0.1453,0.0998,0.0243,0.0976,-0.1924,0.1754
"080,017",11.7028,-16.5629,0.1888,-0.0269,-0.1124,-0.0281,0.1147,0.0066,0.0382,0.2132,0.0177,-0.0917,0.0084,-0.0453,-0.0092,0.0182,-0.0573,-0.0895,0.0596,0.1829,-0.0807,-0.0602,0.2187,-0.1726,-0.0175,-0.0331,-0.4657,0.3055,-0.0008,-0.3718,-0.0470,0.3237
"080,016",-30.7078,0.7321,-0.0626,-0.0425,-0.1427,0.0019,0.0933,0.1899,0.1711,0.0646,0.0657,-0.0776,-0.0351,0.1971,-0.1681,-0.1198,0.5996,0.5580,-0.2953,0.5787,-0.2466,0.4343,-0.5642,0.1372,-0.1375,-0.4486,0.1648,0.3936,0.4196,-0.0329,-0.0321,0.2590
"392,016a",5.0323,31.3189,-0.0978,0.0826,-0.0254,0.0896,-0.1454,-0.0111,0.0206,-0.0433,0.0008,0.0264,0.0318,0.0038,-0.1239,0.1428,0.0823,-0.1833,0.3167,-0.0385,0.1085,0.0643,-0.2150,-0.0823,-0.1667,-0.1176,-0.1069,0.1836,-0.0678,0.0769,0.0032,-0.0217
"167,025=016,016",-22.5685,17.1035,-0.2433,0.0221,0.0113,0.0198,0.1716,0.0027,-0.0179,0.1824,0.1762,0.1709,0.0049,-0.0854,-0.1783,-0.3038,-0.1795,-0.1192,-0.0397,0.0943,-0.0452,-0.1448,0.0062,-0.0215,-0.0199,0.2180,0.2390,-0.2087,-0.0898,0.0511,0.0409,0.1257
"167,023=366,017",-25.2888,34.0782,-0.2135,-0.1738,0.1254,0.2027,0.0298,-0.1010,-0.2547,0.0639,-0.4581,-0.0574,0.3018,-0.1278,0.1275,-0.0893,0.1029,-0.0800,-0.0518,0.1478,0.0634,-0.0715,0.0808,0.0802,-0.1852,-0.0504,0.1617,-0.1549,0.0119,-0.1003,0.1370,0.1758
"366,017",-25.7547,34.4830,-0.2241,-0.1509,0.1095,0.2058,0.0280,-0.0646,-0.2367,0.0266,-0.4659,-0.0565,0.2990,-0.1311,0.1225,-0.0927,0.1340,-0.0944,-0.0981,0.1502,0.0760,-0.0710,0.1029,0.0568,-0.1590,-0.0572,0.1628,-0.1411,0.0118,-0.0897,0.1151,0.1822
"165,003=350,001",-27.0442,14.0132,-0.1395,-0.0616,-0.0230,-0.0897,0.1359,-0.0719,0.1169,0.0360,0.0670,-0.1387,0.0543,0.1217,-0.0354,-0.2150,-0.1795,-0.1169,0.1224,0.1546,0.1098,0.1569,0.3861,0.0131,-0.1486,-0.0546,0.4177,-0.2612,0.0068,-0.1732,-0.0727,0.3871
"167,026=432,002=449,001a",-24.6726,14.5007,-0.1983,0.0068,0.0075,-0.0010,0.1320,-0.0907,0.0525,0.1279,0.1605,0.0081,0.0137,0.0405,-0.0615,-0.3582,-0.2819,-0.0926,0.0783,-0.0862,-0.0625,0.0459,0.1022,0.1075,-0.0785,0.1499,0.1498,-0.4196,-0.0569,-0.2630,-0.2556,0.2464
"248,031",-9.2784,-22.8425,0.5463,-0.3293,-0.6868,0.2113,0.2272,-0.1379,0.0123,0.0821,-0.2479,0.0523,-0.1261,0.0592,-0.0783,0.0293,-0.0892,0.1032,-0.0727,0.2462,0.0007,-0.0887,-0.0036,0.0215,0.2186,-0.0693,-0.1081,0.0341,0.1360,0.0435,-0.0419,-0.1430
"012b,001",0.2708,16.7513,0.0720,0.1509,0.1801,0.1055,0.1443,0.0490,-0.0132,-0.0933,0.1004,0.0284,-0.0345,0.0158,-0.0308,-0.2154,-0.1147,0.0031,0.1384,0.1717,0.1657,0.1824,0.1616,0.2426,0.0008,0.0254,0.1143,0.1376,-0.1565,0.1615,0.0276,0.1587
"167,024=010,028",-23.3307,11.3907,-0.1047,-0.0384,-0.0357,-0.0615,0.0606,-0.0278,0.0322,0.0370,0.0542,-0.0757,0.0307,0.0589,-0.0472,-0.1892,-0.1917,-0.1062,0.0781,0.0928,0.0670,-0.0652,0.0907,0.0086,-0.0433,0.0782,0.2643,-0.2222,-0.0001,-0.0606,-0.0393,0.1924
"136,002",-22.5541,12.4334,-0.2089,-0.0029,-0.0042,-0.0208,0.1664,0.0093,0.0579,0.1130,0.0967,0.0759,0.0067,-0.0003,-0.1083,-0.2074,-0.1543,-0.0629,0.1377,-0.0073,0.0444,0.0811,0.0855,0.1133,-0.0063,0.0651,0.1395,-0.0166,-0.0215,0.0513,0.0660,0.1347
"165,002=052,003",21.7442,6.0931,0.0337,0.0569,0.0401,0.0048,0.0851,0.0038,0.0257,0.1537,0.1468,0.0223,-0.0198,-0.2360,-0.1481,0.2672,-0.0161,0.0463,-0.1050,0.0452,-0.1954,-0.1317,-0.0929,0.0450,-0.0530,0.3331,0.1678,-0.0654,-0.1099,0.2145,0.1281,-0.1144
"248,032",-8.7862,-33.2711,0.4261,-0.0934,0.1513,-0.2256,-0.1274,-0.2779,0.4111,0.1598,-1.6875,0.5396,-2.1283,0.3951,-0.5813,-0.0675,-0.0664,-0.0197,-0.0046,0.1838,-0.2151,-0.0146,-0.0622,-0.1074,-0.0989,0.0966,0.0867,-0.0874,-0.1447,-0.1535,0.0156,-0.0582
"242,034",11.4529,43.4913,-0.0800,0.2147,-0.1162,0.2521,-0.5626,0.1520,-0.0225,-0.3458,-0.0266,0.0143,-0.0880,-0.0702,-0.1862,0.4394,0.1259,-0.3008,0.1843,-0.2600,0.2328,-0.1134,-0.0927,0.2243,-0.4666,-0.1101,-0.1961,-0.0057,-0.0027,0.0926,-0.1400,0.1119
"167,027",-37.4635,26.9485,-0.2560,0.1159,-0.0916,0.1803,-0.1987,0.1982,-0.0292,-0.0511,0.1215,0.1442,-0.0758,0.0722,-0.1671,-0.4339,0.1248,-0.1809,-0.5651,-0.1140,-0.0429,-0.0719,0.3467,-0.1307,0.1664,0.1495,-0.0699,0.0690,0.0006,0.1280,-0.0353,-0.0473
"230,001",-20.1052,-13.3529,0.1995,-0.0018,0.1033,0.0732,-0.0651,0.0607,0.1444,0.0631,-0.2235,0.0796,-0.3841,0.0839,-0.0188,-0.2281,-0.1266,-0.0524,0.2140,-0.1366,0.0631,-0.3446,0.0877,0.0004,0.1134,-0.0361,0.0352,0.4288,0.4548,-0.1306,0.4245,0.0473
"244,002",5.1282,9.9027,0.0082,0.0659,0.1222,-0.0430,0.1601,-0.0667,0.0479,-0.1942,-0.0017,0.1246,-0.1435,-0.2103,-0.0180,0.0646,0.0294,-0.0260,-0.0026,0.0047,-0.0569,-0.0149,0.0878,0.0913,0.1608,0.0067,-0.0867,0.0152,0.0300,-0.0291,-0.0250,0.1011
"457,016",15.8843,34.6166,-0.3226,0.1919,0.1134,0.2145,0.0872,-0.2269,-0.3358,0.0708,0.0006,0.3194,-0.0179,-0.2811,0.0233,-0.0382,-0.0963,0.1203,0.0003,-0.1116,-0.1414,-0.0014,-0.1885,-0.1882,-0.0146,-0.2011,-0.3742,-0.2764,0.1616,-0.2415,0.3811,-0.6044
"323,018",-29.6471,38.8158,-0.1016,0.0745,0.0013,0.2095,-0.1930,0.0707,-0.3336,-0.0070,-0.7769,-0.0949,0.3846,-0.1827,0.2985,-0.0525,0.0775,0.1175,-0.1430,0.2402,-0.1158,-0.1859,0.0899,0.0088,0.0299,0.1096,-0.0183,-0.1353,-0.0255,-0.0686,-0.0054,0.1114
"070,020",0.3863,60.5600,-0.1341,0.1889,0.1083,0.1979,-0.3978,-1.3281,0.4126,-0.6176,0.0845,-0.1220,0.1373,0.4278,0.0944,0.1526,0.0468,0.0583,-0.0263,0.1262,0.0035,-0.0065,0.0986,0.0281,0.0941,-0.0005,0.0011,0.0445,0.0660,0.1723,-0.0523,-0.0315
"080,018",-10.7232,-11.5784,0.0187,-0.0777,-0.0405,-0.1682,-0.0191,0.0944,0.1786,0.2272,-0.0353,-0.1564,0.1647,0.2246,0.0131,0.0119,0.0658,-0.1187,0.0341,-0.2113,-0.2573,0.0802,0.0150,0.2146,-0.1047,-0.0120,0.0556,0.1582,0.0947,-0.1687,0.3263,-0.3643
"242,036",-30.2432,30.1526,-0.2648,0.1643,-0.1714,0.3335,-0.5323,0.2650,-0.2153,-0.2336,-0.4521,-0.0643,0.2207,0.0759,0.0931,-0.0994,0.1695,-0.3008,-0.1948,-0.0322,0.0342,-0.1831,0.0075,-0.0309,0.0036,0.0439,0.0020,0.0158,-0.0749,0.0481,-0.1973,-0.0999
"461,126",-18.0048,12.0113,-0.1326,-0.0434,0.0635,-0.0987,0.2914,-0.0297,-0.0501,0.1155,0.1561,-0.0689,-0.0346,-0.0090,-0.1513,-0.0135,-0.0283,-0.2409,-0.0056,0.0440,0.1489,-0.2056,-0.0318,-0.1166,-0.1610,-0.0202,0.1886,0.0308,0.0804,0.1598,-0.0747,0.1640
"244,003",29.0633,-24.7521,0.0830,0.0591,0.1591,-0.1266,0.0996,-0.1244,-0.7705,0.0133,0.1634,-0.4893,-0.2774,0.1668,-0.0306,0.0743,0.0221,-0.0072,-0.0277,0.0101,-0.0254,0.0230,-0.0856,0.0815,0.0517,0.0853,-0.0074,-0.1578,-0.0893,-0.0112,-0.0817,-0.0592
"364,022",7.3168,34.2698,-0.1106,0.1420,-0.0453,0.1635,-0.1839,0.0730,-0.0906,-0.1217,0.0010,0.0289,-0.0536,-0.1659,-0.0836,0.1814,0.0988,-0.1295,0.1024,-0.0199,0.1386,-0.0017,-0.1237,0.0013,-0.1694,-0.0926,-0.0710,0.0487,0.0749,0.0582,-0.0942,-0.0089
"236,004",-31.7774,11.3651,-0.2226,-0.0107,0.0421,0.0299,0.1929,-0.0444,0.0469,0.2092,0.2096,0.2248,-0.0051,-0.0560,-0.2446,-0.2704,-0.1253,-0.1669,0.1244,0.0914,0.0262,-0.3018,-0.2221,0.1823,-0.0541,0.3825,0.1922,0.0479,-0.3969,0.2474,0.1014,0.1382
"194,008",-27.4617,-17.9934,-0.1914,0.0735,-0.1047,0.1062,-0.0525,0.0288,-0.0286,0.0010,0.1101,0.0364,-0.0673,-0.0061,-0.0068,-0.3146,-0.2432,0.1613,0.4523,0.0884,0.0397,-0.1910,0.0347,-0.1144,0.0787,0.0825,-0.0974,0.0445,0.1482,0.0821,0.1502,0.1553
"070,021",-15.4781,-25.8087,-0.0807,0.1269,-0.0513,0.1037,-0.2134,0.0562,0.1016,0.0859,0.1571,-0.0498,0.0309,0.0782,-0.5264,0.0468,1.3733,0.8058,0.9115,0.0169,0.6181,-0.2987,0.4519,-0.2485,-0.1841,0.3551,-0.1648,-0.4894,-0.5075,-0.1416,-0.1323,-0.2398
"281,005",30.4927,-37.0739,0.0202,-0.0182,0.2381,-0.3485,0.1981,-0.2624,-1.8646,-0.1467,0.2501,-1.1483,-0.6179,0.6583,0.0093,-0.0919,0.0475,-0.0019,-0.0423,-0.0636,0.0433,-0.0348,-0.1823,0.1138,-0.0237,0.0027,0.0049,-0.0514,-0.1351,0.1574,-0.0851,-0.0075
"167,028",29.3279,12.2080,0.2618,0.2063,0.2422,0.1664,0.1195,0.1293,0.0020,-0.0214,0.0588,0.0539,0.0130,0.0053,0.0258,-0.1221,-0.1237,0.0465,-0.0278,0.0422,0.1062,0.1315,0.0758,0.1065,-0.0453,0.0428,-0.0825,0.0016,-0.0533,0.0380,-0.0192,0.0456
"080,019",-13.9156,-25.6881,-0.0708,0.0548,-0.0397,0.0232,-0.0972,0.0555,0.2133,0.2725,0.1637,-0.0915,0.1329,0.2405,-0.6836,-0.1188,1.8987,1.2536,1.1986,-0.0405,0.7611,-0.3700,0.8710,-0.4188,-0.2314,0.5884,-0.1566,-0.6835,-0.7616,-0.2527,-0.0589,-0.4159
"080,020",-13.2414,-0.9761,-0.0723,0.0170,-0.1672,0.0586,-0.1970,0.1913,0.1018,0.0265,-0.0310,-0.0579,0.0893,0.2053,0.0464,-0.0332,-0.0880,-0.0065,0.0192,0.0334,-0.2972,-0.0906,-0.1566,-0.1749,-0.0158,-0.1000,0.2064,-0.0681,-0.1678,0.0823,-0.2215,-0.3562
"461,130",16.0203,-19.1046,0.0757,-0.1259,0.0246,-0.1984,0.1346,-0.0985,0.1236,0.3914,0.1205,-0.3096,0.1629,0.0966,-0.1783,0.1516,0.0002,-0.3627,-0.1485,0.3849,-0.2821,-0.3298,0.2236,-0.5912,-0.5504,-0.2504,-1.0928,0.8081,-0.5821,-0.7146,-0.2206,0.6277
"242,037",19.1454,45.0162,-0.1243,0.2248,-0.3104,0.3442,-0.8117,0.3963,0.0269,-0.4302,0.1120,-0.0392,-0.1108,0.1310,-0.1895,0.1922,0.1388,-0.4818,-0.0931,-0.0441,0.2074,-0.1970,-0.2935,0.1656,-0.1120,-0.0737,0.0820,-0.0335,-0.1227,-0.0633,-0.0925,-0.0208
"364,023",11.7068,36.6064,-0.1171,0.1721,-0.0901,0.2021,-0.3291,0.1354,-0.1266,-0.1558,0.0495,0.0699,-0.0662,-0.1546,-0.1379,0.2363,0.0405,-0.2188,0.0068,0.0690,0.1425,-0.1852,-0.2967,0.0131,-0.0727,-0.0279,0.0591,-0.0776,0.0363,-0.0483,-0.0554,-0.0957
"293,026",-20.8119,-12.9024,0.0880,-0.0276,0.0134,0.0391,-0.1261,0.0549,0.1199,0.0854,-0.2600,0.0256,-0.2690,0.0231,0.0650,-0.2390,-0.0644,-0.0879,0.2452,-0.2189,0.0396,-0.3695,-0.0476,0.0870,0.1399,0.0127,0.0380,0.3641,0.4575,-0.1018,0.4669,0.1178
"101,007",-10.1137,12.2752,-0.1447,-0.0952,-0.0153,-0.0415,0.1760,0.0903,0.0163,-0.0360,-0.0430,-0.1730,-0.0110,0.0667,0.0259,-0.1020,-0.1542,0.0263,0.0474,0.0911,0.0614,0.1886,0.3581,0.0573,-0.1079,-0.1277,0.1810,0.0733,-0.0376,-0.0780,0.0008,0.2488
"080,021",16.4942,-21.6953,-0.0376,0.0067,0.0188,-0.0207,-0.0402,0.0353,0.0481,0.0454,-0.1705,-0.1841,0.1713,0.0163,-0.0640,0.2764,0.1502,-0.5804,0.4141,-0.1270,0.0043,0.9756,-0.2737,-0.7859,0.3597,0.2218,-0.0328,0.0601,-0.0596,0.3379,0.1084,-0.1003
"167,029",-45.9466,24.9648,-0.3627,0.1846,-0.2121,0.3503,-0.5364,0.4420,-0.1118,-0.1984,0.0408,0.1314,-0.0850,0.2258,-0.1451,-0.6708,0.3132,-0.3629,-1.0611,-0.1373,-0.0116,-0.1299,0.5823,-0.3025,0.4134,0.1462,-0.0786,0.0775,-0.0578,0.0479,-0.0365,-0.2608
"461,131",-4.6634,0.1765,-0.0913,-0.0130,0.0000,-0.0657,0.0504,-0.0398,0.1039,0.0882,0.0702,-0.0422,0.0554,-0.0013,-0.0979,0.0232,-0.0813,-0.0881,-0.0530,-0.0734,0.0864,0.0527,0.0466,0.1870,-0.1394,0.0528,-0.1462,-0.0660,-0.0192,-0.0663,-0.0120,0.0891
"356,004",29.1089,-0.8888,0.2631,0.1858,0.1358,0.0862,-0.0596,0.0297,-0.1107,-0.0341,0.1043,0.0345,0.0166,-0.2788,-0.0181,0.3511,-0.0915,0.1536,0.0144,0.1209,-0.2942,0.0305,0.0939,-0.3295,0.2086,0.0912,0.1166,-0.1629,0.0092,-0.1394,-0.1641,0.0157
"282,009",4.2227,21.4667,-0.1392,0.0816,-0.0787,0.1054,-0.1636,0.1519,-0.0397,-0.0502,0.1261,-0.0049,-0.0946,-0.0161,-0.1043,0.0465,-0.0057,-0.1281,0.1424,0.0054,0.0773,0.0860,-0.0654,0.1062,-0.0419,-0.1144,0.0495,0.0176,-0.0834,-0.0633,-0.0915,0.1261
"364,024",40.0189,2.6753,0.2989,0.1358,0.0724,0.0697,-0.1449,0.0513,0.1558,0.0695,0.1436,-0.1755,0.0482,0.0536,-0.1691,0.3120,0.4795,0.3898,0.3977,-0.5027,-0.2144,-0.1512,0.4424,0.0076,-0.0047,0.5561,0.4200,0.0928,-0.2443,-0.4521,-0.0018,-0.1255
"005,001",53.5552,7.0129,1.3643,0.7512,1.0684,0.6922,0.3951,0.3127,0.0881,-0.1831,0.0477,0.2193,0.2810,0.4966,0.1686,-0.5287,-0.1266,-0.1399,0.0070,0.1482,0.3190,0.0911,-0.0433,0.1029,-0.1980,-0.1020,-0.1481,-0.0583,-0.0105,0.0874,0.0614,-0.0373
"160,001=180,001",-27.2778,-0.5029,-0.1864,0.0210,0.0233,0.0180,0.1567,0.0135,-0.0339,0.3703,0.0734,0.3187,-0.3564,0.2619,0.4558,0.2477,0.1176,-0.0687,-0.1574,-0.1551,-0.1105,-0.0159,0.1546,-0.1470,-0.2044,0.0550,0.1407,0.0133,0.0451,0.3370,-0.0744,0.2376
"112,002",-38.6412,26.5060,-0.1819,0.1524,-0.1126,0.2362,-0.3828,0.2769,-0.0097,-0.1060,0.0611,0.0960,-0.0749,0.1968,-0.1993,-0.3713,0.3373,-0.1917,-0.3899,-0.1668,0.0618,-0.2258,0.3552,-0.1655,0.2387,0.1039,-0.0496,0.1194,0.1091,-0.0032,0.0473,-0.1821
"225,005",20.1268,14.4918,0.0691,0.0198,0.0044,-0.0321,-0.0274,0.0820,0.1373,0.1746,0.0743,-0.1103,-0.0354,-0.0759,0.0992,0.3126,-0.1308,0.2652,-0.3219,-0.3395,-0.1786,0.1472,0.0602,0.2540,-0.3584,0.2458,-0.1487,-0.1973,-0.1384,0.3343,0.3420,-0.2232
"455,001",52.9755,6.4299,1.4428,0.7866,1.1004,0.7144,0.3481,0.3745,0.0587,-0.1940,0.0685,0.2064,0.2754,0.4941,0.1564,-0.4280,-0.0866,-0.0849,0.0429,-0.0120,0.1959,0.0545,-0.0062,0.0941,-0.1946,-0.0606,-0.0764,0.0508,-0.0554,0.0336,0.0828,-0.0450
"461,128",-11.3637,24.2516,-0.1228,0.0697,0.0553,-0.0225,0.1198,-0.0289,-0.1718,-0.0002,0.1161,0.1924,-0.0347,-0.1797,-0.1296,-0.0141,0.0107,0.0283,-0.0065,0.0674,-0.0266,-0.0174,-0.1433,-0.2008,-0.0126,-0.0255,-0.0657,0.0079,0.1611,0.0696,-0.0017,-0.0583
"461,133b",-1.0462,-9.0233,0.0955,-0.1171,-0.0180,-0.1191,0.0185,-0.0020,0.0782,0.1218,-0.0553,-0.0513,0.0543,0.0644,0.0216,0.0107,0.0443,-0.0263,-0.0014,-0.0364,-0.0364,-0.0169,0.0331,0.0058,-0.0017,-0.0345,-0.0058,0.0033,0.0045,0.0017,0.0200,-0.0431
"282,010",12.2148,24.5105,-0.1105,0.0418,0.0312,0.0935,-0.0052,-0.0490,-0.0285,-0.0905,-0.1045,0.0885,-0.1841,-0.1600,-0.0943,0.1710,-0.0227,0.0666,0.0147,-0.2257,0.0221,0.2535,0.2328,0.0564,-0.2218,-0.1024,0.0122,0.1894,-0.0282,0.2369,-0.0086,0.2644
"437,017",23.7721,0.2474,0.1433,0.1279,0.1454,0.0127,0.0152,-0.0909,-0.1389,-0.0093,0.0756,0.0538,-0.0310,-0.2314,-0.0491,0.1738,0.0218,0.0010,-0.0623,-0.0295,-0.1471,-0.1064,0.0153,-0.1213,0.1297,-0.1525,0.0489,-0.1238,0.0442,0.0402,0.0255,0.0119
"248,033",-16.5125,-18.4515,0.2399,-0.0784,-0.3791,-0.0493,-0.1181,0.1524,0.0793,-0.0451,0.0320,-0.1397,0.0084,-0.0272,0.1641,-0.1178,-0.2712,0.2398,0.0556,0.0799,-0.0536,-0.0765,0.0273,-0.1139,-0.0802,0.0419,-0.0267,-0.0999,0.0307,0.1381,0.1223,-0.0353
"155,010",27.6218,19.1482,0.0202,0.0374,-0.0248,0.0187,-0.0268,0.1355,0.1294,0.0516,0.0871,-0.1140,-0.0846,-0.2308,0.0106,0.1209,-0.2618,0.2502,-0.3339,-0.2827,-0.2446,0.1713,0.2756,0.2479,-0.4870,0.3925,-0.2402,-0.2215,-0.2114,0.5785,0.0847,0.0625
"177,001",0.0689,-1.4444,0.0546,-0.0502,-0.0242,-0.0515,-0.0119,0.0108,0.0599,0.0521,-0.0228,-0.0470,0.0255,0.0533,0.0091,0.0055,-0.0051,0.0088,-0.0010,-0.0030,-0.0195,0.0091,0.0085,0.0057,0.0138,-0.0113,0.0087,-0.0069,-0.0135,-0.0030,0.0113,-0.0190
"461,137",-16.6631,-4.4497,0.0191,-0.0443,0.0456,-0.2073,0.1479,-0.0293,0.0902,0.0376,-0.2144,0.2045,-0.2393,0.0055,-0.2171,-0.0146,0.0015,-0.0641,0.0287,0.0820,0.0683,-0.1081,-0.0392,0.1346,0.0185,0.1161,0.1177,0.0230,0.1094,0.2612,-0.0714,-0.0573
"080,022",-19.8162,25.5822,-0.0902,0.0284,-0.0177,0.0710,-0.0879,-0.0082,-0.0295,0.0529,-0.2793,-0.0493,0.1805,0.0663,0.1354,-0.0451,0.0159,0.1455,-0.0005,0.0142,-0.1836,0.0199,0.0912,0.0789,0.0291,-0.0011,-0.0030,-0.0146,0.0090,-0.0181,0.0166,0.0601
"102,002",-6.9031,-17.4004,0.0880,-0.1163,-0.1736,-0.0894,-0.2284,0.1827,0.1119,0.0393,-0.0951,-0.1735,0.1114,0.1407,0.1040,-0.0697,-0.1777,0.1848,0.1789,0.1649,-0.2048,0.1450,0.3404,0.1913,0.0598,-0.2530,-0.3217,-0.0784,0.0428,0.0274,0.0641,0.1109
"295,001=194,009",-33.3469,11.1254,-0.3199,0.0570,0.0355,0.0607,0.2518,-0.0432,-0.0569,0.1542,0.0209,0.1895,0.0308,-0.1115,-0.0625,-0.3427,-0.2196,-0.0587,0.3013,0.0874,0.1320,-0.0825,0.0833,0.2887,0.1881,0.2478,0.1370,0.1920,-0.0140,0.2461,0.0540,0.2048
"129,003=194,010",-41.3362,26.5349,-0.3096,0.1041,-0.1479,0.1763,-0.2236,0.3122,-0.0032,-0.1476,0.1194,0.1163,-0.0784,0.1921,-0.1265,-0.5060,0.1843,-0.2808,-0.6856,-0.0590,0.0843,-0.0977,0.4916,-0.1851,0.2486,0.0744,0.0576,0.0172,-0.0496,0.0513,-0.0354,-0.1554
"248,036=226,003",21.2358,-35.5999,0.4329,-0.0251,-0.0880,-0.3074,-0.2702,-0.3525,0.5708,-0.0072,0.1452,-0.7265,-0.5717,-1.2074,1.1599,-1.0056,0.4741,-0.1041,0.0455,-0.4332,0.2896,-0.2584,-0.4034,-0.1555,-0.1673,-0.3216,0.0822,0.2213,-0.1014,0.2224,-0.0401,-0.1291
"248,037=226,004",19.7276,-35.0185,0.3943,-0.0193,-0.0760,-0.2888,-0.2074,-0.2619,0.5013,0.0621,0.1338,-0.6521,-0.5191,-1.1664,1.0278,-0.8788,0.5124,-0.1529,0.0074,-0.4708,0.2865,-0.2352,-0.4321,-0.1383,-0.1930,-0.3229,0.0869,0.2399,-0.1252,0.2600,-0.0781,-0.0695
"248,037",19.8955,-36.1267,0.4174,-0.0264,-0.0796,-0.3040,-0.2145,-0.2801,0.5195,0.0707,0.1384,-0.6747,-0.5346,-1.2078,1.0794,-0.9261,0.5322,-0.1352,-0.0081,-0.4947,0.2790,-0.2421,-0.4380,-0.1651,-0.1981,-0.3391,0.0900,0.2544,-0.1268,0.2474,-0.0677,-0.0702
"248,034=230a,001",21.3291,-36.7527,0.4732,-0.0419,-0.0660,-0.3626,-0.2382,-0.2816,0.5600,0.0647,0.1332,-0.7966,-0.6330,-1.3072,1.2252,-1.0823,0.5425,-0.1943,0.0524,-0.5248,0.3459,-0.2432,-0.4339,-0.1188,-0.1594,-0.3529,0.0820,0.1756,-0.1043,0.2062,-0.0456,-0.1939
"140,001b=226,005",10.9240,-6.6312,0.1296,-0.0437,0.0305,-0.1162,0.0747,0.0061,0.0933,0.2236,0.0220,-0.1456,0.0615,-0.1491,-0.0688,0.1664,0.0223,-0.0436,-0.0862,0.1445,-0.0376,-0.2095,-0.0075,-0.3101,0.1325,-0.2609,-0.1250,0.1543,-0.1837,-0.0455,-0.2623,-0.0335
"457,017",-4.1094,1.7696,-0.0254,-0.0717,-0.0659,-0.2810,-0.0872,-0.0593,0.1105,-0.1264,0.1168,0.1658,0.1452,0.2147,0.0953,-0.1282,-0.0060,0.0109,-0.0384,0.0763,-0.0938,0.1354,-0.1284,0.0111,-0.1622,-0.0467,0.0410,-0.0404,-0.3055,-0.1947,0.2068,-0.0760
"296,002=248,039",17.4265,-26.1579,0.4284,0.0718,0.1091,-0.1302,-0.1250,-0.0948,0.2369,-0.0071,-0.0470,-0.2849,-0.4102,-0.5355,0.4665,-0.3449,0.2342,-0.1221,0.0427,-0.1498,0.0964,-0.0081,-0.1289,0.0631,0.0416,-0.0601,0.0591,-0.0220,-0.1228,-0.1560,-0.2047,-0.0671
"261,001a=248,040",19.3639,-28.9701,0.2636,-0.0003,-0.0178,-0.1526,-0.0674,-0.1041,0.2826,0.0556,0.0948,-0.4349,-0.3123,-0.7405,0.6221,-0.5540,0.2244,-0.1157,-0.0429,-0.3007,0.0862,-0.0568,-0.1037,-0.0945,-0.1302,-0.1047,0.1457,-0.0897,-0.0698,-0.0208,-0.0427,0.0903
"226,007=248,041",19.0594,-33.6416,0.3629,-0.0472,-0.1179,-0.2530,-0.2207,-0.1386,0.4539,0.0554,0.1419,-0.6277,-0.4513,-1.0021,0.9169,-0.7853,0.4038,0.0274,-0.0262,-0.3396,0.1941,-0.2028,-0.3783,-0.1253,-0.1977,-0.2485,0.0722,0.1591,-0.0299,0.1826,0.0667,-0.0596
"358,001=248,080a",18.3403,-27.5214,0.2582,0.0096,-0.0662,-0.1346,-0.0727,-0.1848,0.1828,-0.0106,-0.0151,-0.2481,-0.4200,-0.8190,0.5843,-0.4255,0.2929,-0.0442,-0.0200,-0.3618,0.1769,0.0392,-0.0943,-0.0984,-0.1230,-0.2633,0.1301,0.2865,-0.1530,0.1946,-0.1750,0.1473
"154,002a=248,038",17.3052,-28.7060,0.3268,-0.0474,-0.0581,-0.2991,-0.1686,-0.0884,0.3289,0.1050,0.0886,-0.4283,-0.2407,-0.6007,0.5318,-0.4870,0.4716,0.0643,0.0182,-0.2679,0.0756,-0.1405,-0.1988,-0.0477,-0.1089,-0.0267,0.0126,0.0218,-0.1565,-0.0296,0.0313,-0.1286
"154,002b=248,043",16.5483,-27.5926,0.3688,-0.0104,-0.0024,-0.3044,-0.1893,-0.1957,0.2857,-0.0141,0.0990,-0.3185,-0.1797,-0.5901,0.5244,-0.3497,0.3154,-0.0487,-0.0249,-0.2434,-0.0410,-0.0484,-0.1260,-0.0268,0.0520,0.0326,0.0196,0.0676,-0.0188,-0.1302,-0.0676,-0.0687
"336,001",-43.7606,-19.8479,-0.5188,-0.0812,0.0253,-0.0413,1.3077,0.5783,0.6078,-1.1570,-0.1617,-0.3962,-0.1648,0.1869,0.2913,0.3191,0.3040,-0.0922,-0.0635,-0.0153,-0.1988,-0.2273,-0.2030,-0.1146,0.1411,0.1080,-0.2203,-0.1168,0.0453,-0.0524,-0.0043,-0.0398
"010,029",21.9898,11.0883,0.1537,0.0787,-0.1100,0.0873,0.0197,-0.0170,0.0312,0.0456,0.0500,-0.0208,-0.0192,-0.2020,-0.0776,0.2929,0.0629,0.0212,-0.1317,-0.0986,-0.1393,0.3155,-0.1447,-0.0002,-0.0848,0.2037,-0.0377,-0.1785,-0.0536,0.1568,0.1082,0.1159
"434a,028",1.6962,0.9747,0.0787,-0.1637,0.0436,-0.2526,-0.0145,-0.0957,-0.1414,-0.0748,0.0910,-0.0746,0.0638,0.1461,-0.0237,-0.0422,-0.0850,-0.0148,0.0317,-0.0056,0.0017,0.0474,0.0797,-0.1118,-0.0539,0.0013,0.0509,-0.0483,-0.0082,0.0007,-0.0307,0.0743
"082,055",14.3614,-13.2609,0.1227,0.0186,-0.0414,-0.0721,-0.0957,0.0088,0.1303,0.0450,0.1075,-0.2122,-0.1410,-0.3820,0.2335,-0.1805,0.0914,0.0562,-0.0127,-0.1214,0.0555,-0.0716,-0.1333,-0.1150,-0.1698,-0.0342,0.0150,-0.0648,-0.0118,0.1233,0.0320,0.0300
"082,054",4.8232,1.3874,0.0300,-0.0634,0.0145,-0.0577,0.0417,0.0474,0.0392,0.0912,-0.1038,-0.1318,0.0706,-0.1908,0.0319,-0.0022,-0.1648,0.0641,-0.0094,0.1499,0.0902,-0.1299,0.1080,0.0089,0.0478,0.1583,0.0062,0.0136,-0.0161,0.1473,-0.0847,-0.0097
"246,030",12.0966,-0.1966,0.0927,-0.0605,0.0454,-0.1353,0.0595,-0.0294,0.0346,0.1422,0.0717,-0.0722,0.0477,-0.0674,-0.0432,0.0770,-0.0432,-0.0057,-0.1302,-0.1188,-0.1619,0.0298,0.1398,-0.0966,-0.0888,0.0735,-0.0549,0.0405,0.1823,0.0755,0.0348,0.0192
"216,001",-3.0073,58.8611,0.0234,0.0923,-0.0659,0.1075,-0.2912,-1.1949,0.4391,-0.4614,0.1534,-0.2288,0.0840,0.3728,0.2181,-0.1392,0.0511,0.1517,-0.1040,0.3489,-0.0882,-0.0462,0.0395,-0.0205,0.2304,-0.0141,0.0258,0.0146,0.2005,0.1926,-0.0646,-0.0747
"242,038",32.0460,-37.4505,0.0514,-0.0772,0.2201,-0.3798,0.2173,-0.2291,-1.7136,-0.0947,0.2862,-1.1384,-0.5767,0.6773,-0.0307,-0.1011,0.0263,-0.0113,-0.0640,-0.0462,0.0671,-0.0115,-0.1970,0.0749,-0.0157,0.0266,0.0255,-0.0450,-0.1285,0.1695,-0.0979,0.0178
"082,056",15.6760,-27.3131,0.3166,-0.0785,-0.0776,-0.1580,-0.1946,-0.0208,0.2528,-0.0038,0.0202,-0.3396,-0.3329,-0.5684,0.5421,-0.5031,-0.0340,0.0990,0.2700,-0.0733,0.0576,-0.2560,-0.0075,-0.2719,-0.0471,-0.1065,-0.0434,0.1134,0.1257,0.1418,0.0788,-0.0170
"155,015",7.7828,-7.5200,0.1248,-0.1071,0.0169,-0.1220,-0.0001,0.0033,0.0667,0.1320,0.0186,-0.0967,0.0645,-0.0592,0.0089,0.0778,0.0367,-0.1197,-0.0297,0.0937,0.0011,-0.0072,-0.0278,-0.1637,0.0456,0.0262,-0.0456,0.0398,0.0479,-0.0327,0.0078,-0.0582
"082,057",7.0000,-9.2892,0.0756,-0.1212,0.0237,-0.0798,-0.0445,-0.0427,0.0620,0.1156,0.0772,-0.2311,0.0315,-0.0483,-0.0235,0.0938,-0.0194,-0.0385,-0.1782,-0.0522,-0.0438,0.0759,0.0852,-0.0044,-0.0780,0.1481,-0.2163,-0.0711,0.0916,0.0542,0.0491,0.0358
"082,024",14.7176,3.6798,0.0711,0.0377,0.0353,-0.0012,-0.0985,-0.0424,0.0268,0.0115,0.0351,-0.1206,0.0368,-0.1219,-0.1018,0.2728,0.0095,-0.0941,-0.0243,-0.0495,0.0525,0.0987,0.0249,-0.1260,-0.0578,0.0588,-0.1800,0.0546,0.1195,0.0784,-0.0687,0.0492
"293,034",27.0191,-9.5061,0.1869,0.0132,-0.0224,-0.0910,0.0067,0.0075,0.0028,0.0809,0.1459,0.0191,0.0551,-0.2392,-0.1183,0.2784,-0.0511,-0.0120,-0.1356,0.3441,-0.1602,-0.2438,-0.1915,-0.1781,0.1112,0.1824,0.1946,-0.1822,-0.0510,-0.0007,-0.0797,-0.1152
"248,044",-8.8826,-21.7593,0.3331,-0.3968,-0.1486,-0.0194,-0.0410,0.0323,0.1337,0.1396,-0.3832,-0.0607,-0.1315,0.0111,-0.0026,0.0605,-0.2130,0.2603,-0.0993,0.3996,-0.0327,-0.0925,0.0900,0.0690,0.3768,-0.1037,-0.2445,0.0814,0.1804,-0.0276,-0.0073,-0.1323
"352,002",-37.6668,28.4596,-0.1676,0.1085,-0.2490,0.2056,-0.5128,0.3962,0.0183,-0.1652,0.0546,-0.0209,-0.0175,0.2620,-0.1049,-0.3023,0.2142,-0.3015,-0.4784,0.0111,0.0238,-0.1211,0.1885,-0.1602,0.1901,0.0370,0.0194,0.0233,-0.0398,-0.0196,0.0169,-0.0958
"372,004a",-3.1023,27.4167,-0.2043,0.0772,0.0668,0.0755,0.1362,-0.0648,-0.0126,-0.0113,0.0396,0.1087,-0.0737,0.0159,0.0748,0.1626,0.0242,-0.1387,0.0855,-0.1977,0.0083,0.0713,0.1085,0.1767,-0.1554,-0.1003,-0.1771,0.0237,0.0551,0.0546,-0.0744,0.0375
"202,007",13.4470,-0.0350,0.1516,-0.0128,-0.1711,0.0708,0.1557,-0.1321,-0.0124,0.1419,0.0502,0.0442,-0.0412,-0.1820,-0.0236,0.1890,0.0879,-0.1465,-0.0274,0.0801,0.1414,0.0702,0.0322,-0.1675,0.0950,-0.0147,0.1575,0.1524,0.1586,0.0288,-0.1365,0.0409
"077,002",-9.7610,14.4056,-0.0793,0.0181,0.0692,0.0079,0.1219,-0.1303,-0.0228,0.1159,0.1538,0.0366,-0.0063,-0.1637,-0.1404,-0.0012,-0.0901,-0.0662,-0.0705,0.0621,-0.0735,-0.0791,0.0623,-0.0870,-0.1273,0.1010,-0.0079,0.0044,-0.0152,0.0940,0.0497,0.1063
"080,014",-14.9591,-8.2693,0.0255,-0.0963,-0.0676,-0.0433,-0.0014,-0.1410,0.2705,0.1752,0.0117,-0.1784,0.1639,0.2496,-0.1111,-0.0555,0.2771,0.0283,-0.2040,0.2384,-0.1654,0.1945,-0.0870,-0.0617,0.0629,-0.2637,0.0651,0.4071,0.3711,-0.0023,-0.1828,-0.0705
"096,007",-4.8248,-10.9490,0.0535,-0.2150,0.0007,-0.0532,-0.0018,0.0122,0.0071,0.2247,-0.3050,-0.2501,0.1618,0.1048,0.0988,0.0152,-0.1693,0.1086,-0.0978,-0.0669,0.1587,-0.1741,0.1344,-0.0657,-0.0226,-0.0866,-0.0659,-0.0514,0.2040,-0.1987,0.1846,0.0862
"156,005",22.7748,12.2132,0.1003,0.1544,0.0373,0.1340,-0.1018,-0.2348,0.0359,-0.0864,0.0954,-0.0335,-0.0160,-0.0758,-0.0128,0.2211,-0.0361,0.1639,-0.1171,-0.1149,-0.2465,0.0934,0.0042,0.0862,-0.0940,0.2247,-0.0328,-0.0966,-0.0222,0.1078,-0.0057,0.1560
"246,034",10.7434,6.2410,0.0123,0.0514,0.0166,-0.0563,-0.0501,-0.0812,0.0424,0.0564,0.1040,0.0276,-0.0393,-0.1944,0.0390,0.0261,0.0524,-0.0013,-0.0323,-0.0452,-0.1153,0.1069,-0.0349,0.0308,0.0239,0.0974,-0.0237,-0.0421,-0.0073,-0.1076,0.0116,0.0079
"248,046",-4.3888,-24.4616,0.5106,-0.1695,-0.2146,-0.0118,0.1280,-0.1355,0.1682,0.1624,-0.6079,0.1557,-0.6461,0.1162,-0.2342,-0.0162,-0.0573,-0.0376,-0.0836,0.3419,-0.0198,-0.0803,-0.0703,-0.0368,0.1359,0.0033,-0.0303,-0.0560,0.0645,-0.0114,-0.0932,-0.1449
"558,022",13.9933,-10.7170,0.1558,0.1159,0.1344,0.0196,0.0544,-0.1265,0.0454,0.1284,0.0955,-0.0840,-0.1253,-0.4036,0.2227,-0.1814,0.1526,-0.0904,0.0119,-0.2094,0.0203,-0.1543,-0.1897,-0.1615,0.0747,-0.1354,0.0142,0.0738,0.1282,0.1324,-0.1167,0.1327
"439,001",-3.9780,-20.4720,0.0419,-0.2377,-0.0126,-0.1781,0.1086,0.0313,0.1608,0.1796,-0.0732,-0.0968,0.0585,0.1402,0.0520,0.0157,0.0291,-0.1760,-0.0188,0.1193,0.0920,0.0176,0.0620,0.1768,0.1116,-0.1080,-0.1197,-0.1119,0.1527,-0.1156,0.0109,-0.0696
"330,007",-35.4900,26.4461,-0.2571,0.1258,-0.0898,0.2185,-0.2443,0.2078,-0.1333,-0.0906,-0.0007,0.1442,-0.0101,0.0465,-0.1072,-0.3012,0.1982,-0.1305,-0.5386,-0.0864,-0.0090,-0.0121,0.2535,-0.2264,0.1725,0.0100,-0.0433,0.0696,-0.0370,0.0189,-0.1042,-0.1468
"370,008",6.2216,32.3471,0.1102,0.1532,0.0941,0.0762,-0.1360,-0.0546,-0.0860,-0.0831,0.0132,0.0026,-0.0267,-0.1471,-0.1342,0.3403,0.1494,-0.1085,0.0837,-0.0492,0.0267,0.0006,-0.0352,-0.0302,-0.1332,-0.1881,-0.1140,-0.0468,0.0012,0.0894,-0.1732,0.0578
"071,001",20.7097,2.2864,0.3612,0.1306,0.0836,0.0967,-0.1447,0.2023,0.1505,0.0130,-0.0198,-0.1560,0.1340,0.1386,0.0198,0.1321,-0.0596,0.0986,0.2530,-0.1327,-0.3393,-0.1167,0.1168,-0.0671,0.1756,-0.1530,0.1001,0.0545,-0.2249,0.1114,-0.1933,-0.0956
"076,009",0.9475,-11.9743,0.1061,-0.0697,-0.0535,-0.0477,-0.0651,0.1159,0.1518,0.2276,-0.0133,-0.2196,0.0672,0.0388,0.0585,0.2049,-0.0954,0.1351,-0.0651,-0.0237,-0.1865,0.0393,0.0721,0.0344,-0.2316,0.0273,-0.2288,0.0548,-0.0121,-0.1000,0.0539,-0.0057
"217,004",8.8000,-6.6972,0.0536,-0.0393,0.0310,-0.0804,0.0990,-0.0545,-0.0920,0.2282,-0.2117,-0.1903,0.1936,-0.0507,0.0084,0.0883,0.0873,-0.1871,-0.1031,0.0912,-0.0165,-0.0629,-0.0599,-0.1343,0.0313,0.1465,0.0720,-0.0250,0.0823,0.0552,-0.0993,0.0582
"217,004a",-33.5917,38.6302,-0.2677,-0.0005,0.0414,0.1610,0.0200,-0.0006,-0.2704,0.1478,-0.9577,-0.1245,0.5971,-0.0274,0.3733,-0.1402,0.0714,0.0312,0.0180,0.1120,-0.1246,-0.1040,-0.0804,-0.0568,-0.0191,0.1710,0.2195,0.0021,-0.0615,0.0549,-0.2187,0.0461
"392,019",-13.2388,-11.2940,-0.0161,-0.0471,-0.1451,-0.0584,-0.0662,0.1490,0.0426,0.0511,0.0258,-0.2214,0.0184,0.1434,0.0388,-0.1065,-0.2049,-0.0545,0.1394,0.0183,0.0072,-0.1134,0.0652,-0.0829,-0.0742,0.0326,-0.0198,-0.0793,0.1975,0.0953,0.1411,0.0401
"330,008",-18.1593,16.7687,-0.2279,0.0363,0.0429,0.0500,0.1720,-0.0594,-0.0106,0.0818,0.1639,0.1477,-0.0308,-0.1005,-0.1928,-0.1833,-0.0556,0.0577,0.1191,0.0889,0.0849,0.0114,0.0606,-0.0184,-0.1013,0.0407,0.0816,0.0789,-0.0307,0.0946,0.0173,0.1624
"167,030",-1.1595,51.2373,0.0503,0.1697,0.1365,0.1337,-0.1573,-0.7893,0.2653,-0.3191,0.1362,-0.0579,0.0873,0.2185,0.0707,0.0094,-0.0405,0.1057,-0.0828,0.1766,-0.0895,-0.0001,0.0170,-0.0306,0.0729,0.0730,0.0363,-0.0318,-0.0189,0.0358,0.0219,-0.0314
"070,022",4.8221,19.1218,-0.0842,0.0783,-0.0970,0.0841,-0.1993,0.1066,0.0037,-0.1119,0.0369,-0.0069,-0.0379,0.0020,-0.0381,0.0519,-0.0640,-0.0041,0.1289,0.0191,0.0757,0.0354,-0.0457,0.0569,-0.0338,-0.0542,0.0028,0.0085,-0.0164,-0.0264,-0.0444,0.0348
"009,011",2.5106,21.5760,-0.2050,0.0750,-0.0131,0.1161,0.0062,0.0779,-0.0931,-0.0148,-0.0237,0.1238,-0.0460,-0.2202,-0.0079,-0.1634,-0.0852,0.1409,-0.1348,0.1040,0.0503,0.2226,0.1565,0.0090,-0.0389,-0.1034,0.1566,0.1286,-0.2029,-0.0854,0.0385,0.1233
"066,003",-20.9208,-19.6380,0.1823,-0.0532,-0.4643,0.0488,-0.1273,0.1392,0.0145,-0.0276,0.0437,-0.2015,-0.0327,0.1995,0.0422,-0.0670,-0.1399,0.0144,0.2467,0.0527,-0.0281,-0.0374,-0.1032,-0.1013,0.0431,0.0196,0.0283,0.0626,0.2720,-0.0672,0.3018,-0.0457
"155,011",19.5631,10.4282,0.2804,0.0435,-0.4787,0.2600,0.1860,-0.0934,-0.0786,0.0344,0.0857,0.1216,-0.0116,-0.1645,-0.0481,0.2623,-0.0114,0.0789,-0.1539,-0.1120,-0.1681,0.1003,-0.0930,0.1481,-0.1911,0.1925,-0.0432,-0.1333,-0.1144,0.1660,0.0352,-0.0115
"167,030a",26.3517,14.1999,0.1116,0.1348,0.0202,0.0814,-0.0742,-0.0105,-0.0060,-0.0285,0.0829,0.0578,-0.1314,-0.2087,-0.0569,0.1344,0.1051,0.0660,-0.1158,-0.3371,-0.2853,0.0561,0.2467,-0.0974,-0.0156,0.1481,0.1484,0.0354,0.0318,0.1557,-0.0499,0.3879
"194,012",-18.4702,-5.8478,-0.1093,-0.0226,0.0106,0.0386,0.0908,0.0180,-0.0040,0.1072,0.0005,0.0992,-0.1440,-0.0242,-0.0614,-0.1838,-0.1451,0.0048,0.1660,-0.0246,0.0392,-0.1524,0.0608,0.0541,0.1191,0.0053,0.0227,0.3808,0.3543,-0.1125,0.2990,0.0857
"194,011",-42.4080,26.1836,-0.2656,0.1370,-0.1510,0.2351,-0.3656,0.3276,-0.0253,-0.1239,0.1012,0.0948,-0.0686,0.1873,-0.1477,-0.4870,0.2085,-0.3092,-0.8130,-0.1090,0.0292,-0.0924,0.4839,-0.2266,0.3350,0.1064,-0.0436,0.0386,-0.0413,0.0815,-0.0885,-0.1679
"155,012",-34.7881,-10.6198,-0.3252,0.1028,-0.1349,0.1398,-0.1010,0.2699,-0.0857,0.7118,0.5427,0.8603,-0.6336,0.8653,1.9608,0.9279,0.2917,-0.0224,-0.0185,0.3469,0.3648,-0.1563,0.2311,-0.1371,0.0122,0.0417,0.0907,-0.0313,-0.0204,0.0726,0.0209,0.1473
"227,010",13.4755,13.2428,0.1088,0.1158,0.0402,0.0609,-0.0068,0.0454,0.0519,-0.0688,0.1090,-0.0323,-0.1761,-0.3717,0.1506,-0.1094,-0.1069,0.1526,-0.0623,-0.0684,-0.0909,0.0918,0.0243,0.0430,-0.0253,0.1069,0.0193,-0.0277,-0.1465,0.0182,0.0359,0.1663
"242,039",14.4442,44.9704,-0.1140,0.1979,-0.1947,0.2499,-0.6510,0.2169,-0.0042,-0.4033,0.0220,-0.0313,-0.0908,0.0552,-0.1539,0.3074,0.0391,-0.3451,0.2844,-0.1510,0.1991,-0.1472,-0.0979,0.2177,-0.3343,-0.1487,-0.1736,0.0247,0.0537,-0.0300,-0.1480,0.0907
"248,045",16.0412,-48.7610,1.1091,-0.2926,-2.1320,0.7336,0.8530,-0.4431,-0.3661,-0.0514,-0.0517,0.2559,0.1201,0.0416,0.0003,-0.0516,0.0233,-0.0852,-0.0424,-0.1070,0.1458,0.0151,-0.0113,0.0188,-0.0016,-0.0286,-0.0095,-0.0325,-0.0443,0.0415,-0.0047,-0.1095
"075,004=263,001",-9.4914,5.9285,-0.2091,-0.0030,-0.0056,0.0640,0.0398,0.0295,-0.1180,0.1226,-0.2880,-0.0214,0.2242,-0.0155,0.0779,-0.0773,-0.1597,0.1161,0.1034,0.0684,0.0190,0.0652,0.0141,-0.2614,-0.1110,-0.2323,0.0687,-0.0506,0.0681,-0.0392,-0.0542,-0.2751
"167,030b=178,001",-16.2226,17.6021,-0.1798,0.0012,0.0671,-0.0170,0.2363,-0.0471,-0.0938,0.1781,0.0372,0.0797,0.0365,-0.1292,-0.1793,-0.0470,0.0191,-0.1716,-0.0119,0.0989,0.0811,-0.1629,-0.1036,-0.0531,-0.2145,-0.0570,0.2196,-0.1882,-0.0212,0.1335,0.0196,-0.3803
"167,031",-15.5825,21.1565,-0.2738,0.0699,0.0524,0.0926,0.2035,-0.0617,-0.0283,0.1088,0.1260,0.2325,-0.0836,-0.0855,-0.0149,-0.0139,-0.1129,-0.0172,0.0001,-0.1733,-0.0710,-0.0166,-0.0147,0.1308,-0.1604,0.0834,-0.0583,0.0597,-0.0143,0.3312,0.0364,-0.0066
"074,006",-15.9398,-10.6465,0.0091,-0.4252,0.1459,0.0669,0.1001,0.0364,0.0918,-0.0752,-0.1250,0.0946,-0.1382,0.0452,-0.0528,-0.0225,-0.0734,-0.0037,0.1145,-0.0972,0.0287,-0.1917,0.0795,0.0836,0.0992,-0.0520,0.0448,0.2808,0.3136,-0.0746,0.2228,0.0560
"401,006=268,001",17.8360,-19.0087,0.0597,0.0089,0.0216,-0.0703,-0.0729,0.0089,0.0847,0.1030,-0.0814,-0.0845,0.0696,-0.0196,-0.1251,0.2342,0.1677,-0.3282,0.1967,-0.1168,0.0299,0.4250,-0.0072,-0.1657,0.1433,0.0327,-0.2221,0.2620,0.1681,0.1329,-0.0780,0.0123
"246,035",2.0170,-32.9948,0.2038,-0.1268,0.0120,-0.4730,0.0264,0.0067,0.0837,0.0441,-0.0159,0.0895,0.0809,-0.0866,-0.0072,-0.0135,0.1000,-0.3793,-0.0588,0.1856,0.1742,-0.0844,-0.0233,0.5060,0.2696,0.1817,-0.2261,-0.4048,0.2021,-0.2052,-0.1894,0.0695
"242,040",17.5925,40.5322,0.0235,0.1717,-0.1750,0.2122,-0.5475,0.2817,0.0845,-0.2364,0.0941,-0.1019,-0.0529,0.0969,-0.0913,0.2229,0.0539,-0.2180,0.1086,-0.1504,-0.0035,-0.0987,-0.1363,0.1687,-0.0855,0.0569,0.1536,0.0188,-0.1184,-0.1229,-0.0492,-0.0196
"558,024",14.1258,-2.1034,0.1197,0.0175,0.0264,-0.0351,0.0596,-0.0638,0.0561,0.2094,0.0836,0.0309,-0.1344,-0.2103,0.2576,0.1982,0.0972,-0.1377,-0.0323,0.1043,0.1489,0.0252,0.0037,-0.2926,0.1549,-0.0337,0.1645,0.1030,0.2533,0.0786,-0.1106,0.1061
"242,041",15.3903,12.5958,0.0577,0.0360,-0.0998,0.0250,-0.2279,0.1850,0.1043,-0.0427,-0.0100,-0.1149,0.0169,-0.0328,-0.0401,0.1716,-0.2014,0.2625,-0.2229,-0.2475,0.1205,0.0227,0.0526,0.0578,-0.1929,0.1587,-0.0933,-0.1067,-0.1707,0.0613,0.0089,0.0694
"248,047",21.6290,-4.2787,0.2718,0.0278,-0.0663,-0.0053,-0.0236,0.0330,0.0933,0.1124,0.0772,-0.1850,0.0442,-0.0906,-0.0861,0.2018,-0.1806,0.2079,-0.2021,0.1286,0.0248,-0.1859,-0.1297,-0.2016,0.1918,0.0986,0.0447,-0.1655,0.1127,0.1228,-0.1301,0.0193
"248,048",15.5708,-49.1695,1.4971,-0.4086,-2.9512,1.1230,1.2787,-0.7074,-0.6117,-0.1245,-0.1038,0.5106,0.1538,0.0686,-0.0197,-0.0753,0.1945,-0.2502,-0.0246,-0.2686,0.1261,0.1409,0.0760,0.1130,-0.0173,-0.0290,-0.0222,0.0426,-0.1794,-0.0743,-0.0954,-0.0616
"461,209a",-11.5062,7.9007,-0.1353,-0.0260,0.0380,0.0143,0.1234,-0.1601,0.1174,0.0750,0.0031,0.0243,0.0521,0.0532,-0.0800,-0.0407,-0.0524,-0.0071,0.0216,-0.0371,0.0044,0.0780,0.1081,-0.0002,-0.0314,-0.0825,0.0925,0.1853,0.1349,0.0888,-0.0164,0.0039
"461,147",-44.6311,26.0851,-0.2907,0.1737,-0.2449,0.3143,-0.5266,0.4466,-0.0445,-0.1901,0.1190,0.1127,-0.1136,0.2135,-0.1529,-0.5910,0.2904,-0.2290,-0.9145,-0.1071,-0.0522,-0.0739,0.4511,-0.2654,0.3698,0.1595,-0.0436,0.0273,-0.0570,0.0331,-0.0140,-0.1342
"319,006",-1.3459,-4.9771,0.0708,-0.0609,-0.0154,-0.0621,0.0255,0.0002,0.0909,0.1027,-0.0408,-0.0673,0.0329,0.0694,-0.0074,0.0022,0.0275,-0.0262,0.0369,-0.0117,-0.0425,0.0215,0.0222,-0.0367,0.0079,-0.0460,0.0238,0.0226,-0.0110,0.0181,-0.0006,-0.0379
"206,003",6.2066,1.0557,0.2686,0.0102,0.0866,-0.0653,-0.0166,0.0140,0.0992,0.0477,-0.1734,0.0148,-0.0548,0.0859,-0.0388,0.0409,-0.0528,0.0896,-0.0085,-0.1309,0.0517,-0.0004,-0.0222,-0.1114,0.1217,-0.0307,0.0290,0.0505,-0.0468,-0.0092,-0.0903,-0.0109
"167,033",-16.4203,26.7028,-0.2016,0.0868,-0.0491,0.1798,-0.0895,0.1374,-0.1251,0.0056,-0.1501,0.0534,0.0610,-0.0851,0.0769,-0.1912,0.0350,0.2478,-0.3027,0.0907,-0.1803,0.0867,-0.0630,0.0124,0.0028,0.0954,-0.0277,-0.0703,-0.0209,0.0074,0.1085,0.0521
"461,143",-4.8590,14.0675,-0.1042,0.0755,-0.0291,0.0656,-0.0281,0.0524,0.0219,0.0323,0.1129,0.0504,-0.0780,-0.1401,-0.1390,-0.0223,-0.0342,-0.0126,0.2672,0.0438,0.1116,0.0381,-0.1274,0.2210,0.0512,-0.0605,-0.0303,0.1068,0.0450,0.1197,-0.0899,0.0896
"230,002",29.0695,5.6227,0.1195,0.1275,0.0713,0.0849,-0.0789,0.0530,0.0762,0.0928,0.0866,-0.0057,-0.0077,-0.0376,-0.1445,0.2672,0.1493,0.1013,0.1154,-0.3794,-0.2306,-0.0412,0.0794,0.1499,-0.0665,0.2641,0.1520,0.0690,-0.1075,-0.0177,0.0200,-0.0888
"030,014",25.1283,10.7203,0.3410,0.1968,0.1230,0.1290,-0.1502,0.1230,-0.0600,-0.0265,0.1799,-0.1578,-0.1045,-0.1071,0.0589,0.2362,0.0945,0.1905,0.1711,-0.0457,-0.1603,-0.1017,-0.0692,0.0878,0.0387,0.2717,0.1581,-0.1808,-0.3773,-0.3658,-0.0745,-0.1758
"427,003",-25.0801,11.2962,-0.0118,-0.1111,0.0546,-0.0580,0.0721,-0.0571,0.1332,0.1095,-0.0792,0.0235,-0.0728,0.0906,-0.1058,-0.0709,-0.0733,-0.1191,0.0629,-0.1924,-0.1418,-0.0903,0.2471,-0.0740,-0.0748,-0.2518,0.3278,-0.1227,0.2152,-0.2323,0.1004,0.1824
"070,023",0.6111,61.4188,-0.1364,0.2152,0.0983,0.2290,-0.4521,-1.2870,0.3802,-0.6410,0.0578,-0.1160,0.1331,0.3919,0.0843,0.2214,0.0710,0.0315,0.0015,0.0942,0.0530,-0.0250,0.0616,0.0446,0.0322,-0.0010,-0.0336,0.0568,0.0639,0.1638,-0.0651,-0.0456
"428,001",33.8870,0.4755,0.3011,0.1354,0.2094,-0.0510,-0.0059,-0.0179,-0.2262,-0.0560,0.1156,0.0571,-0.0352,-0.0678,-0.0297,0.2198,0.0870,0.0516,0.0070,-0.4661,-0.3632,-0.1506,0.1443,-0.0807,0.0918,0.1225,0.1531,0.2983,0.2212,-0.0898,-0.0031,0.2202
"242,042",15.5210,44.0333,-0.0937,0.1593,-0.2019,0.2114,-0.6275,0.2276,0.0267,-0.3259,-0.0100,-0.0941,-0.0365,0.1148,-0.1045,0.2350,0.0390,-0.3711,0.2096,-0.1345,0.1495,-0.1440,-0.1362,0.2159,-0.1858,-0.1316,-0.0614,0.0017,-0.0176,-0.0328,-0.0800,0.0024
"030,015",-3.5045,23.2199,-0.2656,0.0903,0.0220,0.0926,0.1389,0.0011,-0.1163,0.0243,0.1133,0.2302,-0.0951,-0.2464,-0.0706,-0.1756,-0.1843,0.0688,-0.0192,0.1396,0.0901,0.0471,0.1013,0.0604,0.0980,0.0751,0.0198,0.1731,-0.0336,-0.0323,0.1749,-0.1192
"244,012",20.4994,14.2769,0.1743,0.0636,-0.0135,0.0381,0.0407,0.0945,0.1460,0.1684,0.0913,-0.0265,-0.0145,-0.0303,0.0430,0.2908,-0.0675,0.1628,-0.2764,-0.1678,-0.2359,0.0969,-0.0541,0.3035,-0.3139,0.3128,-0.0659,-0.2125,-0.0905,0.3941,0.1824,-0.0533
"366,018",-0.5833,25.0720,-0.0835,0.0753,0.0416,0.0332,0.0885,-0.0133,-0.0366,0.0127,-0.0733,0.1026,-0.0594,-0.1690,-0.0565,0.0960,0.0456,0.0272,0.0107,-0.1616,-0.1087,-0.0176,-0.0014,0.1460,-0.0321,0.0831,-0.0047,-0.0078,0.0995,0.1887,-0.0816,0.1693
"030,016",12.0233,18.2652,0.0508,0.1291,0.0193,0.0723,-0.0185,0.1031,0.0280,-0.1414,0.0720,-0.0055,-0.1936,-0.3410,0.1068,-0.0735,-0.1867,0.2221,-0.0199,0.1197,0.0245,0.2772,0.1551,0.1953,-0.0592,0.0630,0.0903,0.1175,-0.2791,0.1466,0.0182,0.1415
"364,025",-19.1381,0.5401,-0.0894,-0.0048,0.0305,-0.0378,0.0532,0.0017,0.1071,0.2439,-0.0425,0.0648,0.0647,0.1574,-0.2306,-0.0817,0.2040,-0.1161,0.2888,-0.1659,-0.0339,0.1397,-0.1154,0.1596,0.1100,-0.1670,-0.1091,0.1939,0.1422,0.1767,-0.1717,-0.1506
"372,004b",-43.0110,-10.9203,-0.4027,0.0084,0.0823,0.0600,0.7161,0.1922,0.1112,-0.6749,-0.2329,-0.1658,-0.0508,-0.0850,0.1733,0.1717,0.0736,-0.0237,-0.0536,0.0357,0.0161,-0.1328,0.0841,-0.0559,0.0382,-0.0404,-0.1137,-0.0487,-0.0445,-0.0840,0.1152,-0.2062
"246,036",-17.2833,46.9446,0.0876,-0.0044,0.0253,-0.0705,0.0527,-0.1139,0.1760,0.1351,-0.0293,-0.1136,0.1044,0.0375,-0.1469,0.2772,-0.3246,0.3850,-0.4511,-0.3168,0.5543,-0.1902,-0.2477,-0.2886,0.1527,0.0434,-0.0390,-0.0810,0.0407,0.0251,-0.0464,0.0855
"246,037",-3.7437,-17.2922,0.0281,-0.2858,0.0908,-0.1263,0.1124,-0.0137,0.1227,0.0978,0.0003,-0.0751,0.1108,0.0523,-0.0246,0.0436,0.0507,-0.1568,-0.0550,-0.0632,0.0114,-0.0140,0.0938,0.2207,0.0946,-0.1621,-0.0051,-0.2188,-0.0153,-0.0993,0.0982,0.0129
"082,059",-4.5849,-11.3143,0.0904,-0.2572,-0.0433,-0.1056,-0.0222,0.0554,0.1287,0.1960,-0.1104,-0.2025,0.1637,0.1375,-0.0281,0.0458,-0.2042,0.1763,-0.0102,0.0045,0.2165,-0.1318,0.0385,-0.1633,-0.0140,-0.0459,-0.2272,-0.0406,0.0875,0.0787,-0.1168,-0.0579
"201,004b=282,012a",-13.5035,8.3665,-0.1509,-0.0187,0.0354,0.0042,0.1662,0.0187,0.0535,0.0421,-0.0363,-0.0631,0.0353,-0.0006,-0.0484,-0.0364,-0.0981,0.0209,0.0164,-0.0997,0.1381,0.1090,0.1044,-0.0301,-0.0860,-0.0343,0.1246,0.0583,-0.0806,0.0148,-0.2985,-0.0934
"437,019",-41.0532,-5.6349,-0.2235,-0.0913,0.0274,-0.1070,0.5663,0.2014,0.2493,-0.2633,-0.0217,-0.1594,-0.0115,0.0676,-0.0522,0.0956,0.0051,-0.1622,-0.0092,-0.0662,0.0002,-0.2236,0.0847,0.0623,-0.0802,0.0749,0.0256,0.0605,0.0966,0.1557,0.0126,-0.0177
"437,018",-12.5078,7.4655,-0.0894,-0.0328,0.0731,-0.0954,0.1455,-0.2128,0.0202,0.0276,0.1359,-0.0456,-0.0125,0.0240,-0.1058,-0.0576,0.0572,-0.1253,0.0297,0.0642,0.0949,-0.0330,0.0462,0.0285,-0.1436,0.0114,0.0883,-0.0434,0.1041,0.1821,-0.0240,0.0154
"323,020",7.7697,0.1258,0.1607,-0.0184,-0.0510,-0.0209,-0.1158,0.1429,0.0534,0.0156,0.0242,-0.0516,0.0508,0.0778,-0.0844,0.0706,0.2619,0.3906,0.0975,0.0792,-0.2026,-0.0786,0.0536,-0.0084,0.2469,-0.1989,0.1335,-0.0286,0.0345,0.0090,0.1919,0.1408
"231,002",-14.6323,-7.0321,-0.0938,-0.0347,-0.2076,0.0536,-0.2589,0.2328,0.1305,0.0025,0.0421,-0.1020,0.0208,0.2556,-0.0110,-0.1395,-0.0545,-0.1987,0.0179,0.1312,0.0839,-0.1240,0.1198,-0.0135,-0.0319,-0.1333,0.1012,-0.0310,0.0934,-0.0880,0.0930,-0.0308
"242,044",-29.7736,-22.7442,-0.0596,0.0671,-0.3069,0.1356,-0.4807,0.2933,0.0268,-0.1836,0.0533,-0.1296,-0.0783,0.1893,-0.0219,-0.0982,-0.2646,-0.1193,0.5498,0.0725,0.1113,-0.3903,-0.0262,-0.0123,0.0224,-0.0687,-0.0336,0.0676,0.3448,-0.0830,0.2504,0.1296
"461,146",-5.7518,10.7915,-0.0901,-0.0960,-0.0161,0.1148,-0.1762,0.0965,0.0347,0.0358,-0.1871,0.0119,-0.0939,0.1174,-0.1110,0.0057,-0.1254,-0.0233,0.0434,-0.1672,0.1844,-0.0336,0.0054,0.2410,0.0512,-0.1460,0.1023,0.5516,0.1725,-0.2301,0.3383,-0.2411
"070,024",14.8012,41.4973,-0.1277,0.1551,-0.1713,0.2198,-0.4888,0.1842,-0.0066,-0.2501,0.0340,-0.0469,-0.0576,0.1271,-0.1007,0.1527,0.0349,-0.2464,0.1333,-0.0729,0.1701,-0.1523,-0.1565,0.0681,-0.1390,-0.1417,-0.0170,0.0136,0.0005,-0.0275,-0.0424,-0.0404
"070,025",7.0005,42.4984,-0.1106,0.2272,0.0075,0.2595,-0.4461,-0.3546,0.0222,-0.3796,-0.0640,-0.0301,0.0218,-0.0157,-0.1075,0.4430,0.1921,-0.2318,0.1996,-0.1421,0.2140,-0.0799,-0.0903,0.1056,-0.2905,-0.1574,-0.1611,0.0490,0.0831,0.1085,-0.1560,-0.0016
"070,026",18.9389,37.3819,0.0627,0.1394,-0.1174,0.1259,-0.4288,0.2491,0.0287,-0.1891,0.1049,-0.0580,-0.0776,0.0922,-0.1139,0.3371,0.1053,-0.1676,0.2258,-0.2511,-0.1490,-0.1615,-0.2200,0.2336,0.0152,-0.0038,0.2832,0.2935,0.2257,-0.3306,0.3299,-0.1256
"262,002",-14.2170,25.0395,-0.2088,0.0891,-0.0362,0.0982,0.0016,0.0899,-0.0791,0.0988,0.1255,0.1826,-0.0717,0.0215,0.1033,-0.1059,-0.0578,0.1722,0.0569,-0.0062,-0.0957,0.0761,-0.1992,-0.0080,0.0550,-0.0442,-0.0618,-0.0381,0.0363,-0.1420,0.0557,-0.0332
"293,028",-0.3913,49.8303,-0.0165,0.0844,0.0796,0.0614,-0.2297,-0.8529,0.3379,-0.2697,-0.0879,-0.0532,0.0645,0.3871,-0.0279,0.2266,-0.0977,0.2760,-0.2111,-0.1830,0.2593,-0.1319,-0.0750,-0.0292,0.2346,-0.0416,0.0551,0.0121,0.0147,0.1145,0.0082,0.0608
"190,001",53.8154,6.0328,1.5138,0.8069,1.1506,0.7491,0.3785,0.3937,0.1128,-0.1891,-0.0129,0.2472,0.2696,0.5964,0.1617,-0.5278,-0.0843,-0.1128,0.0690,0.0344,0.2361,0.1035,-0.0083,0.1140,-0.2194,-0.1008,-0.1084,0.0510,-0.0683,0.0645,0.1211,-0.0512
"450,006",39.3542,4.0395,0.6220,0.2863,0.2845,0.2055,-0.0810,0.1282,0.1436,-0.0440,0.1069,-0.1341,0.1046,0.1664,-0.0136,0.2152,0.1223,0.1606,0.2102,-0.4508,-0.3438,-0.0747,0.2429,0.0672,0.0723,0.3501,0.3901,0.2426,-0.0531,-0.3022,0.0306,-0.0295
"202,008",-44.9963,27.4140,-0.3283,0.1936,-0.2617,0.3611,-0.6390,0.4713,-0.0709,-0.2505,0.0421,0.0994,-0.0799,0.2543,-0.1605,-0.5386,0.3031,-0.4460,-0.9044,-0.1458,0.0342,-0.2017,0.4327,-0.2366,0.3094,0.1128,-0.0552,0.0162,-0.0622,0.0664,-0.0758,-0.2016
"392,021",-17.1971,-3.0396,-0.0305,-0.0962,-0.0723,-0.1094,0.1028,0.1635,0.1383,0.1382,-0.1380,-0.1420,0.2496,0.1536,-0.0265,0.0017,-0.1059,-0.0346,0.0389,0.3348,-0.3909,-0.1820,-0.2225,-0.4008,-0.0797,-0.2299,0.2428,-0.0019,-0.2926,0.4168,-0.5669,-0.6583
"029,013",-11.8044,44.5804,-0.3334,0.1238,0.0160,0.1711,0.1259,-0.0044,-0.0617,0.2111,0.2438,0.3946,-0.0502,0.0583,0.0220,-0.5117,-0.2010,0.1774,0.2285,-0.3478,-0.4112,-0.0331,-0.8080,-0.0976,0.2404,0.1677,-0.3699,-0.2661,-0.0526,-0.5024,-0.3968,0.0888
"174,006",37.6679,10.8428,0.7134,0.3260,0.5286,0.2774,0.1583,0.1233,0.1403,0.0042,-0.2848,0.1283,-0.0203,0.3159,-0.0010,-0.1883,0.0215,-0.1247,0.0834,0.0682,0.1621,0.1336,0.0012,0.0813,-0.0889,-0.0700,-0.0748,0.0408,-0.0311,0.0664,-0.0357,-0.0627
"194,013",-27.8632,-6.2567,-0.0153,-0.0314,0.0263,-0.1311,0.1518,-0.0120,0.0961,0.2510,0.0605,0.0441,0.1014,-0.0380,-0.2588,-0.0367,-0.0104,-0.3207,0.0282,0.1637,0.2294,-0.2233,-0.0631,0.4258,0.1944,0.2331,0.0130,-0.1149,0.2088,0.3553,0.0251,0.0605
"248,049",-8.3839,-34.3930,0.6122,-0.1387,0.1573,-0.3145,-0.1276,-0.3590,0.5827,0.2254,-2.1164,0.7061,-2.8127,0.5515,-0.7728,-0.1442,-0.0163,-0.1121,0.0433,0.3083,-0.3503,-0.0415,-0.1621,-0.2024,-0.1615,0.1398,0.0820,-0.2053,-0.2085,-0.1203,-0.0862,-0.1432
"194,014",-16.5158,50.5987,0.0180,0.0027,0.0173,-0.0558,-0.0753,-0.1573,0.1868,0.0576,-0.1503,-0.0516,0.0917,0.1375,-0.1760,0.3000,-0.3534,0.4445,-0.3530,-0.4565,0.9044,-0.1382,-0.2600,-0.2521,0.2325,-0.0398,0.0207,0.0789,-0.0197,-0.0605,-0.0419,0.1370
"461,145",-30.3219,16.6223,0.0571,-0.0990,0.1083,-0.0743,0.0218,-0.2747,0.1793,-0.0262,-0.3118,0.0166,-0.1645,0.3084,-0.1224,-0.0147,-0.0557,-0.0967,0.0025,-0.1427,0.1087,0.0294,0.0808,-0.1564,-0.3081,-0.3414,0.4957,-0.4432,0.1239,-0.3138,-0.0201,0.2273
"194,015",-8.0346,-31.6933,0.4042,-0.1266,0.1461,-0.1676,-0.0879,-0.2067,0.3530,0.1581,-1.2966,0.4255,-1.7276,0.3581,-0.4735,-0.0870,-0.0559,-0.0524,0.0637,0.1264,-0.2077,-0.1091,-0.0451,-0.1106,-0.0535,0.0669,0.0393,-0.0032,0.0388,-0.0687,0.0730,-0.0307
"270,001",0.4469,44.9355,-0.0082,0.0687,0.0811,0.0913,-0.0532,-0.5081,0.1078,-0.0957,-0.2270,-0.0105,0.0421,0.1673,0.0636,-0.0207,0.1176,0.1119,-0.0268,0.0939,-0.0311,0.0144,0.0613,-0.0175,0.0217,0.0253,0.0480,-0.0749,0.0022,0.0103,0.0263,0.0193
"293,030",-14.2453,47.2595,0.1454,-0.0847,0.0795,-0.1367,-0.1115,-0.3938,0.3200,0.0601,-0.6865,0.0624,-0.4276,0.4145,-0.2165,0.1737,-0.1886,0.2737,-0.2869,-0.2695,0.4672,-0.1489,-0.2449,-0.0822,0.1525,-0.0475,0.1297,-0.1253,-0.0736,-0.0905,0.0007,0.0850
"106,015",3.8472,-24.3094,0.0020,0.0488,-0.0426,-0.0063,-0.0914,0.1044,0.0485,0.0108,0.1048,0.0210,-0.0418,-0.1137,-0.0266,-0.0183,-0.0718,-0.0357,0.0599,0.0520,0.0550,0.2132,0.0277,0.3674,0.1961,0.1513,-0.0894,-0.1529,-0.0743,-0.1991,-0.0112,0.1517
"074,007",24.4300,-20.2075,-0.0428,-0.0647,0.0649,-0.1439,0.1154,-0.0626,-0.4017,0.0679,-0.0592,-0.3176,-0.0516,0.1449,0.0220,-0.1209,-0.0179,-0.0923,-0.0279,0.0608,0.0158,-0.1142,-0.0672,0.0219,-0.0792,0.0443,0.1171,-0.1053,-0.0597,0.0188,-0.0414,0.0210
"162,003",-23.3049,-11.2833,-0.1356,-0.0414,-0.0166,-0.0483,0.1971,0.0879,0.1309,0.2368,0.1417,0.0018,0.0630,0.1539,-0.3613,-0.2923,0.8633,0.5882,0.2807,0.2694,0.1935,0.0990,0.0217,-0.1026,-0.0800,-0.0409,-0.1464,-0.2112,0.0722,0.1781,0.0695,0.2255
"293,029",-19.7850,5.8743,-0.1044,0.0338,0.0269,-0.0029,0.0689,0.0111,0.0233,0.2380,0.0984,0.1453,-0.0178,0.0136,-0.1074,-0.0322,0.0894,-0.1075,0.1819,-0.1161,-0.0040,-0.0183,-0.0735,0.1875,0.1418,-0.1953,-0.1767,-0.0616,0.0873,0.0647,-0.1051,-0.0784
"266,007",-2.0754,-25.3611,0.5587,0.1001,0.2854,-0.0254,0.0157,-0.0358,0.2514,0.0669,-0.6809,0.2076,-0.7992,0.2326,-0.2131,-0.0978,-0.0005,-0.1274,0.0447,0.0950,-0.0441,0.0338,-0.0432,-0.0700,-0.0234,0.0962,-0.0336,-0.0912,-0.0072,0.0145,0.0213,-0.0054
"248,050",-9.5791,-34.5931,0.5296,-0.1275,0.1639,-0.3424,-0.1518,-0.3387,0.5272,0.1632,-1.9616,0.7039,-2.5452,0.5546,-0.7474,-0.0783,-0.0302,-0.0571,0.0312,0.2008,-0.2568,-0.0386,-0.1665,-0.1741,-0.1816,0.1202,0.0749,-0.1911,-0.2065,-0.0841,-0.0684,-0.1120
"248,051",-9.9786,-34.9724,0.5465,-0.1095,0.1245,-0.2907,-0.1288,-0.3382,0.5209,0.1774,-1.7430,0.5446,-2.3491,0.3770,-0.5872,-0.1293,0.0088,-0.1165,0.0237,0.2407,-0.2472,-0.0183,-0.1388,-0.1589,-0.1429,0.0959,0.0506,-0.1696,-0.1849,-0.0930,-0.1134,-0.1242
"323,021",-6.0093,-16.1057,0.1045,-0.1902,-0.0825,-0.0937,-0.0720,0.1072,0.0845,0.1770,-0.0289,-0.1593,0.0444,0.1253,0.0390,-0.0048,-0.1100,0.0072,0.0000,0.2115,-0.0810,0.0422,0.1071,-0.0160,0.0848,-0.0922,-0.2207,0.0956,0.1552,-0.1427,0.0170,-0.0206
"082,060",8.6868,-18.4555,0.0886,-0.0128,0.0074,-0.1681,-0.0673,-0.0616,0.0916,0.1116,0.0766,-0.0914,-0.0232,-0.2394,0.1283,-0.0204,0.0865,-0.0669,-0.0618,-0.0402,-0.0874,0.1401,-0.0136,0.1511,0.0704,0.1350,-0.0990,-0.0764,-0.0809,-0.2245,-0.0343,-0.0510
"266,008",-11.3555,-20.7945,0.1839,-0.2349,-0.1069,-0.0604,-0.2392,0.1486,-0.0296,-0.0652,-0.4679,-0.0145,0.1087,-0.0369,0.1696,0.0294,-0.2422,0.3052,0.0903,0.3200,-0.1702,-0.1100,0.2031,0.1101,0.1821,0.0088,-0.2965,-0.0939,-0.0054,0.0519,-0.1918,-0.0066
"030,017",4.8475,17.1854,-0.0725,0.0657,-0.0355,0.0705,-0.0104,0.0924,-0.0224,-0.0993,0.0560,0.0226,-0.0852,-0.1075,-0.0219,-0.0406,-0.0359,0.2354,-0.0802,0.1818,-0.0211,0.2486,-0.0349,0.1342,0.0273,-0.0636,0.0532,0.1299,-0.0821,-0.0790,-0.0045,0.1177
"076,010",6.1236,5.6130,0.0461,0.0005,0.0160,-0.0362,-0.0033,-0.0708,0.0592,0.0998,-0.0318,-0.0227,0.0230,-0.0477,-0.1533,0.2151,-0.0183,-0.0051,-0.1014,-0.1188,0.1028,-0.0402,-0.0082,0.0194,0.0229,-0.0388,-0.0524,-0.0560,-0.0017,0.1392,-0.1311,-0.0486
"062,001",30.6793,-37.9557,0.0499,-0.0009,0.2389,-0.3155,0.2009,-0.2548,-1.7762,-0.1036,0.2772,-1.1512,-0.6235,0.6265,-0.0179,-0.0629,0.0499,0.0127,-0.0498,-0.0305,0.0270,-0.0130,-0.1918,0.1038,0.0273,0.0462,0.0143,-0.0603,-0.1395,0.1692,-0.1327,0.0161
"242,045",30.4382,-12.8693,0.1007,0.1182,-0.0724,0.0516,-0.1973,0.0915,-0.0708,-0.0835,0.1585,0.0131,-0.0273,-0.2396,-0.1590,0.3079,0.0043,-0.1984,-0.0598,0.4191,0.1155,-0.3457,-0.2986,-0.1244,0.1111,0.0934,0.2412,-0.2286,0.1555,-0.0293,-0.1176,-0.1695
"225,006",-21.0588,22.1337,-0.0538,0.0968,-0.0161,0.1006,-0.1612,0.0379,-0.1059,0.0462,-0.2124,0.0008,0.1086,-0.1737,0.0312,0.0581,0.0206,-0.1098,0.0884,0.0536,-0.0027,-0.1790,-0.1504,0.3630,0.1612,0.2847,-0.1738,-0.1271,0.1458,-0.0547,-0.0383,0.3292
"213,005",0.5823,18.0881,-0.0972,-0.1063,0.0534,0.0776,0.0074,0.0447,-0.1076,-0.0732,-0.1712,0.0098,-0.2432,-0.0804,-0.0096,-0.0340,-0.1970,0.1868,-0.0231,-0.0458,-0.0299,0.1434,0.1579,0.0916,-0.1464,0.0256,0.0640,0.0693,-0.1223,0.0717,0.0903,-0.0504
"243,008",-9.7458,2.4901,0.0162,0.0117,0.0217,0.0282,0.0098,0.0905,-0.0566,0.0683,-0.1553,-0.0023,0.1305,-0.1879,-0.0067,0.1275,0.0150,0.0626,0.0597,0.1868,-0.0926,0.2208,-0.0942,-0.2414,0.1458,0.0012,0.3732,0.2222,0.0506,0.0693,-0.6121,-0.3087
"293,031",-1.9289,-2.8699,-0.0761,-0.0396,-0.0320,-0.0827,-0.1234,0.0606,0.0114,0.0648,-0.1706,0.0990,0.2035,0.1515,-0.0536,-0.1012,0.1136,-0.0902,-0.2334,-0.1939,-0.0495,-0.0411,0.0306,0.0128,0.2500,0.2103,0.0103,0.0606,0.0799,0.2448,0.2581,-0.0475
"330,009",-28.4039,-4.4284,-0.0066,-0.0352,0.0459,-0.1635,0.1433,-0.0269,0.1191,0.2307,0.0859,0.0469,0.0345,-0.0845,-0.1842,-0.0308,-0.0060,-0.3084,0.0438,0.0294,0.0992,-0.1802,0.0630,0.5865,0.2190,0.2391,-0.1037,-0.2203,0.1060,0.2221,-0.0051,0.0857
"097,006",14.0693,26.5867,-0.2177,0.0647,0.0561,0.0053,0.2055,0.0114,-0.3192,-0.2130,0.0681,-0.1349,-0.2646,-0.1429,0.0254,-0.0936,-0.2189,0.1609,0.1015,0.2530,0.2330,0.3868,0.3087,0.3553,0.2199,-0.0564,0.0629,0.3932,-0.2517,-0.1551,-0.0227,-0.0799
"080,023",-18.3980,2.4370,-0.1497,-0.1189,0.0229,0.1203,-0.0684,0.1143,-0.0638,0.1391,-0.5249,-0.1149,0.4178,0.1054,0.1471,0.0161,-0.0212,-0.1243,0.2328,-0.1641,-0.1839,0.3098,-0.1247,-0.3068,-0.0278,0.0356,0.3589,0.3451,-0.1152,0.2816,-1.0226,-0.6726
"142,001",17.5795,-10.3029,0.0905,0.0817,0.0885,-0.0849,0.0657,-0.0967,0.0077,-0.1102,0.0533,0.0303,-0.1867,-0.6104,0.1727,-0.0394,0.0904,0.0766,0.0082,0.1964,0.1547,-0.0033,0.0188,-0.0264,0.1522,-0.0824,0.0993,0.1763,-0.0044,-0.0084,-0.0666,-0.1281
"355,008",-15.8189,14.8306,-0.1447,0.0099,0.0350,0.0117,0.1539,0.0087,-0.0480,0.0694,0.1187,0.0145,-0.0269,-0.0338,-0.1683,-0.0362,0.0096,-0.1685,0.0461,-0.0161,0.0664,-0.1409,-0.0292,0.0172,-0.0862,0.0513,0.0718,0.0491,0.0271,0.1942,-0.0759,0.1231
"242,046",-24.7058,-17.2982,-0.0851,0.0477,-0.2220,0.1029,-0.3751,0.2424,0.0670,-0.1191,-0.0261,-0.1011,-0.0390,0.2005,-0.0152,-0.1528,-0.1382,-0.1278,0.2483,0.0766,0.0074,-0.0955,0.1106,-0.1212,0.0545,-0.0373,-0.0146,-0.0147,0.1030,0.0335,0.0230,0.0429
"029,014",14.6912,-5.1252,-0.1074,-0.0213,0.0204,-0.0347,0.0845,0.0514,0.1283,0.2900,0.0173,0.0230,0.1192,0.1760,-0.1077,0.0401,0.0538,-0.0656,0.1073,-0.5048,-0.4706,-0.0385,-0.0874,0.4059,0.3689,-0.7425,0.0461,-0.0698,-0.2183,0.2338,0.0844,-0.0909
"244,004",24.8831,27.3600,-0.1266,0.1320,0.0776,0.1193,0.0408,-0.0915,-0.1457,-0.0599,-0.0524,0.2243,-0.2966,-0.3306,-0.0955,0.0887,0.0169,0.0685,-0.2127,-0.3756,-0.1582,0.2893,0.4045,-0.1272,-0.2844,-0.1204,0.0077,0.1047,0.0333,0.4497,-0.0093,0.6678
"323,019",-21.8780,-29.1174,0.0790,0.0227,-0.3042,0.0850,-0.3652,0.3020,0.0833,-0.1845,-0.0068,-0.2020,-0.0084,0.0233,0.1357,-0.0769,-0.5425,0.3228,0.4356,0.3241,-0.1922,-0.0869,0.1607,-0.2579,-0.0268,-0.0231,-0.1337,-0.1438,-0.0325,0.2579,-0.2408,0.0005
"167,032",0.2288,9.7652,-0.1268,0.0340,-0.0251,0.0437,-0.0117,0.0469,0.0125,-0.0543,0.0349,-0.0498,-0.0237,-0.0804,-0.0308,-0.0317,-0.1845,0.0189,-0.0357,-0.0365,-0.0785,0.0334,0.2278,-0.0078,-0.2068,0.0031,-0.1774,-0.1135,-0.0198,0.1371,0.0325,-0.0006
"030,018",21.2213,3.5048,0.2245,0.1463,0.1092,0.0617,-0.0714,-0.0356,-0.0286,-0.0289,0.0551,-0.0927,-0.0104,-0.1219,-0.0834,0.2468,0.0551,-0.0761,0.0460,-0.0225,-0.0705,0.0691,-0.0433,-0.1354,0.0326,0.0928,-0.0689,0.0026,0.0939,0.1197,-0.0792,0.1081
"070,028",9.4913,36.6275,-0.0711,0.1669,-0.0502,0.1777,-0.3016,0.0737,-0.0112,-0.1768,0.0853,0.0401,-0.0762,-0.0735,-0.1792,0.2114,0.0845,-0.2308,0.1900,-0.0613,0.1775,-0.0229,-0.2089,0.1213,-0.2120,-0.1581,-0.0176,0.0615,0.0130,0.1248,-0.1200,0.0234
"034,002",-21.4361,6.7030,-0.1086,0.0499,0.0446,0.0133,0.1184,-0.0178,0.0365,0.2172,0.1085,0.1535,-0.0105,-0.0175,-0.1794,-0.1066,0.0628,-0.1556,0.2808,-0.1735,0.0165,-0.0600,-0.1958,0.2598,0.1437,-0.1195,-0.2352,-0.0209,0.1362,0.1257,-0.2014,-0.0030
"213,006",12.2780,26.4870,-0.3279,0.0898,0.0700,0.0940,0.2491,-0.0671,-0.1377,-0.1234,0.0493,0.2026,-0.1142,-0.3012,-0.0284,-0.1438,-0.2464,0.1509,0.1534,0.2029,0.2184,0.2955,0.2833,0.1803,0.1590,-0.1074,0.0660,0.3849,-0.1546,-0.0812,0.1482,-0.2549
"101,008",-20.1317,14.5971,-0.2137,0.0156,-0.0160,0.0001,0.1628,0.0611,-0.0387,0.0417,0.1605,0.0333,-0.0286,0.0173,-0.1504,-0.2265,-0.1278,-0.1395,0.0696,0.1157,0.1027,-0.1362,0.0258,-0.1225,-0.0894,-0.0525,0.1364,-0.0498,0.0406,0.0159,-0.0451,0.1065
"248,052",-12.6018,-4.7054,-0.0064,-0.0441,-0.2177,0.0282,-0.2503,0.1741,0.0613,-0.0398,0.0382,-0.1514,-0.0054,0.1799,0.0069,-0.0908,-0.1412,-0.0336,-0.0662,0.1507,0.0932,-0.1456,-0.0593,-0.0382,0.0361,-0.0242,0.0817,-0.1010,0.0244,-0.0180,0.0254,-0.0276
"071,002",6.8232,-18.8368,0.1970,-0.2477,0.0187,-0.1126,-0.0023,0.0144,0.1295,0.2979,-0.0847,-0.2204,0.0648,0.1231,0.0086,0.1166,-0.0344,-0.1120,-0.1582,0.1675,-0.1360,0.0319,0.3093,-0.0410,-0.0187,-0.1157,-0.6076,0.0795,0.0028,-0.3213,-0.0061,0.0496
"112,002a",-8.7172,-7.7057,0.0387,-0.0925,-0.0193,-0.1850,0.0053,0.0345,0.1913,0.2445,0.0215,-0.0845,0.0884,0.1266,-0.0414,-0.0940,0.5153,0.2228,0.1608,0.0552,-0.0199,-0.1313,-0.0503,-0.1196,-0.1812,-0.0716,0.0471,0.0459,-0.3354,-0.0428,0.0079,-0.2205
"069,002",14.6473,6.6443,0.2184,0.0451,0.0492,0.0096,-0.0418,0.0717,0.0486,-0.0126,0.0308,-0.1466,-0.0451,-0.1444,0.1593,-0.1402,-0.0991,0.0534,0.0406,0.0135,-0.0492,0.0870,0.1168,-0.0348,-0.0145,0.0156,0.0638,-0.1139,-0.0618,-0.0756,-0.0856,0.0694
"234,015a",5.9010,21.5006,-0.1639,0.0106,-0.0405,0.0270,0.0373,0.1075,-0.0111,0.0429,0.0287,0.0780,-0.0506,-0.1044,-0.0406,-0.1767,-0.1899,0.0815,0.0514,0.1408,0.2142,0.4030,0.1751,0.0074,-0.0142,-0.2886,0.2620,0.1985,-0.2983,-0.3025,-0.1551,-0.1640
"437,020",-21.4315,8.2264,-0.2155,-0.0181,0.0295,0.0161,0.1369,-0.0338,-0.0275,0.2311,-0.1452,0.1080,0.0983,0.0720,0.0124,-0.1914,0.0274,-0.1364,0.0493,-0.0751,-0.0587,0.0146,0.0208,0.0125,-0.0146,0.0849,0.1413,0.0521,0.0635,0.1895,-0.1251,0.2049
"167,034",0.3170,57.2418,-0.2193,0.1806,0.1047,0.1776,-0.2026,-1.2416,0.2981,-0.4268,0.1583,0.0311,0.0929,0.3109,0.1533,-0.0488,-0.1180,0.1865,-0.0681,0.1043,-0.0702,-0.0105,0.0593,-0.0363,0.1610,0.0644,-0.0860,0.0019,0.0929,0.0742,0.1292,-0.1444
"070,029",-29.1373,42.9489,-0.2790,0.1569,0.0234,0.3234,-0.3166,-0.0650,-0.4218,-0.1007,-0.9686,-0.0644,0.5005,-0.1475,0.3080,0.1066,0.2555,-0.1106,0.0691,-0.0245,0.0718,-0.2766,-0.1614,0.2395,-0.1527,0.1018,-0.0496,0.0272,0.0272,0.0366,-0.0452,0.2598
"076,011",0.0918,-32.4408,0.1239,0.0209,-0.0267,-0.1327,-0.2305,0.0320,0.0731,-0.0604,0.0279,-0.0855,-0.1170,-0.1886,0.0529,0.0366,-0.0101,-0.3313,0.1514,0.1398,0.1687,0.1684,0.1661,0.5920,0.3669,0.0966,-0.2750,-0.2140,0.0439,-0.4789,-0.4197,0.1844
"335,035",4.6035,-26.4836,0.0670,-0.0238,-0.1123,-0.1631,-0.1649,0.0450,0.0368,-0.0576,0.0742,0.0503,0.0231,-0.0502,-0.0934,0.0815,0.0479,-0.3459,0.0686,0.1626,0.1855,-0.1109,-0.0840,0.3168,0.1435,0.0275,-0.0632,-0.2428,0.0407,-0.1836,-0.1295,0.0575
"070,030",5.9779,34.5519,-0.0644,0.1107,0.0087,0.1002,-0.2234,-0.0475,-0.0134,-0.1269,-0.1148,-0.0080,0.0522,-0.0448,-0.1192,0.3182,0.1277,-0.1422,0.1585,-0.1823,0.1876,0.0917,-0.0424,-0.0580,-0.0654,-0.0924,-0.1225,0.1719,0.0772,0.0609,-0.0202,-0.0471
"293,033",-16.9491,-22.4565,-0.1357,0.0638,-0.0282,0.0470,-0.0570,0.0532,0.1072,0.2250,0.1213,0.0255,0.0730,0.1535,-0.4580,-0.2014,1.0894,0.6154,0.7208,-0.0993,0.3917,-0.2509,0.4072,-0.3219,0.0498,0.2343,-0.2306,-0.3492,-0.3153,-0.0114,-0.1056,-0.1599
"293,032",-26.1605,29.3484,-0.2153,0.0026,0.0158,0.0944,-0.0285,-0.0294,-0.0972,0.1525,-0.5497,0.0663,0.2963,0.1155,0.1973,-0.2318,0.0669,-0.0099,0.1323,-0.1882,-0.1256,-0.1941,-0.3023,0.0949,0.2365,0.2424,-0.0758,0.0213,0.1365,0.0123,0.1350,0.3272
"070,027",7.7071,41.4090,-0.1287,0.2099,0.0209,0.2469,-0.2968,-0.1046,-0.2116,-0.2033,-0.1105,0.0376,-0.0167,-0.2493,-0.1745,0.4839,0.1765,-0.2650,0.2679,-0.1037,0.2316,-0.0965,-0.0879,-0.0205,-0.3874,-0.3196,-0.3147,0.0440,0.1289,0.0602,-0.0988,-0.1169
"406,031",-1.7329,57.8009,-0.1380,0.1625,0.0372,0.1517,-0.2993,-1.1115,0.3759,-0.4961,0.1724,-0.0999,0.0973,0.3728,0.1647,-0.1181,-0.0297,0.2222,-0.0959,0.2606,-0.1523,0.1000,0.0405,0.0269,0.1014,0.0623,0.0209,0.0137,-0.0100,0.0408,0.0422,0.0112
"276,001",0.2221,53.4753,-0.2465,0.1433,0.0985,0.1277,-0.0906,-1.0109,0.2627,-0.2788,0.1677,0.0709,0.0868,0.2260,0.0855,-0.1603,-0.1190,0.0736,-0.0004,0.0607,-0.0973,0.0297,0.0290,0.0265,0.1008,0.0963,-0.1049,-0.0195,0.0328,0.0513,0.0124,-0.0828
"457,018",-8.2537,8.0355,-0.1558,0.0220,0.0156,0.0481,0.0473,-0.0039,0.0191,0.0706,-0.0271,0.0838,-0.0671,0.0190,-0.0936,-0.0532,-0.1176,-0.0365,0.1368,-0.1543,0.0897,0.0151,0.0870,0.1378,0.0828,-0.0294,0.0508,0.5414,0.2002,-0.1239,0.2592,-0.1326
"242,047",17.3325,46.0233,-0.0889,0.1845,-0.2660,0.2775,-0.7446,0.1677,0.1116,-0.4456,0.0957,-0.1295,-0.0696,0.2302,-0.0796,0.1631,-0.0870,-0.3182,0.3251,-0.0046,0.0953,-0.1683,-0.2216,0.1474,-0.0522,-0.1246,-0.0283,-0.0762,-0.0541,-0.0448,-0.1372,0.0821
"243,008a",7.1205,12.9108,0.0787,0.0011,-0.0381,-0.1033,0.0910,0.1042,-0.0539,-0.1024,0.0893,0.0221,-0.0425,-0.1134,0.0288,-0.0351,-0.1611,0.1525,0.0373,0.2776,0.0765,0.0799,0.0189,-0.0038,0.1793,0.0245,0.1942,0.1047,-0.0913,-0.0918,0.0016,-0.0979
"370,009",8.2589,10.1560,0.0559,0.0718,-0.0133,0.0467,-0.0576,0.0814,-0.1227,-0.0377,0.0753,-0.1265,-0.0891,-0.0495,0.0172,0.0556,-0.1068,0.1394,0.0963,0.0152,-0.0475,0.0144,0.0366,-0.0226,-0.0105,0.0486,-0.0370,-0.0045,-0.0218,-0.0249,-0.0775,0.0163
"461,150",1.8515,35.4928,-0.0228,0.0511,0.1090,0.0188,-0.1036,-0.4110,-0.0510,-0.1797,-0.0639,-0.0574,-0.0302,0.2238,-0.1300,0.1283,0.1121,-0.0992,0.1221,-0.0900,0.1124,0.0087,-0.0376,0.0069,-0.1717,-0.2636,0.0777,-0.0947,0.1460,0.1114,-0.1148,0.0937
"461,152",-23.0414,35.9866,-0.2412,0.0292,0.1034,0.1583,0.0601,-0.1204,-0.2785,-0.0670,-0.5337,0.0507,0.1722,-0.2881,0.1811,-0.0724,0.0031,0.1572,-0.1142,0.1237,0.0383,0.0593,0.2458,0.0232,-0.1124,-0.0735,0.2015,-0.0545,-0.1090,-0.1806,0.2049,0.1895
"101,008a=290,002",-19.6752,50.7396,-0.0190,-0.0964,-0.0370,-0.1112,0.1678,0.0923,0.3376,0.1549,-0.2310,-0.3134,0.1465,0.2723,-0.2010,0.4424,-1.0306,1.0058,-0.8152,-1.0103,1.8850,-0.1389,-0.6243,-0.6459,0.3831,-0.2390,0.1736,-0.0566,-0.4626,-0.4484,-0.3630,0.3210
"101,008a",-18.8910,50.1986,-0.0306,-0.0919,-0.0413,-0.1036,0.1612,0.0977,0.3270,0.1426,-0.2187,-0.2973,0.1368,0.2627,-0.1947,0.4142,-1.0160,0.9903,-0.7900,-0.9753,1.8346,-0.1265,-0.6017,-0.6269,0.3727,-0.2339,0.1717,-0.0489,-0.4554,-0.4337,-0.3459,0.3128
"101,008a=433,001",-19.7507,49.6150,-0.0041,-0.0940,-0.0293,-0.1084,0.1599,0.0811,0.3430,0.1598,-0.2438,-0.3045,0.1542,0.2898,-0.2094,0.4541,-1.0236,1.0236,-0.8361,-1.0402,1.9100,-0.1639,-0.6339,-0.6283,0.3875,-0.2296,0.1403,-0.0562,-0.4251,-0.4313,-0.3283,0.3235
"366,020",-18.3951,25.5345,-0.2574,0.0940,0.0263,0.0992,0.0601,-0.0782,-0.0753,0.1562,0.1068,0.2241,-0.0659,-0.0206,0.0519,-0.1490,-0.0234,-0.0014,0.0165,-0.0913,-0.0593,-0.0156,-0.0911,0.0268,0.0965,0.0706,-0.1423,0.0335,0.0181,0.0091,0.0060,-0.0166
"156,008",14.3535,26.9182,-0.2912,0.0578,0.0195,0.0493,0.2847,0.1140,-0.0900,-0.2404,0.0405,0.0398,-0.1885,-0.2291,0.0019,-0.1451,-0.3061,0.1524,0.0840,0.2791,0.2584,0.3009,0.3692,0.2195,0.3099,-0.0633,0.0822,0.4873,-0.1983,-0.1510,0.0647,-0.2371
"457,019",18.8484,27.7242,-0.2526,0.1180,-0.0608,0.1764,-0.1596,0.0700,-0.0397,-0.0216,-0.0045,0.2079,-0.1557,0.0429,-0.0400,-0.2565,0.1130,-0.1370,-0.4664,-0.3408,-0.1018,0.0353,0.3706,-0.1862,-0.0350,0.0475,-0.0404,0.0383,-0.0129,0.3693,-0.0852,0.3337
"223,004",-35.5581,-10.2351,-0.4421,0.1006,-0.0411,0.1529,0.0876,0.1527,-0.1225,0.7039,0.5116,0.9024,-0.5451,0.7382,1.6682,0.6324,0.2047,-0.0147,0.0533,0.1418,0.2334,-0.0721,0.0421,-0.1603,0.0323,0.0261,-0.0763,-0.1033,-0.0522,-0.0144,-0.2009,0.1146
"461,164a",2.9481,-8.2879,0.1982,-0.0234,0.0593,-0.0905,0.0247,-0.0061,0.0875,0.1464,-0.0192,-0.1609,0.0731,0.0909,-0.0050,0.0815,0.0581,-0.0074,-0.0717,-0.0851,-0.0210,-0.0360,-0.0096,-0.0141,0.0386,-0.0019,-0.0292,0.0406,-0.0247,-0.0386,0.0424,-0.0169
"231,003=223,005",-10.8818,-0.3406,-0.0069,-0.0006,0.0341,-0.0648,0.0483,0.0372,-0.0604,0.2268,0.0055,-0.0544,-0.0014,0.1532,-0.0373,-0.0936,0.1228,0.0889,0.2248,-0.1766,-0.0882,0.0909,-0.1153,0.0799,0.1620,-0.0438,-0.0032,0.0802,-0.1080,-0.1401,-0.0651,-0.1578
"080,024",5.4365,-20.9451,0.0312,-0.0254,-0.0804,-0.0755,-0.1083,0.1492,0.1697,0.1603,0.1003,-0.1006,0.0103,-0.0242,0.0494,0.1088,-0.0846,0.0124,-0.0483,-0.0686,-0.0729,0.3270,0.0146,0.3078,0.1395,0.1572,-0.0575,-0.3168,-0.1602,-0.2745,-0.0209,0.0372
"457,020",4.2872,17.5266,-0.1622,0.0787,-0.0574,0.0925,-0.0089,0.0880,0.0012,-0.0153,0.1485,0.1087,-0.0857,-0.1324,-0.0407,-0.1900,-0.2628,0.1424,-0.0533,0.0277,-0.0721,0.1040,0.0344,0.1951,-0.0585,0.2279,0.0904,-0.1511,-0.2648,0.0508,0.0387,0.1182
"335,036",12.3975,15.7667,-0.0653,0.0832,-0.1011,0.1210,-0.2232,0.1432,-0.0435,-0.0214,-0.0367,-0.0471,0.0238,-0.0314,0.0244,0.1377,-0.0601,0.0222,-0.1031,-0.0028,-0.0945,0.0183,-0.0555,0.1243,-0.1747,-0.0392,-0.0553,-0.2287,-0.0903,-0.0026,0.1856,-0.2208
"366,019",-20.3377,28.4743,-0.3190,0.0751,0.0392,0.1069,0.1763,-0.0660,-0.0363,0.1921,0.0928,0.2725,-0.0163,0.0247,-0.0140,-0.2305,-0.0754,-0.0094,0.1633,-0.2330,-0.1124,-0.0230,-0.2603,0.0895,0.0829,0.0572,-0.2287,0.0207,0.0216,0.0562,-0.1111,0.0128
"167,035",-15.9511,31.8077,-0.2383,0.1400,0.0409,0.1634,0.0709,-0.0233,-0.1188,0.0907,0.1599,0.2552,-0.0861,-0.2046,-0.0886,-0.1549,-0.1048,0.1266,-0.0838,-0.1091,-0.1468,-0.0246,-0.2406,-0.1173,0.0888,0.0746,-0.2115,-0.1520,0.1516,-0.0301,0.0483,-0.0544
"370,010",-36.1106,27.6440,-0.1720,0.1635,-0.2159,0.2534,-0.4590,0.3670,-0.0257,-0.1853,0.1491,0.0698,-0.1077,0.0876,-0.1180,-0.2680,0.1580,-0.1388,-0.5329,0.0776,-0.0207,-0.0522,0.0411,-0.1059,0.1712,0.0503,0.0071,-0.0190,-0.0166,-0.0275,-0.0152,-0.0616
"082,062",6.6277,-1.7284,0.0353,-0.0268,-0.0433,-0.0812,0.0735,0.0260,0.0574,0.1092,0.0707,-0.1366,-0.0043,-0.0573,-0.0382,0.0122,-0.1636,-0.0360,0.0201,0.1293,0.0420,-0.1340,0.0393,-0.0875,0.0377,0.0484,0.0305,0.0128,0.0533,-0.0223,0.0550,0.0829
"082,063",9.6881,-13.3352,0.1194,-0.1488,-0.0089,-0.1717,0.0707,0.0003,0.0582,0.2363,0.0799,-0.2060,0.0827,0.0322,-0.1283,0.0835,0.0866,-0.1054,-0.1986,0.1795,-0.0179,-0.0072,0.0310,-0.1388,-0.0469,-0.0134,-0.2670,0.0930,0.1624,-0.1157,-0.1111,0.1815
"074,008",21.4605,-17.0138,-0.0244,-0.0473,0.0741,-0.1450,0.1629,-0.0583,-0.3819,0.1096,0.1569,-0.3428,-0.1072,0.1459,-0.1081,0.0542,-0.0098,-0.1294,-0.0663,-0.0080,-0.0207,-0.1066,0.0342,-0.1495,-0.2262,-0.0256,-0.0900,0.1794,-0.0051,-0.0242,-0.1116,0.2000
"082,061",9.1236,-6.0281,0.1443,-0.2893,0.1094,-0.0292,0.0604,0.0069,0.1395,0.1555,0.0507,-0.1007,0.1444,-0.0123,-0.0623,0.0425,-0.0180,-0.0767,-0.0734,0.1901,0.0040,-0.2327,-0.0150,-0.0796,0.0223,-0.0860,0.0690,-0.1798,0.0095,0.0515,0.0658,-0.0307
"082,064",-17.6978,-4.8101,0.0543,-0.0635,0.0031,-0.1914,0.0530,-0.0444,0.0852,0.1590,-0.1791,0.1491,-0.0614,0.0641,-0.2169,-0.0231,0.0131,-0.1204,0.0222,-0.0139,0.0665,-0.0921,-0.0584,0.1886,-0.0514,0.1702,-0.0144,0.0731,0.0084,0.2245,0.0579,0.0340
"446,001",6.2953,-14.9706,-0.0006,-0.0659,-0.0074,-0.0860,0.0794,0.0172,0.1743,0.2354,-0.0542,-0.1476,0.1004,0.0440,0.0647,0.1186,0.0328,-0.3356,0.0253,-0.0817,0.0872,0.4078,-0.0376,-0.3221,0.0975,0.0711,0.0702,-0.1678,0.1174,0.0476,0.2727,0.1583
"080,024a",-14.6161,1.0542,-0.1094,-0.0147,-0.0098,-0.0554,0.0523,0.0794,0.0398,0.1878,0.0446,0.0239,0.0433,0.2213,-0.0549,-0.1611,0.0171,-0.0173,0.0889,-0.2535,-0.2093,0.0575,-0.1320,0.0447,0.0960,-0.1199,-0.0789,0.0333,-0.0435,-0.0091,-0.0746,-0.2105
"443,002b",-17.3145,0.9112,-0.0651,-0.1160,-0.0180,-0.0164,-0.0627,0.0658,0.0405,0.2250,-0.4435,-0.1151,0.3763,0.2041,0.0642,0.0066,0.0458,-0.0744,0.0566,-0.1806,-0.1472,0.2344,-0.0901,-0.2129,0.0025,-0.0192,0.0993,0.3397,-0.0723,0.2371,-0.6881,-0.6239
"069,003",7.0809,-22.9324,0.1261,0.0505,-0.0012,-0.0469,-0.1226,0.0522,0.0331,0.0279,0.0731,-0.0348,-0.0046,-0.0987,0.0156,0.2088,0.0352,-0.1233,0.0317,0.0972,-0.0049,0.2405,0.0120,0.0925,0.2570,0.1533,-0.0401,-0.1910,-0.0962,-0.3132,-0.1116,0.1285
"234,014",-9.2823,20.9107,-0.1626,0.1133,-0.1407,0.1646,-0.2227,0.1472,-0.0805,-0.0403,0.0901,0.0870,-0.1008,0.0418,0.0023,-0.2665,-0.0977,0.0800,-0.2257,-0.0676,-0.0749,-0.0003,0.0936,-0.0759,0.1935,0.1173,-0.0325,0.1755,0.0219,-0.1567,0.2670,-0.0544
"242,048",12.7964,43.2842,-0.1173,0.2086,-0.1252,0.2714,-0.5739,0.1295,-0.0946,-0.3272,-0.0838,-0.0652,-0.0131,-0.0086,-0.1244,0.3182,0.1469,-0.3929,0.1946,-0.1225,0.2070,-0.1502,-0.1081,0.1122,-0.2769,-0.1742,-0.1461,0.0320,0.0419,0.0173,-0.1830,-0.0264
"377,004",-3.9125,22.3819,-0.1838,0.0785,-0.0631,0.1215,-0.1091,0.0676,0.0273,-0.1025,0.1057,0.0471,-0.0886,0.0405,-0.0380,-0.0537,-0.1517,0.0026,0.0750,-0.1516,0.0311,0.1149,-0.0087,0.1505,-0.0443,0.0393,-0.1330,0.0292,-0.0535,-0.1360,-0.0818,0.0461
"136,003=167,013=136,002=167,003a",-26.6641,9.5311,-0.1579,-0.0553,-0.0311,-0.1043,0.1501,0.0666,0.1218,0.2013,0.0729,-0.0062,0.0814,0.0834,-0.1394,-0.2243,-0.1139,-0.1817,0.2295,0.0426,0.0769,0.0187,0.1621,0.1830,-0.0557,0.0891,0.2207,-0.0976,0.0657,0.1228,0.1353,0.1648
"136,003",-26.2137,9.1294,-0.1605,-0.0429,-0.0191,-0.0794,0.1615,0.0667,0.1153,0.2154,0.0451,0.0114,0.0941,0.1105,-0.1253,-0.2539,-0.0211,-0.1607,0.2229,0.0481,0.0284,-0.0000,0.0441,0.1125,-0.0240,0.1295,0.1693,-0.0678,0.0445,0.2008,0.0156,0.2247
"246,040",9.2636,-1.6702,-0.0006,-0.0367,-0.0424,-0.0025,0.0325,0.0182,0.1118,0.0730,0.0436,-0.0494,0.0158,0.0420,-0.0895,-0.0434,-0.0105,-0.0880,-0.2297,0.1149,-0.0340,-0.0772,0.1424,-0.0066,0.1956,0.0547,-0.0360,-0.0519,0.1720,0.0216,-0.1239,-0.0194
"437,020a",4.3353,-2.9873,0.1009,-0.0368,0.0630,-0.0593,0.1273,0.0171,0.0264,0.1593,0.1170,-0.1465,0.0638,0.0460,-0.1374,0.0076,0.1247,-0.0518,-0.0876,0.1152,-0.0011,0.0366,-0.0040,-0.1134,-0.1481,-0.0223,0.0073,0.0948,0.0264,-0.0235,-0.0253,0.1425
"372,005",-22.8549,-22.9371,0.1791,-0.0214,-0.1586,-0.0806,-0.1825,0.1404,0.0933,0.0149,-0.0154,-0.1613,-0.1119,-0.0640,0.1091,-0.1531,-0.2442,0.2338,0.3962,0.1149,-0.1045,-0.1649,0.1782,-0.3011,0.0275,-0.0147,-0.1805,0.0937,0.1323,0.0164,0.0672,0.1793
"380,001",-19.4018,51.5448,0.1391,-0.1308,-0.0712,-0.1394,0.0382,0.0021,0.3382,0.2427,-0.2634,-0.2876,0.1233,0.2578,-0.2114,0.4171,-0.7413,0.8039,-0.7857,-0.7386,1.4164,-0.2108,-0.5085,-0.4017,0.3190,-0.0923,0.0484,-0.1555,-0.2080,-0.2006,-0.1184,0.2190
"132,008",30.8915,-9.5699,0.0325,0.1624,0.1153,0.0603,0.0042,-0.0649,-0.1599,-0.0245,0.0598,0.1313,-0.0732,-0.5449,-0.0744,0.3620,0.0815,-0.0173,0.0486,0.4390,0.1525,-0.1466,0.0498,-0.1696,0.1654,-0.0726,0.0244,0.0440,0.0209,-0.1807,-0.1171,-0.3052
"167,036",-25.2121,38.5967,0.0158,0.2109,0.2264,0.2557,-0.0221,-0.1051,-0.3613,-0.0131,-0.5846,0.0111,0.2962,-0.2587,0.2125,0.0655,0.1663,0.0655,-0.1118,0.0771,-0.0743,-0.1181,0.0331,0.0134,-0.0367,0.0384,-0.0340,-0.0139,0.0271,-0.0921,0.0859,0.1369
"242,043",14.8769,42.9164,-0.1531,0.1471,-0.2008,0.2644,-0.5483,0.3289,-0.0189,-0.2300,0.0355,-0.0090,-0.0292,0.0717,-0.1726,0.0552,0.1287,-0.3968,-0.1280,-0.0076,0.1548,-0.1539,-0.1406,-0.0029,-0.0449,-0.0279,0.0953,0.0615,-0.0856,0.0259,-0.3267,-0.1739
"084b,001",5.6507,-31.7542,0.1529,-0.2194,0.0511,-0.3623,-0.0509,-0.0433,-0.1032,-0.0261,-0.0887,0.1119,0.0365,0.2293,-0.0293,-0.0059,0.0517,0.0370,-0.0230,-0.2023,0.0397,-0.0565,-0.0223,0.0990,0.1420,-0.0833,-0.0800,0.0635,0.0273,-0.0164,0.0682,-0.0397
"331,002",-18.7123,19.0321,-0.1601,0.0637,0.0831,-0.0029,0.1693,-0.0626,-0.1595,0.2288,0.1884,0.2517,-0.0751,-0.0925,0.0584,0.1923,0.0263,-0.2211,-0.0128,0.2109,0.1404,-0.2241,0.0049,-0.1056,-0.0299,-0.0429,0.1103,-0.1105,0.1585,0.1176,-0.0015,-0.1768
"443,003",-6.0548,2.2578,-0.0246,-0.2951,0.0255,0.0630,-0.0495,0.0853,-0.0104,0.0340,-0.0555,0.0159,0.0090,-0.0221,0.0682,-0.1036,-0.1207,0.0742,0.0354,0.1644,0.0331,0.1316,0.1198,0.0845,0.1098,-0.0935,-0.0361,0.0536,-0.0414,-0.1924,0.0258,-0.0612
"248,055",-19.6223,-32.3397,0.1762,-0.0506,-0.2859,0.0364,-0.3031,0.3050,0.0839,-0.0893,-0.1726,-0.2363,0.1125,-0.0089,0.1419,0.0241,-0.6828,0.3981,0.4262,0.4544,-0.3338,-0.1696,0.2446,-0.3605,-0.0207,-0.0777,-0.2939,-0.2216,-0.0992,0.6245,-0.6889,-0.2145
"569,029",-10.6227,-33.9287,0.5059,-0.1432,0.1579,-0.3295,-0.1150,-0.3356,0.5448,0.2211,-1.8742,0.6516,-2.4271,0.6193,-0.7534,-0.1321,0.0260,-0.0973,0.0691,0.2540,-0.3422,-0.0105,-0.1967,-0.1304,-0.1561,0.0971,0.0392,-0.2045,-0.1984,-0.0811,-0.1153,-0.1882
"437,008=306,003",-8.4364,2.5285,-0.0923,-0.0398,0.0301,-0.0768,0.1308,-0.0165,-0.0777,0.1477,0.0808,-0.1676,0.0164,0.0955,-0.0781,-0.0180,-0.0718,-0.1775,-0.0405,-0.0062,-0.0086,0.1016,0.1697,-0.0596,-0.2395,-0.0320,0.0492,-0.0743,0.0365,-0.1096,0.1053,0.1116
"155,013",-16.6113,32.3610,-0.2981,0.1333,0.0439,0.1388,0.1178,-0.0705,-0.1769,0.1261,0.1404,0.2914,-0.0606,-0.1552,-0.0260,-0.1875,-0.0991,0.0963,0.0841,-0.0410,-0.0751,-0.0455,-0.2111,-0.1096,0.1028,0.0454,-0.1987,-0.0895,0.1372,-0.0811,0.1077,-0.1417
"009,012",-26.5688,0.8420,0.0562,0.0797,-0.0382,0.0816,-0.0083,0.0753,0.0586,0.0280,0.0821,-0.0059,-0.0565,-0.0550,-0.1473,0.0268,0.2697,0.3002,-0.2577,0.2102,-0.1747,0.2145,-0.2401,-0.0260,-0.0443,-0.0550,-0.0232,0.0006,0.2627,0.1479,-0.0530,0.1871
"106,016",-10.7373,12.3109,-0.1123,-0.0387,0.0076,-0.0166,0.1024,0.0185,0.0210,0.0404,0.0974,0.0668,-0.0054,-0.0242,-0.0408,-0.0859,-0.0911,-0.0032,-0.0189,0.0460,-0.0031,-0.0203,0.0106,0.0105,-0.0047,0.0425,0.0752,0.0099,-0.0549,0.0538,0.0063,0.0231
"457,020a=016a,001",-21.0743,9.7174,-0.2128,-0.2370,0.1160,0.0845,0.2236,-0.0736,0.0999,0.0388,0.0542,0.0653,0.0747,0.0841,-0.0381,-0.1532,-0.0525,-0.2082,0.1508,-0.1313,-0.0447,0.0969,0.0127,-0.1420,-0.1063,0.0057,0.3309,-0.0625,-0.0242,-0.0115,-0.2555,0.0790
"457,021",4.1807,-24.9929,0.0910,-0.0186,-0.0333,-0.1377,-0.0446,0.0695,0.1206,0.3011,0.1451,0.0343,-0.0716,0.0961,0.3969,0.3319,0.1354,-0.1674,-0.0736,0.1050,0.1073,0.2111,0.1035,0.1947,0.1806,0.1144,-0.1606,-0.2581,-0.0301,-0.2727,-0.1334,0.1277
"103,002",-17.9511,8.4701,-0.0984,0.0705,0.0325,0.0450,0.0652,-0.0172,0.0295,0.1414,0.0990,0.0909,-0.0731,-0.0992,-0.1008,-0.0470,0.0574,-0.0617,0.2358,-0.1814,-0.0122,0.0195,-0.1186,0.2108,0.0890,-0.1322,-0.1070,0.0980,0.1111,0.0983,-0.1747,0.0670
"080,025",-31.9563,2.3059,-0.1791,0.0035,-0.1984,0.0547,0.1806,0.4317,0.2619,-0.3706,0.0756,-0.1475,-0.0613,0.2411,-0.0086,-0.0859,0.6154,0.5389,-0.4377,0.4757,-0.2661,0.3583,-0.6940,0.1835,-0.0373,-0.3462,0.1019,0.2301,0.4813,-0.1020,-0.0304,0.3256
"034,003",-25.3525,25.8970,-0.1377,0.0245,-0.0787,0.1262,-0.1824,0.0810,-0.1406,0.0634,-0.3235,-0.0325,0.1854,0.0833,0.1404,-0.1484,-0.0722,0.0150,0.1730,-0.0814,-0.0910,-0.2582,-0.1516,0.0785,0.1746,0.2050,-0.1551,-0.0123,0.2333,0.0110,0.1316,0.3204
"242,023",-0.3007,61.9853,-0.0970,0.1868,0.0511,0.1743,-0.4646,-1.3725,0.4856,-0.6396,0.1396,-0.1884,0.1460,0.5062,0.1819,0.0123,0.0040,0.0824,-0.0329,0.2119,-0.0735,-0.0216,0.0723,0.0265,0.1262,0.0656,0.0384,0.0113,0.0162,0.1223,-0.0364,-0.0316
"155,014",4.2651,20.1047,-0.0894,0.0864,0.0344,0.0642,-0.0100,0.0146,-0.0996,-0.0837,0.0028,0.1191,-0.0133,-0.2392,-0.0387,0.0224,-0.1007,0.1371,-0.0162,0.0167,0.0139,0.1759,0.0259,0.0011,-0.1053,0.0076,0.0199,0.1093,-0.0741,0.0017,0.0681,0.1357
"080,028",-22.0866,4.8036,-0.1828,-0.0156,0.0107,-0.0399,0.1208,-0.0093,0.0859,0.3631,0.0606,0.1626,0.1078,0.2145,-0.1447,-0.2281,0.1583,-0.0231,0.2760,-0.2496,-0.1533,-0.0967,-0.2520,0.1543,0.1283,-0.0042,-0.1630,0.0379,0.0065,0.0789,-0.0822,-0.1723
"315,004",-1.0859,-10.5363,0.0066,-0.0679,-0.0278,-0.0939,0.0097,0.0600,0.0290,0.1209,-0.1341,-0.1512,0.1088,0.0464,0.0339,0.0625,-0.0267,-0.0020,-0.0827,-0.0533,-0.0477,0.0030,0.0193,0.0652,-0.1119,-0.0222,-0.1060,-0.0982,0.0141,-0.0500,0.0843,-0.0589
"415,002",1.9696,14.6190,-0.0755,-0.0306,-0.0457,-0.0264,0.0524,0.0749,-0.0012,-0.0373,0.0393,0.0678,-0.0517,-0.1164,-0.0275,-0.0250,-0.1811,0.1094,0.0130,0.1484,-0.0063,0.1158,0.0612,0.1445,0.0100,-0.0252,0.2516,0.0272,-0.2008,-0.0941,0.0595,0.0709
"434a,033",-20.8939,-33.0924,0.1692,-0.1471,-0.2070,-0.4654,-0.2768,0.2723,-0.0526,-0.3439,-0.1645,0.1246,0.1820,0.0991,0.2113,-0.2209,-0.5930,0.4069,0.5698,0.2877,-0.1740,-0.0826,0.2553,-0.4609,-0.1990,-0.1227,-0.3119,-0.0301,-0.0749,0.4434,-0.3700,-0.0788
"080,026",-17.4610,2.0967,-0.2029,-0.0747,0.0123,0.1056,-0.0117,0.0937,-0.0225,0.2313,-0.4807,-0.0422,0.3986,0.1943,0.1989,0.0131,-0.0158,-0.0709,0.0884,-0.2705,-0.1911,0.1500,-0.1701,-0.0653,-0.1570,0.0439,0.4271,0.3401,-0.1835,0.2225,-1.0333,-0.7702
"132,002",-12.9790,-12.0589,0.0474,-0.2445,-0.0412,-0.1190,0.0349,-0.0219,0.2577,0.3099,-0.0359,-0.2122,0.1719,0.2300,-0.0734,-0.0201,0.0871,-0.0093,-0.1111,0.1183,-0.1314,0.1471,0.0796,-0.0893,-0.0249,-0.3003,-0.1692,0.4114,0.3599,-0.0461,-0.1179,-0.1483
"167,037",18.8391,34.1997,-0.2710,0.1608,0.1149,0.1729,0.1015,-0.1464,-0.3721,0.0562,-0.0200,0.2518,-0.0192,-0.3131,0.0142,0.0644,-0.1093,0.0933,-0.0358,-0.0032,-0.0635,0.0469,-0.0422,-0.2840,-0.1273,-0.3475,-0.2540,-0.3246,0.1250,-0.1997,0.4280,-0.7589
"396,006",16.6150,-17.8358,0.1110,-0.1313,0.0337,-0.1674,0.1003,-0.0550,0.1409,0.4607,0.1057,-0.3209,0.1760,-0.0046,-0.2118,0.3075,0.0473,-0.4375,-0.2638,0.4289,-0.2642,-0.3138,0.2936,-0.7385,-0.5651,-0.3142,-1.3613,0.9325,-0.5957,-0.7909,-0.3051,0.7010
"132,009",31.5852,-10.3833,0.1570,0.1436,0.1453,-0.0305,0.0437,-0.0002,-0.1556,-0.0917,0.0581,0.2135,-0.0754,-0.5003,-0.0664,0.2774,0.0113,-0.0191,-0.0517,0.5090,0.1199,-0.1169,-0.0467,-0.1176,0.2173,-0.0243,0.2340,-0.0171,0.1338,-0.1096,-0.0818,-0.2984
"443,004",-18.3805,6.5224,-0.2236,-0.0272,-0.0160,-0.0451,0.2484,0.0757,0.1191,0.1734,0.1188,0.0767,0.0595,0.1279,-0.1362,-0.2821,0.2054,0.1089,0.1671,0.0501,-0.0493,0.0392,-0.2520,-0.0396,-0.0086,0.0667,-0.0991,-0.1150,0.0225,0.0909,-0.0405,0.1432
"461,167",5.5716,20.6604,-0.2557,-0.0051,0.0101,0.0423,0.1342,0.0606,-0.0158,-0.0300,0.0442,0.0800,-0.0637,-0.0684,-0.0520,-0.1183,-0.1722,-0.0056,0.1018,0.1169,0.1763,0.3079,0.2542,0.2109,-0.0607,-0.2349,0.3049,0.2126,-0.1779,-0.1728,-0.0705,0.0359
"364,027",-14.3286,-26.3532,-0.0499,0.0557,-0.0285,0.0240,-0.0839,0.0767,0.1648,0.2443,0.1362,-0.0894,0.1090,0.1797,-0.5167,-0.0668,1.4401,0.9501,0.9817,-0.0925,0.5622,-0.2732,0.6558,-0.2939,-0.1526,0.4747,-0.0510,-0.4907,-0.6062,-0.2521,-0.0746,-0.3367
"246,041",-16.5009,47.9584,0.0647,-0.0905,-0.0477,-0.1313,0.0444,-0.0192,0.2073,0.1815,-0.1327,-0.1868,0.1290,0.1150,-0.1403,0.2184,-0.3448,0.2859,-0.3924,-0.2806,0.7413,-0.1528,-0.2428,-0.2060,0.1651,-0.0198,0.0091,-0.0823,0.0401,-0.0220,0.0044,0.1288
"082,065",3.8034,-13.3472,0.1140,-0.1935,-0.0311,-0.2736,0.0964,-0.0311,-0.2295,0.1252,-0.0241,-0.3737,-0.0288,0.2715,-0.0266,-0.0021,-0.1022,0.0190,-0.0831,0.0162,0.0191,-0.0136,0.0643,0.0112,0.0190,-0.0964,-0.1445,0.0650,0.1946,0.0178,-0.0075,-0.0565
"167,038",-19.2394,30.9295,-0.3244,0.1157,0.0752,0.1659,0.0802,-0.1656,-0.2376,0.1319,-0.1990,0.2285,0.1400,-0.1355,0.0725,-0.1883,0.0334,0.1045,0.0617,-0.0340,-0.0866,-0.1538,-0.2387,-0.0320,0.0625,0.0898,-0.1505,-0.0517,0.0233,-0.1119,0.1218,-0.0284
"167,039",-14.9499,29.5222,-0.1794,0.0953,0.0123,0.1136,0.0235,-0.0733,-0.0612,0.0881,0.1213,0.1911,-0.0378,-0.0696,-0.0257,-0.0521,-0.1360,0.1329,-0.0947,-0.1214,-0.0524,-0.0809,-0.2559,-0.1148,0.0629,0.0560,-0.0649,-0.1079,0.0411,-0.0803,0.0472,-0.0462
"101,009",-38.6956,-4.4286,-0.1942,-0.0964,0.0108,-0.2439,0.4634,0.2004,0.1021,-0.4540,0.0482,0.0706,0.0328,0.0403,-0.0080,-0.0111,-0.0740,-0.0131,-0.0229,-0.0269,0.0001,-0.1202,0.0843,-0.1440,-0.3212,-0.0533,0.1511,-0.0803,-0.0180,0.0497,0.0060,-0.0524
"281,006",-21.8623,30.7651,-0.2369,0.0735,0.0179,0.1660,0.0011,0.0137,-0.1790,0.0269,-0.3332,0.0308,0.1855,-0.0287,0.1148,-0.1473,0.1383,0.1760,-0.0943,0.0604,-0.0959,0.0371,-0.1326,0.0069,0.0189,-0.0425,0.0400,-0.0204,0.0464,-0.0692,-0.0090,0.1606
"030,019",-37.8957,25.1955,-0.3392,0.1275,-0.1061,0.2307,-0.1781,0.2764,-0.1428,-0.1476,-0.0018,0.1118,-0.0554,0.0613,-0.0409,-0.5136,0.1134,0.0218,-0.6071,0.0665,0.0178,0.0689,0.2879,-0.1300,0.3208,0.0384,-0.0171,0.1516,-0.0764,-0.1021,0.0239,-0.1497
"364,028",38.6074,1.9829,0.2639,0.0714,0.0360,-0.0011,-0.1361,0.0767,0.2077,0.1103,0.0920,-0.1985,0.0736,0.0449,-0.0890,0.2551,0.2172,0.1829,0.2273,-0.4976,-0.3033,-0.1147,0.2609,0.0984,0.0348,0.4041,0.5086,0.1502,-0.1405,-0.3489,0.0890,-0.1569
"016,018",16.7184,33.2928,-0.2585,0.1647,0.1063,0.1587,0.1021,-0.1640,-0.3092,0.0710,0.0371,0.2681,-0.0468,-0.3132,-0.0182,0.0420,-0.0657,0.0677,-0.0597,-0.0275,-0.0760,-0.0119,-0.0410,-0.1670,0.0041,-0.2072,-0.2561,-0.2072,0.1615,-0.1694,0.4102,-0.5666
"074,009",17.0271,-4.3209,-0.0466,-0.0001,0.0321,-0.0811,0.1137,-0.0742,-0.0025,0.1175,0.1187,0.1109,-0.0060,-0.1441,-0.1335,0.0018,-0.0381,-0.1402,-0.0721,0.1725,0.0476,-0.1436,-0.1161,-0.0375,0.0986,0.1192,0.0337,-0.1171,0.0973,0.0485,0.0377,-0.0741
"074,010",-6.3166,4.2147,-0.0388,-0.0630,-0.0243,-0.0488,0.0305,0.0591,0.0158,0.0366,-0.0049,-0.0544,0.0196,0.0692,0.0163,-0.0082,-0.0454,0.0093,-0.0096,-0.0741,-0.0014,0.0628,0.0643,-0.0216,-0.0702,-0.0379,0.0492,0.0007,-0.0375,-0.0029,-0.0275,0.0270
"183,008",32.8020,-13.6918,0.2921,0.1536,0.1477,-0.0009,0.0844,0.0055,-0.0989,0.0165,0.1885,0.1073,0.0319,-0.4126,-0.1718,0.3430,-0.0331,-0.1088,-0.1518,0.5747,0.0222,-0.3739,-0.1922,-0.3047,0.3144,0.1331,0.3360,-0.3051,0.2842,-0.0304,-0.2155,-0.2599
"213,007",-1.5729,53.2107,-0.1190,0.0507,0.0890,0.0414,-0.1047,-0.9239,0.3302,-0.2606,0.0411,-0.0953,0.1334,0.3144,0.1175,-0.0305,-0.0093,0.0588,-0.0550,0.1443,-0.0406,-0.0101,0.1170,0.1338,0.1354,-0.0662,-0.0510,-0.0215,0.1027,0.1401,0.0394,-0.0952
"167,040",-17.3324,30.3753,-0.2590,0.1410,0.0616,0.1500,0.0300,-0.2640,-0.1077,0.0950,0.1356,0.2831,-0.0665,-0.0078,0.1464,0.0140,-0.0797,0.0956,0.0221,-0.0953,-0.0298,-0.0874,-0.1431,-0.1028,0.0893,0.0079,-0.2055,-0.0495,0.2107,-0.0151,0.1264,-0.1104
"366,021",4.3067,25.5334,0.0232,0.1182,0.0778,0.1100,-0.0104,-0.1248,-0.0276,-0.0071,0.0277,0.0223,0.0244,-0.1456,-0.1129,0.2369,0.1039,0.0850,-0.0685,-0.0653,-0.1023,0.0060,0.0367,-0.0503,-0.0655,-0.0736,-0.0721,0.0298,0.0976,0.0014,-0.0291,0.0236
"076,012",-16.4200,4.3959,-0.0646,-0.0870,0.0101,-0.1270,0.1283,0.0407,0.1233,0.0864,0.0269,-0.0505,0.1012,0.0788,-0.0609,-0.0577,-0.0438,-0.1420,0.1296,-0.1808,-0.1159,0.0967,0.1494,-0.0048,-0.1143,-0.0601,0.3043,0.0910,0.1053,-0.0434,-0.1400,-0.1311
"364,029",1.9584,29.3364,-0.0091,0.1556,0.1560,0.1429,0.0328,-0.0524,-0.0458,-0.0206,0.0210,0.1016,0.0217,0.0199,-0.1912,0.0313,0.1238,-0.1847,0.2123,-0.1311,0.1693,0.0717,-0.1041,0.0254,-0.1475,-0.1825,-0.1037,0.0560,0.1444,0.1652,-0.1629,0.0433
"223,005a",-17.8629,51.1449,0.2067,-0.1304,0.0024,-0.1738,-0.0178,-0.1665,0.4011,0.2741,-0.4579,-0.2419,-0.0649,0.4304,-0.2759,0.4321,-0.5852,0.7528,-0.7523,-0.8096,1.3704,-0.2931,-0.5701,-0.4068,0.3687,-0.0973,0.1646,-0.1558,-0.2176,-0.2810,-0.1238,0.2221
"167,041",12.2924,3.9986,0.0181,0.0874,0.0865,0.0228,0.1090,-0.0203,0.0102,0.0443,0.0801,0.0134,-0.0424,-0.2072,-0.1465,0.0820,-0.0072,-0.0392,-0.0178,0.0963,0.0588,0.0039,0.0365,0.0912,0.1019,0.1509,0.0463,0.1083,0.0830,0.1705,-0.0784,0.1224
"217,004c=010,036",-34.7234,38.8875,-0.2286,-0.0057,0.0263,0.1362,-0.0236,-0.0090,-0.2080,0.2433,-1.1127,-0.1936,0.7105,0.0873,0.4401,-0.1695,0.1832,-0.1418,0.1363,0.1168,-0.0722,0.1567,-0.2385,-0.2152,0.1886,0.3548,0.4255,-0.1261,-0.1010,0.0672,0.1633,0.4858
"167,042=016,019",-17.9425,12.1625,-0.1637,0.0015,0.0371,0.0054,0.1466,0.0370,-0.0242,0.1475,0.1612,0.0920,-0.0058,0.0059,-0.2153,-0.1300,0.1134,-0.2094,-0.0777,0.1247,0.0884,-0.0561,0.0594,-0.0998,-0.1139,-0.0107,0.2092,-0.0223,0.0943,0.2192,-0.0655,0.0278
"010,003=016,003",-36.3058,24.6437,-0.3699,0.1172,-0.0563,0.2097,-0.0770,0.1841,-0.0700,0.0082,0.1358,0.2761,-0.1266,0.0954,-0.1041,-0.4441,0.1367,-0.2545,-0.5488,-0.2069,-0.0143,-0.0794,0.3512,-0.2401,0.1076,0.0790,-0.0125,0.0312,-0.0252,0.2604,-0.1271,0.0187
"229,003",-5.1021,11.4797,-0.1004,-0.0073,-0.0482,-0.0451,0.0307,0.1136,0.0287,-0.0474,0.0752,-0.0255,-0.0225,-0.0284,-0.0502,-0.0594,-0.1561,-0.0771,0.1545,0.1854,0.1700,0.1710,0.1264,0.1446,0.0698,-0.0391,0.0598,-0.0086,0.0174,-0.0393,-0.0608,0.0672
"167,044=449,002",1.3898,-29.2538,-0.0050,-0.0162,0.0755,-0.1468,0.0569,-0.1766,0.0382,0.0585,0.0822,-0.0089,-0.0127,-0.0096,-0.0136,-0.0499,-0.0272,-0.2629,0.0468,0.0050,0.0779,0.1293,0.2106,0.4513,0.1481,0.0316,-0.1739,-0.2988,0.0580,-0.2609,-0.2342,0.1240
"012,001=108,001",-0.5722,3.9284,0.0688,-0.3150,0.0061,-0.1110,0.0745,0.2169,0.1555,-0.2994,-0.0111,-0.1081,-0.0810,-0.0863,0.2373,-0.1369,-0.0125,0.1891,-0.0470,-0.0153,-0.0771,0.0552,-0.0168,0.0182,-0.1326,-0.0184,-0.0516,-0.0129,-0.1055,0.1116,-0.0181,-0.1514
"282,014=200,001",-3.0576,48.2593,-0.1198,0.0253,0.0816,-0.0377,-0.0391,-0.7416,0.2850,-0.2084,0.1354,-0.0683,0.0948,0.2376,0.0530,-0.1368,-0.0453,-0.1007,-0.0120,0.1126,-0.0235,0.0929,0.1563,0.0557,-0.0336,0.0125,0.0808,-0.1058,-0.0332,-0.0701,-0.0932,0.0859
"457,022",13.4980,10.4810,-0.1080,0.0244,-0.0661,0.0045,-0.0413,0.1115,0.0993,0.1513,0.1076,0.1013,-0.0759,0.1020,0.1297,0.1621,-0.0484,0.1242,-0.1916,-0.2427,-0.1201,0.1247,-0.0708,0.1952,-0.2015,0.0955,-0.0122,-0.1414,-0.1629,0.2094,0.1287,-0.0114
"016a,002",-6.2694,16.3907,-0.1458,0.0586,-0.0478,0.0788,-0.0231,0.1008,-0.0054,-0.0188,0.1245,0.0481,-0.1270,-0.1123,-0.0649,-0.0942,-0.1098,0.1077,-0.0648,0.0852,-0.1470,0.2498,-0.1269,-0.0335,-0.0624,0.0048,0.1089,-0.0432,-0.2107,0.0294,0.1365,-0.1952
"244,005",16.1621,0.6775,0.0456,0.0634,0.0965,0.0045,0.0844,-0.0425,-0.0368,0.0550,0.0927,0.1036,-0.0353,-0.1994,-0.1307,0.0846,-0.0129,-0.0681,0.0310,0.1027,0.0251,0.0018,-0.0007,-0.0483,0.1504,0.0420,0.0662,0.0537,0.1211,0.0193,-0.0781,0.0438
"436,002=013,001",-6.3298,35.4844,-0.1400,0.0259,0.0593,-0.0209,0.1252,-0.2125,0.0649,0.1780,0.1468,0.1350,0.0577,-0.0900,-0.1993,-0.0646,-0.0691,-0.2114,-0.0328,0.3100,0.0354,-0.2915,-0.2863,-0.0058,-0.1199,0.2014,0.1334,0.4257,-0.7342,0.0460,0.3599,0.1449
"461,174",4.9266,-19.6978,-0.0218,-0.0522,0.0113,0.0036,-0.0113,0.0430,0.0328,0.0450,0.0132,0.0390,-0.0322,-0.1303,-0.0389,0.0586,-0.1084,-0.0272,0.0887,0.0845,0.1845,0.1863,0.0127,0.2285,0.2369,0.0391,-0.0360,-0.0214,-0.0104,-0.1137,-0.0511,0.0752
"194,016=129,004",-2.0193,-33.0942,0.0982,0.0088,0.0201,-0.1736,-0.0985,0.0241,-0.0078,-0.0263,0.0478,-0.1263,-0.1454,-0.2810,0.0981,0.0342,-0.0399,-0.2966,0.1297,0.2468,0.2481,0.3832,0.2862,0.7379,0.5017,0.1311,-0.2552,-0.1973,-0.0701,-0.5967,-0.5276,0.1938
"218,001=128,001",22.1908,23.6877,-0.0553,0.1181,0.0736,0.0798,0.1118,-0.0700,-0.0688,0.0598,0.1048,0.1689,-0.1310,-0.2983,-0.1502,0.0698,0.0544,-0.0565,-0.0335,-0.2415,-0.1326,0.0207,0.2318,-0.0844,-0.1100,0.1216,0.1187,0.0888,0.1996,0.4593,-0.0819,0.6244
"194,017=136,004",-33.3525,7.8370,-0.2160,0.0158,0.0280,-0.0317,0.2584,0.0221,0.0923,0.1205,0.0697,0.0863,0.0253,-0.0240,-0.1844,-0.2168,-0.1235,-0.2341,0.2652,0.0695,0.1574,-0.1100,0.0931,0.3613,0.0383,0.2931,0.1786,-0.0051,-0.0426,0.3851,0.0495,0.2820
"194,018=136,006",-17.6554,12.7962,-0.1318,0.0037,0.0254,-0.1248,0.1211,0.0014,-0.0460,0.1025,0.1299,0.2398,0.0007,-0.0378,-0.0331,-0.0549,-0.0297,-0.1983,0.0096,0.0578,0.1346,-0.1044,0.1394,0.0941,0.0819,0.0875,0.0783,-0.0314,0.0698,0.0840,-0.0588,0.0038
"252,001=133,007",-11.3154,10.6606,-0.1342,0.0090,0.0299,-0.0513,0.1699,0.0348,0.0596,0.0642,0.0419,0.0463,-0.0245,-0.1081,-0.0958,-0.0848,-0.0057,-0.1448,0.1558,0.1276,0.2028,0.0479,0.0978,0.3353,0.1740,0.0824,0.0508,0.0392,-0.0171,0.0500,-0.0694,0.0456
"010,037=136,005",-22.9538,17.5068,-0.2489,0.0533,0.0572,0.0442,0.1837,-0.0825,-0.0655,0.1698,0.1042,0.2057,0.0073,-0.1397,-0.1274,-0.1471,-0.0818,-0.1347,0.0929,-0.0247,0.0418,-0.1081,-0.0082,0.0540,-0.0229,0.1214,0.0014,0.0582,0.0755,0.2054,0.0331,0.1007
"052,004=131,001",-11.0936,3.2936,-0.0956,-0.0565,0.0049,-0.0896,0.2707,0.1075,0.2057,-0.0818,0.0288,-0.0939,0.0456,0.0536,-0.0352,-0.0058,0.0222,-0.1818,-0.0565,0.0743,0.0010,-0.0450,0.0805,0.0801,0.0044,0.0563,0.0356,-0.3094,0.1640,-0.0812,-0.0929,0.0950
"364,030",19.2361,4.3403,0.0688,0.0306,-0.0431,0.0178,-0.1042,0.0351,0.1102,0.0476,0.0415,-0.1249,0.0472,0.1185,-0.0803,0.1404,0.0277,0.0730,0.1072,-0.1643,-0.0282,0.0406,-0.0057,0.0258,0.0406,0.0986,0.2124,0.0771,-0.0196,-0.1301,-0.0444,-0.0399
"156,009=310,002",21.5199,33.3409,-0.2654,0.1255,0.1052,0.1123,0.1140,-0.1614,-0.3737,0.0328,-0.0695,0.1191,-0.0090,-0.3691,-0.0861,0.1736,-0.1421,0.0820,-0.1084,-0.0294,0.0555,0.2174,0.1304,-0.1423,-0.2504,-0.5022,-0.4665,-0.4772,0.0782,-0.1622,0.9646,-1.2090
"124,011",16.8828,8.5234,0.1054,0.1349,0.0989,0.0899,-0.0250,-0.0340,-0.0876,0.0087,0.0047,-0.0490,-0.0114,-0.3023,-0.0360,0.2741,0.0850,0.1752,-0.1015,0.0609,-0.1708,0.0622,0.0874,-0.1069,-0.0165,0.0481,-0.1118,0.1401,0.0301,-0.1386,-0.1019,0.2074
"392,024",-21.2003,-15.9226,-0.0121,-0.0077,-0.2237,0.0239,-0.1761,0.1928,0.0461,-0.0277,0.0727,-0.0288,-0.0041,0.1481,0.0909,-0.1517,-0.1785,0.1230,0.2042,0.0899,-0.0683,-0.0596,0.0237,-0.1068,0.0125,-0.0226,0.0436,-0.0290,0.0081,-0.0820,0.0692,-0.0176
"167,043",-11.0633,23.0471,-0.1513,0.1034,-0.0954,0.1303,-0.1008,0.0579,-0.0128,-0.0033,0.1605,0.0815,-0.1165,-0.0570,0.0456,-0.2477,-0.2615,0.1589,0.1527,-0.0662,-0.1226,-0.0398,-0.0690,-0.0265,0.0672,0.1388,-0.0852,-0.0160,0.0418,-0.0506,0.1556,0.1019
"242,051",-0.5149,59.9474,-0.1078,0.1887,0.0308,0.1834,-0.4777,-1.1545,0.3809,-0.6064,0.1293,-0.1517,0.0891,0.4069,0.0912,0.1039,0.0172,0.0374,0.0468,0.1545,0.0119,-0.0452,0.0615,0.0209,0.0912,0.0005,-0.0152,0.0091,0.0862,0.1321,-0.0800,-0.0277
"154,003",-17.9941,47.3428,0.1495,-0.0638,-0.0611,-0.1024,0.0602,-0.0181,0.2192,0.2525,-0.0717,-0.2183,0.1430,0.1011,-0.1845,0.3109,-0.3994,0.4159,-0.5783,-0.3384,0.6792,-0.2199,-0.2955,-0.2285,0.2014,0.0121,-0.0654,-0.2231,0.0330,0.0823,-0.0221,0.0121
"053,001",36.0041,1.8628,0.3980,0.0386,0.0861,-0.1695,-0.1589,0.0851,0.0121,-0.0346,0.0829,-0.0425,0.0693,-0.0538,0.0135,0.1909,0.1964,0.1641,0.0459,-0.3477,-0.4066,-0.0709,0.2783,-0.0344,0.3501,0.3709,0.3709,0.1822,-0.0226,-0.2834,0.1103,0.0783
"248,059",14.5794,-9.8473,0.2426,-0.1606,-0.1871,-0.1280,0.1113,-0.0620,0.0359,0.1374,-0.0272,0.0408,0.0256,-0.0395,-0.1629,0.1043,-0.0214,-0.1344,-0.1339,0.2022,0.0422,-0.1755,-0.0848,-0.0567,0.0762,0.0333,-0.0033,-0.0444,0.0734,0.0304,-0.0626,0.0062
"392,025",25.5174,7.2337,0.1187,0.1182,0.0424,0.0981,-0.1316,0.1431,0.0024,0.0365,0.0516,-0.0594,-0.0138,0.0434,0.0204,0.1141,0.0239,0.0960,-0.0542,-0.1817,-0.2580,0.0259,0.0898,0.0101,0.0062,0.1570,0.1123,0.0520,-0.0502,-0.1663,-0.0910,-0.0037
"356,005",16.8580,-3.9639,0.1006,0.0568,0.0706,-0.0120,0.0635,-0.0318,-0.0325,0.1251,0.0643,0.0313,-0.0016,-0.1951,-0.1014,0.1878,-0.0069,-0.0748,-0.0735,0.2006,-0.0606,-0.1539,-0.0368,-0.2390,0.0431,-0.0270,-0.0465,0.0367,0.0180,-0.0597,-0.1234,-0.0126
"041,001",-27.8052,-25.3158,0.1399,-0.1036,-0.3784,0.0114,-0.2540,0.2060,0.1165,0.0707,0.0187,-0.3559,-0.1313,0.1261,0.3250,-0.4023,-0.3323,0.0701,0.5872,0.0797,0.0601,-0.6087,0.1973,-0.2830,0.0108,-0.1115,0.0173,0.0833,0.6320,-0.1349,0.7097,0.1070
"262,003",5.6944,36.1330,-0.0653,0.1796,0.0327,0.1609,-0.1925,-0.0618,-0.0857,-0.1150,-0.0151,0.0838,-0.0530,-0.2491,-0.1470,0.3899,0.1957,-0.0249,0.2257,0.0032,0.2077,-0.0449,0.0080,-0.0651,-0.1521,-0.0935,-0.1232,0.0702,0.0443,0.0030,-0.2096,-0.1628
"225,009",11.0684,20.3472,-0.0790,0.0405,0.0230,-0.0326,0.2553,0.0612,-0.0462,-0.1139,0.0837,-0.0059,-0.1478,-0.2933,-0.0460,0.0363,-0.1451,0.0229,0.0637,0.3695,0.1880,0.0893,0.1415,0.2179,0.3294,0.1277,0.1169,0.2610,-0.0858,-0.0416,0.0117,-0.1286
"344,004",-0.8242,12.0765,-0.1115,0.0398,0.0158,0.0211,-0.0279,-0.1014,-0.0722,-0.0630,0.1425,-0.1116,-0.1210,0.0669,0.0091,-0.1389,-0.0095,-0.0733,0.0893,0.0519,0.0402,0.0741,-0.0896,0.0575,-0.0166,-0.0758,0.1860,-0.0092,-0.0326,-0.1196,-0.2009,-0.0037
"009,013",32.6568,-9.3232,0.1733,0.1566,0.1621,0.0483,0.0466,-0.0410,-0.1136,0.0558,0.1047,0.0976,0.0420,-0.3671,-0.1338,0.3448,0.0148,-0.0377,-0.0927,0.2432,-0.0946,-0.3059,-0.1276,-0.2644,0.1631,0.0643,0.2579,-0.1315,0.2625,-0.0959,0.0852,-0.3629
"005,002",12.9232,-2.3589,0.0917,0.0081,0.0380,-0.0863,0.0941,-0.0165,0.0782,0.1226,0.0619,-0.0243,0.0350,-0.0801,-0.1015,0.0607,0.0103,-0.0869,-0.0725,0.0852,-0.0112,-0.0466,0.0067,0.0392,0.0355,0.0873,0.0017,0.0142,0.0700,0.1243,-0.0285,0.0889
"437,020b",-17.5502,25.9518,-0.3628,0.0835,0.0382,0.1367,0.1849,0.0353,-0.0745,0.1284,0.1982,0.3737,-0.1447,0.0428,0.0601,-0.2314,-0.0297,-0.0916,-0.0478,-0.2276,-0.0546,-0.0307,-0.0311,-0.1772,-0.0514,-0.0031,-0.1031,-0.1123,-0.0021,0.0573,-0.1947,0.0727
"242,049",19.3061,42.5802,-0.0172,0.1622,-0.2403,0.1909,-0.6484,0.3310,0.0430,-0.3377,0.1131,-0.0029,-0.0751,0.1111,-0.1544,0.2575,0.0993,-0.2862,0.1226,-0.0866,0.0298,-0.1549,-0.2887,0.2625,0.0767,-0.2272,0.1511,-0.0758,-0.2274,-0.0410,0.0878,0.0884
"124,012",-6.9649,-11.8722,0.1458,-0.1741,-0.1841,-0.0884,-0.0052,0.0481,0.1640,0.2023,-0.0715,-0.1553,0.0952,0.1742,-0.0974,-0.0002,-0.0254,-0.0268,0.1423,0.1376,0.0441,-0.1762,-0.0207,-0.2034,0.1635,-0.0656,-0.1007,0.1981,0.2981,0.1583,0.1713,-0.1206
"355,009",-10.5489,27.1384,0.0450,0.0818,0.0797,0.1052,-0.0293,-0.0491,-0.1394,0.0431,-0.2828,-0.0456,0.1509,-0.0628,0.0540,0.1072,0.0904,0.0354,-0.0031,-0.1030,-0.1261,-0.0461,0.0423,-0.0011,-0.0024,0.0302,0.0479,0.0540,-0.0021,0.0047,-0.1034,-0.0069
"273,001b",30.1618,1.0139,0.2456,0.0083,0.0499,-0.1990,-0.1146,0.0312,-0.2347,-0.0961,0.1023,-0.0728,-0.0156,-0.0287,-0.0136,0.1148,0.0740,0.1663,0.0617,-0.0990,-0.2554,-0.1042,0.1961,-0.1715,0.3133,0.1936,0.2383,0.1176,0.0336,-0.0838,0.0959,0.1072
"242,052a",10.1487,13.5955,0.0280,0.0278,-0.0610,-0.0134,-0.1511,0.1003,-0.0766,0.0042,0.0403,-0.2013,-0.0234,0.0954,-0.0572,0.1657,0.0239,-0.0655,0.0202,-0.0944,-0.0510,-0.0301,-0.0965,0.1243,-0.1972,0.0745,0.0450,-0.0732,-0.0692,-0.0032,0.1650,-0.1136
"217,005",-27.3549,-6.9744,-0.0862,-0.1016,0.0156,-0.1460,0.1923,0.0097,0.1414,0.3551,0.0476,0.0214,0.1459,0.0637,-0.2340,-0.0616,0.0056,-0.3830,0.0621,0.1234,0.1785,-0.3364,-0.0876,0.5351,0.0422,0.2576,-0.1427,-0.0701,0.1260,0.6057,0.0561,-0.0503
"225,007",17.6743,0.0148,0.2396,0.0713,0.0891,-0.0502,-0.0039,0.0532,0.0932,0.0951,0.0878,-0.0506,0.0608,-0.0516,-0.1145,0.0924,0.0258,-0.0887,-0.0751,0.0632,-0.0386,-0.0691,-0.0065,0.0485,0.1811,0.1900,0.0521,-0.0179,0.0548,0.0906,0.0696,0.1063
"082,066",5.3823,-8.3322,0.0896,-0.1219,-0.0335,-0.1589,0.0401,0.0728,0.1553,0.2199,-0.0150,-0.2477,0.0560,-0.0685,0.0837,-0.0751,-0.0377,-0.0732,-0.1267,-0.0222,-0.0166,0.0157,0.0783,0.1410,-0.2723,0.0488,-0.1762,-0.0815,0.0654,0.2179,0.0977,-0.0964
"070,031",-0.9748,21.8121,-0.0685,0.0852,0.0406,0.0542,-0.0137,-0.0105,-0.0263,-0.0492,0.0216,0.0823,-0.0002,-0.0975,-0.1163,0.0417,0.0491,-0.0355,0.0772,-0.0024,0.0937,-0.0103,-0.0031,0.0512,-0.0353,-0.0567,0.0250,0.0488,0.0078,0.0832,-0.0193,0.0269
"259,001",-1.8574,-18.9468,0.2089,-0.1792,-0.0966,-0.2685,0.0240,0.0115,0.1567,0.1907,-0.1397,-0.1423,0.0150,0.1095,-0.0269,0.0660,-0.1052,0.0045,-0.1574,0.0148,0.0807,0.0235,0.0135,0.0912,0.0745,-0.0290,-0.1890,-0.1258,0.0895,-0.0037,0.0098,-0.1398
"364,030a",4.9833,-5.2219,0.0433,-0.0250,-0.0540,-0.0368,-0.0471,-0.0073,0.0991,0.0693,0.0395,-0.1306,0.0043,-0.0377,-0.0292,0.0016,0.0118,-0.0562,0.1775,-0.0177,-0.0010,0.0865,0.0924,-0.2423,0.0679,-0.0147,-0.0284,0.1008,0.2603,0.0248,0.1582,0.0277
"225,008",11.5069,-1.5048,0.0966,-0.0297,0.0352,-0.0363,0.0681,-0.0280,0.0272,0.0659,0.0609,-0.0056,0.0233,-0.0804,-0.0480,0.0211,0.0077,-0.0725,-0.0252,0.0732,-0.0059,-0.0709,-0.0314,-0.0565,0.0284,0.0166,0.0728,0.0028,0.0560,0.0220,-0.0500,0.0047
"074,011",-33.0387,-3.0388,-0.1384,-0.0769,-0.0113,-0.0853,0.2736,0.1316,0.1027,-0.2108,0.0171,-0.1140,-0.0099,0.1288,0.0056,0.0473,-0.0791,-0.0012,0.0609,-0.1659,-0.0517,-0.0704,0.1303,0.0309,-0.1315,-0.0311,0.1223,0.0960,0.1186,-0.0625,0.0755,-0.0532
"202,009",-14.5424,-0.0046,-0.1146,-0.1034,-0.0178,0.0489,0.0612,0.0224,0.0544,0.1866,-0.0858,0.0123,0.1458,0.1459,-0.0090,-0.0478,-0.0056,-0.0182,0.1003,-0.1039,-0.1415,0.0613,-0.0772,-0.0848,-0.0257,-0.1114,0.0850,0.2151,0.0135,0.0549,-0.3496,-0.2835
"437,021",-7.7064,-12.8225,-0.0353,-0.1117,-0.0319,-0.1858,0.1125,0.1069,0.1788,0.1319,-0.0025,-0.1562,0.1198,0.2023,0.0319,-0.0287,0.0058,-0.1140,0.0154,-0.1665,-0.1316,0.1184,0.0643,0.1495,-0.0790,-0.0769,0.0295,0.0313,0.0442,-0.1761,0.1834,-0.2565
"461,177",1.1676,42.5529,0.0646,0.0304,0.0880,0.0224,-0.0575,-0.3854,0.1227,-0.0332,0.0443,-0.0245,0.0450,-0.0036,-0.0360,0.1490,-0.0104,0.0704,-0.1913,0.0308,-0.1627,-0.0509,0.0743,-0.0394,0.1122,0.0868,0.0049,-0.0733,0.0256,0.1488,0.0004,-0.0156
"080,029",-14.0918,4.4783,-0.2278,0.0316,-0.0447,0.0452,-0.0286,0.1077,0.0091,0.1802,0.0550,0.1517,0.0610,0.2035,-0.0272,-0.2817,0.0256,-0.0427,-0.0979,-0.2532,-0.2907,-0.0123,-0.0703,-0.0365,0.1488,-0.1444,-0.0439,0.0290,-0.1489,0.0672,-0.0794,-0.3238
"106,017",-16.8997,29.6112,-0.2088,0.1149,0.0374,0.0957,0.0314,-0.0486,-0.1664,0.1545,0.1132,0.2094,-0.0936,-0.0666,0.0816,-0.0210,-0.0214,0.0481,0.0461,-0.1712,-0.1605,-0.0766,-0.1085,0.0056,0.0717,0.0494,-0.1227,0.0507,0.1583,-0.0808,0.1672,-0.0719
"282,016",-7.7007,15.1863,-0.1513,-0.0232,0.0307,0.0151,0.1147,0.0211,0.0173,-0.0018,0.0300,0.0625,-0.0139,-0.0310,-0.0406,0.0052,-0.0412,-0.0343,0.0800,-0.0211,0.0852,0.0883,0.0197,0.0005,0.0205,-0.0650,0.0051,0.0616,-0.0452,-0.0080,-0.0577,0.0319
"223,006",-15.7726,9.9000,-0.1567,-0.0121,-0.0717,-0.0232,0.0108,0.1429,0.0521,0.0431,0.0941,-0.0049,0.0054,0.0913,-0.0618,-0.1442,-0.0634,-0.0777,0.0181,0.0835,0.0801,0.0533,0.0790,0.0191,-0.1447,-0.1001,0.2362,-0.0418,0.0024,0.0197,0.0213,-0.0407
"080,030",-8.8206,-2.6596,-0.0891,-0.0782,-0.0791,-0.0391,-0.0148,0.1209,0.1107,0.1916,-0.0425,-0.1342,0.0977,0.2014,0.1330,-0.0163,-0.1090,-0.1786,-0.0124,0.0632,0.0406,0.0792,0.1466,-0.0799,-0.1296,-0.0906,0.0838,-0.1514,-0.0494,-0.0979,-0.0663,0.0594
"244,007",1.9957,48.7389,-0.0947,0.1658,0.1051,0.1791,-0.1866,-0.8268,0.2090,-0.3485,0.0459,-0.0157,0.0866,0.1473,-0.0037,0.2190,0.0601,0.0278,-0.0261,-0.0667,0.0317,-0.0007,0.0054,-0.0302,-0.0700,-0.0219,-0.0311,0.0013,0.0775,0.0715,-0.1248,0.0238
"241,001",-18.0904,2.8906,-0.1968,-0.1973,0.0390,0.0764,0.0671,0.1086,0.0156,0.1743,-0.2185,-0.0442,0.2502,0.2410,0.0223,-0.1190,-0.0972,-0.1370,0.1822,-0.3097,-0.1136,0.2971,-0.0482,-0.0973,-0.2972,-0.2040,0.6277,0.4207,-0.1542,0.0897,-1.3614,-0.9554
"233,003",21.2606,18.6455,0.1586,0.1603,-0.1176,0.1264,-0.3072,0.1872,0.0002,-0.1426,0.1658,-0.0505,-0.1077,-0.2393,0.0204,0.2840,-0.1607,0.2755,-0.0617,0.1162,-0.2880,0.0874,-0.1705,0.1234,0.0260,0.3266,0.1429,-0.2879,-0.3948,-0.2654,0.0528,-0.0105
"185,002=457,024",-9.1191,15.0524,-0.1308,0.0311,0.0163,-0.0002,0.0938,0.0110,0.0054,0.0579,0.0790,0.0564,-0.0694,-0.0481,0.0280,-0.0402,-0.0654,-0.0065,0.0141,0.0001,0.0331,0.0170,0.0977,0.1441,0.0290,0.0961,0.0105,0.0187,-0.0373,0.0931,0.0231,0.0560
"457,025",-10.5577,44.9472,-0.4513,0.1335,0.0401,0.1940,0.1704,-0.1434,-0.0580,0.2181,0.2282,0.4900,-0.0521,0.0729,0.0311,-0.5578,-0.2064,0.1258,0.3228,-0.4846,-0.3558,0.0068,-0.7895,-0.0622,0.2593,0.2080,-0.5188,-0.2665,-0.0718,-0.4110,-0.5071,0.1059
"366,022",-3.1248,29.0394,-0.2648,0.1211,0.0913,0.1276,0.1532,-0.1178,-0.0818,-0.1317,0.0421,0.2221,-0.0827,-0.2589,-0.0830,0.0437,-0.0406,-0.0173,0.0849,-0.1073,0.0488,0.0728,0.0860,0.0523,-0.0911,-0.0896,-0.1455,0.1023,0.0558,0.0822,0.0571,-0.1003
"457,026",-12.7905,5.7462,-0.1963,0.0545,0.0377,0.0921,0.0174,-0.1004,-0.0127,0.0891,-0.0305,0.1116,0.0740,-0.0369,-0.0092,-0.0085,-0.1019,0.0240,0.0765,-0.1632,0.0040,0.0827,-0.0847,0.0221,0.0156,0.0927,0.0428,0.1390,-0.0111,0.0143,-0.4488,-0.2504
"242,053",16.5034,45.2243,-0.0971,0.1860,-0.1918,0.2628,-0.6120,0.1920,0.0578,-0.3275,0.0255,-0.0730,-0.0792,0.0635,-0.1549,0.3453,0.0255,-0.3001,0.0874,-0.1866,0.3481,-0.1507,-0.3436,0.2098,-0.2066,-0.1392,-0.0136,0.0479,-0.0416,-0.0341,-0.0710,-0.0029
"392,026",8.4827,-20.4202,0.1474,0.0824,0.0495,-0.0229,-0.0780,-0.0428,0.0287,0.0128,0.0637,-0.0831,-0.0296,-0.2131,-0.0413,0.1435,0.0248,-0.0772,-0.0499,0.1501,-0.0581,0.0725,0.0869,0.1688,0.1794,0.1302,-0.1467,-0.0910,0.1052,-0.1194,-0.2762,0.1931
"009,014",22.7916,8.4624,0.1140,0.0862,0.0577,0.0305,0.0235,-0.0624,0.0499,0.0929,0.0835,-0.0380,-0.0049,-0.1443,-0.0630,0.1852,-0.0074,0.0312,-0.1442,-0.1159,-0.1399,0.0231,-0.0431,0.0208,-0.0834,0.1948,-0.0374,-0.0796,0.0501,0.1028,0.0247,0.1309
"240,007",15.2749,17.9118,0.0353,0.1041,-0.0566,0.0668,-0.0925,0.1304,-0.0177,-0.0883,0.1251,0.0067,-0.1470,-0.4027,0.0016,0.2219,-0.1491,0.2762,-0.0504,0.3109,-0.0539,0.2553,-0.0454,0.2677,0.0460,0.1530,0.1188,0.0143,-0.2155,-0.0593,-0.0031,0.0383
"225,010",9.6830,0.1393,0.0536,-0.0278,-0.0035,-0.0888,0.0345,-0.0219,0.0984,0.1046,0.0527,-0.1172,0.0519,-0.0371,-0.0353,0.1027,-0.1219,0.0821,-0.2097,-0.1293,-0.0101,0.0612,0.0737,-0.0043,-0.1705,0.1139,-0.1257,-0.0772,0.0034,0.0906,0.0174,0.0477
"082,067",10.1777,-0.6764,-0.0280,-0.0217,0.0231,-0.0530,0.0650,-0.0349,0.0360,0.1979,0.0840,-0.0120,0.0183,-0.1141,-0.1668,0.0606,-0.0964,-0.0622,-0.1472,0.0818,0.0037,-0.0915,0.1194,-0.0576,0.0251,0.0207,-0.0710,0.0058,0.1290,0.1119,-0.0083,-0.0663
"082,068",-2.9948,-4.4264,0.0021,-0.2297,0.0462,0.0067,0.0019,0.0281,-0.1136,0.0832,-0.1368,-0.2281,0.1179,0.0571,0.0407,-0.0217,-0.1589,0.0489,0.0814,0.0433,-0.0082,-0.1382,0.1149,-0.1289,-0.0743,0.0144,-0.0616,0.1327,0.0803,0.0438,-0.1265,-0.0052
"082,069",18.3912,1.2502,0.2139,-0.0203,-0.0090,-0.1349,0.0123,-0.0311,0.1370,0.1816,0.0578,-0.1401,0.0313,-0.1700,-0.0554,0.1645,0.0303,-0.0581,-0.2111,-0.0823,-0.1537,0.0859,0.1230,0.0773,-0.0700,0.2759,-0.1701,-0.1505,0.1367,0.1203,0.0070,0.1844
"364,031",-1.6484,16.5802,-0.0622,0.0503,0.0110,0.0346,0.0024,-0.0114,-0.0372,0.0217,0.0942,0.0516,-0.0030,-0.1016,-0.1519,0.0339,-0.0305,-0.1088,0.0819,0.1828,0.0906,-0.1102,-0.0517,-0.0687,-0.0750,-0.0239,0.0641,0.0507,-0.0103,0.1019,-0.0158,-0.0034
"461,180",0.8824,-2.2011,-0.0210,-0.0760,0.0177,-0.1336,0.1654,0.0032,0.1142,0.2118,0.0864,-0.1454,0.0894,0.0292,-0.1287,0.0461,-0.0263,-0.2886,-0.0654,0.0850,-0.0021,-0.0329,-0.0010,-0.0706,-0.1444,0.0821,0.0605,-0.0473,-0.0414,-0.0650,0.1116,0.0976
"076,013",9.4113,9.7733,-0.1522,0.0203,0.0142,0.0244,0.1075,0.0071,-0.0363,0.1971,0.1123,0.0750,-0.0687,0.0292,0.0602,0.1392,-0.0698,0.0490,-0.1081,-0.1645,-0.1351,0.1031,-0.0376,0.0902,-0.2715,0.0063,-0.0250,-0.1026,-0.0335,0.1060,0.0653,0.0090
"242,054",19.5504,38.0834,-0.0594,0.1427,-0.3038,0.2165,-0.5252,0.3480,0.0692,-0.0879,0.2208,0.0942,-0.2221,0.3042,0.3606,0.3504,0.0479,-0.1431,0.0216,0.0676,0.0762,-0.1049,-0.1665,0.0958,-0.0809,0.1139,0.1841,-0.0857,-0.1009,-0.1257,0.1299,0.0569
"266,009",-8.2182,-33.9105,0.4011,-0.1106,0.1502,-0.2266,-0.0842,-0.2850,0.4079,0.1930,-1.6119,0.6454,-2.2091,0.4161,-0.5478,-0.0678,-0.0206,-0.0717,0.0023,0.0685,-0.3079,-0.0259,0.0112,-0.1813,-0.1900,0.0650,0.1010,-0.0681,-0.0867,0.0165,0.0163,0.0802
"282,017",-12.3007,-15.9646,0.0247,-0.4008,0.0638,0.0547,0.0494,0.0103,0.0262,0.0088,-0.2949,0.0140,0.0039,0.0032,0.0547,-0.0063,-0.0685,0.0840,0.0392,0.0620,0.0527,-0.0707,0.1634,0.1561,0.1409,-0.0909,-0.0376,0.1366,0.1406,-0.0892,0.1375,0.0925
"106,018",-1.5099,-23.1074,-0.1498,0.0279,0.0098,-0.0113,0.0711,0.0025,-0.0263,0.1135,0.1380,0.1128,-0.1323,-0.0392,0.1397,-0.0539,-0.0864,-0.0602,0.1192,0.0641,0.1081,0.1907,0.1107,0.2598,0.1693,0.0103,-0.1290,0.0534,-0.0703,-0.2112,-0.1942,0.0809
"167,044a",7.5579,32.2534,-0.2238,0.1469,0.0834,0.1711,0.0404,-0.1230,-0.2180,-0.0097,-0.0184,0.1817,-0.0401,-0.2434,-0.0334,0.0956,0.0241,0.0353,-0.0053,-0.0740,-0.0126,0.0325,-0.0342,-0.0686,-0.1259,-0.2233,-0.1715,-0.1442,0.1161,-0.0125,0.1846,-0.2286
"082,070",10.9742,-11.9435,0.0605,-0.0222,0.0815,-0.1042,0.2302,0.0133,-0.0840,0.1130,0.0880,-0.2598,0.0145,0.0491,-0.0745,0.0604,-0.0013,-0.2064,-0.1132,0.1187,-0.0737,-0.0939,0.1061,-0.1466,-0.1267,0.0823,-0.1975,0.0804,-0.0316,-0.0757,-0.0611,0.2322
"074,012",7.7110,-14.3506,0.0214,-0.3545,0.0606,-0.0610,0.0846,0.0248,0.1288,0.2531,0.0630,-0.1388,0.1250,0.0969,-0.1243,-0.0292,0.0751,-0.1273,-0.0871,0.1419,-0.0183,0.0204,0.0621,-0.1552,-0.1681,-0.1179,-0.3199,0.2459,0.0132,-0.1093,-0.1460,0.1386
"225,011",13.2573,-15.5639,-0.0087,-0.0756,0.0423,-0.0759,0.1352,-0.0348,0.0741,0.2271,0.0967,-0.1804,0.0546,-0.0502,-0.1220,0.1239,-0.1218,-0.1403,-0.2282,0.0541,-0.0586,-0.0290,0.2672,-0.2761,-0.3579,-0.0754,-0.4507,0.2226,-0.1649,-0.1853,-0.1686,0.2986
"229,004",-4.9630,-0.6841,-0.0463,-0.0872,-0.1022,-0.0559,-0.0794,0.1802,0.1664,0.0628,-0.0467,-0.1268,0.0753,0.2450,0.0154,-0.0376,-0.0504,0.0066,0.1808,-0.0380,0.0203,0.3405,-0.1528,-0.0826,0.1477,-0.0767,-0.0123,0.0276,-0.0264,-0.0304,0.1043,-0.1365
"248,061",16.8224,-50.7757,1.2919,-0.3322,-2.4637,0.9098,1.0219,-0.5553,-0.4671,-0.0951,-0.1221,0.4098,0.0538,0.0464,-0.0710,-0.0350,0.1288,-0.1507,-0.0435,-0.0882,0.0903,0.0743,0.0052,0.0628,0.0189,-0.0380,-0.0209,0.0165,-0.1050,0.0030,-0.1221,-0.0787
"461,192a",-6.5484,-13.8164,0.0593,-0.2185,-0.0259,-0.0820,-0.0114,0.0311,0.1025,0.1401,-0.0057,-0.1548,0.0384,0.0732,0.0441,-0.0184,-0.1063,0.0827,-0.0805,-0.0368,-0.1284,0.1443,0.1821,0.0056,-0.0223,-0.0328,-0.1138,0.0700,0.1825,-0.0398,0.0726,-0.0900
"389,033",4.3484,-6.3054,0.0412,-0.0208,-0.0482,-0.1003,-0.0457,0.0827,0.1190,0.1098,0.0412,-0.1063,0.0392,-0.0727,-0.0109,0.0531,-0.0024,0.0148,-0.0065,0.0377,-0.0780,0.1769,-0.0537,0.1420,0.0096,0.0477,-0.0105,-0.0751,-0.0757,-0.0463,-0.0303,-0.0050
"457,026a",-15.2878,22.6254,-0.2913,0.0945,-0.0807,0.1346,-0.0396,0.1001,-0.0511,-0.0472,0.1474,0.0824,-0.0708,0.1467,-0.0451,-0.3531,0.0868,0.0790,-0.1154,0.0460,-0.0287,0.0271,-0.2534,-0.0074,0.2042,-0.0146,-0.1087,-0.0319,0.0840,-0.1460,-0.0713,0.0530
"174,009",8.5335,-3.0178,0.0805,-0.1759,0.0180,-0.2011,0.0683,-0.0543,0.0982,0.1440,0.0747,0.0116,0.1724,0.0797,-0.1386,0.0416,-0.0058,-0.1540,-0.0835,0.2367,-0.1078,-0.3226,-0.3360,-0.1276,-0.0564,0.0186,0.1708,0.1595,-0.3125,0.0796,0.1216,-0.1408
"461,187",25.9439,-22.3230,0.1164,-0.4049,0.1638,-0.0547,0.0605,-0.0871,-0.5460,0.0664,0.1567,-0.4163,-0.1156,0.2590,-0.0554,0.0815,-0.0898,0.0402,-0.0959,-0.1104,0.0178,-0.0785,-0.0619,-0.1035,-0.0112,0.0119,-0.0770,0.0340,0.0337,0.0853,-0.0513,0.0581
"293,035",-25.1321,-4.5117,-0.0186,-0.0561,-0.0330,-0.0454,-0.0061,0.1515,-0.0118,0.3636,0.1515,0.0204,-0.1104,0.2684,0.4986,0.2692,0.1528,0.0927,0.1109,0.2857,-0.0616,-0.1112,0.0397,0.0304,-0.0640,0.0862,0.0511,-0.0352,-0.3886,-0.3082,-0.0021,-0.1442
"457,027",-18.3559,-14.0184,-0.0559,0.0101,-0.1786,0.0454,-0.2615,0.2351,0.0589,0.0857,0.0595,-0.0340,-0.0365,0.1699,0.0801,-0.1383,0.0046,-0.0312,0.0738,0.0271,0.0598,-0.3357,0.0591,-0.1179,0.0498,0.0618,0.0358,-0.0069,0.2529,-0.0505,0.3362,0.0258
"095,002",2.5477,-30.0402,0.0497,-0.0571,0.0311,-0.2693,0.0127,-0.0543,0.0006,0.0488,0.0558,0.0469,0.0450,-0.0399,-0.0279,0.0283,0.0434,-0.2432,0.0803,0.0705,0.1876,0.1073,0.0923,0.3585,0.2398,0.0160,-0.1489,-0.2276,0.0698,-0.2302,-0.2393,0.0177
"457,028",-13.6741,2.6275,-0.0966,0.0173,0.0261,0.0049,0.0505,0.0066,0.0783,0.1519,-0.0223,0.0499,0.0549,0.0784,-0.1191,0.0170,0.0952,-0.0505,0.2088,-0.2187,-0.0429,0.0470,-0.0294,0.0509,-0.0354,-0.0899,0.0280,0.1092,0.0458,0.0207,-0.0677,-0.0492
"389,034",19.7272,-0.2505,0.1669,0.0769,-0.0719,0.0347,-0.1520,0.1407,-0.0009,-0.0554,-0.0069,-0.1431,0.0281,-0.1338,0.0896,0.1802,-0.4424,0.3923,0.2580,0.2229,-0.2896,-0.0064,0.1459,-0.3597,0.0742,0.0438,-0.0567,-0.1047,-0.0888,0.1864,-0.3929,-0.0318
"325,001",17.7497,-16.7367,0.2227,0.0265,0.0915,-0.0703,-0.0672,-0.0337,-0.0449,0.0456,-0.1477,-0.1488,-0.1527,0.0269,-0.1079,0.1863,0.1518,-0.2449,0.1423,-0.0689,-0.0055,0.3030,-0.0865,-0.3225,0.1594,0.0800,-0.1326,0.1485,0.1026,0.1695,-0.0985,0.0133
"097,007=364,034",3.1354,3.5421,0.0004,-0.1520,0.0762,-0.1363,0.0609,-0.0068,-0.2734,-0.0129,0.1037,-0.0703,-0.0379,0.0711,-0.0531,-0.0042,-0.1393,0.0590,0.0575,-0.0683,0.0194,0.0445,0.0542,-0.1486,-0.0436,-0.0514,-0.0502,0.1288,-0.0491,0.1150,-0.1268,0.0366
"097,007=364,032",3.2218,6.4057,0.0624,-0.0493,0.0570,-0.1472,-0.0158,0.0298,-0.2017,-0.0681,0.0575,0.0035,-0.0396,0.0122,-0.0637,0.0470,-0.0873,0.0368,0.1223,-0.0547,-0.0073,0.0838,0.0640,-0.2030,-0.0389,-0.0578,-0.0347,0.1492,-0.0612,0.1192,-0.1317,0.0755
"070,032=366,023",21.8156,-15.0275,-0.0415,0.1254,0.0114,0.0960,-0.2432,-0.1092,-0.0044,-0.1337,-0.0275,-0.0190,0.0485,-0.0845,-0.2000,0.4219,0.2347,-0.3476,0.2377,-0.1485,0.1558,0.2674,-0.0979,-0.2428,-0.1532,-0.0953,-0.2465,0.2827,0.1495,0.1941,-0.1942,0.0279
"070,032=366,023",21.5823,-15.5200,-0.0414,0.1254,0.0108,0.0960,-0.2431,-0.1078,-0.0046,-0.1333,-0.0267,-0.0189,0.0479,-0.0848,-0.1998,0.4205,0.2330,-0.3468,0.2374,-0.1468,0.1556,0.2645,-0.0976,-0.2410,-0.1531,-0.0942,-0.2443,0.2808,0.1484,0.1934,-0.1933,0.0284
"097,008=366,025",30.4527,-36.0135,-0.0371,0.0038,0.2049,-0.2388,0.2021,-0.2029,-1.6836,-0.1115,0.2227,-1.0829,-0.5832,0.5746,-0.0003,-0.1499,0.0206,0.1045,-0.0363,0.0437,0.0704,0.0170,-0.1299,0.1494,0.0183,0.0088,0.0053,0.0385,-0.1345,0.1184,-0.0738,0.0281
"097,008=366,025",31.1995,-35.7850,-0.0444,0.0121,0.2043,-0.2256,0.1974,-0.1954,-1.6602,-0.1222,0.2213,-1.0493,-0.5812,0.5617,-0.0001,-0.1546,0.0273,0.1054,-0.0392,0.0337,0.0733,0.0369,-0.1143,0.1516,0.0323,-0.0024,-0.0076,0.0541,-0.1381,0.1122,-0.0673,0.0169
"070,033",-28.6958,-22.5931,-0.0687,0.0959,-0.3092,0.1867,-0.4455,0.3031,-0.0178,-0.2445,0.0871,-0.1091,-0.1018,0.0901,0.0312,-0.0584,-0.3094,0.0228,0.4286,0.1879,0.0344,-0.1637,-0.0449,-0.0607,-0.0614,-0.1053,-0.0302,-0.0308,0.1268,-0.0315,0.1158,0.0957
"217,006",13.4871,-12.1020,0.0179,0.0229,0.0252,-0.0388,-0.0045,-0.0638,0.0317,0.1033,0.0316,-0.0938,-0.0106,-0.1817,-0.0965,0.1570,-0.0906,-0.0651,-0.0665,0.0856,0.0127,0.0741,0.0988,-0.3413,-0.1583,-0.0451,-0.3245,0.3384,-0.1696,-0.0437,-0.1231,0.1826
"167,045",-27.5748,-19.8190,-0.1427,0.0977,-0.1782,0.1577,-0.2435,-0.0447,-0.0003,-0.1190,0.1611,-0.0119,-0.1078,0.1431,0.1342,-0.2621,-0.3296,0.1603,0.3128,0.0626,-0.0400,-0.2158,0.0890,-0.1747,0.1185,0.0458,-0.0991,0.0027,0.2324,-0.0258,0.2778,0.0692
"167,046",1.7805,42.1391,0.1093,0.0907,0.1236,0.1120,-0.1450,-0.3529,0.0872,-0.1500,0.0653,-0.0288,0.0292,0.0149,-0.0102,0.2047,0.0190,0.0410,-0.0258,0.0309,-0.1393,-0.0239,-0.0068,0.0113,0.0640,0.0666,0.0081,0.0261,-0.1104,-0.0215,0.0199,0.0561
"282,018",-26.1224,-19.2332,-0.1436,0.0362,-0.1926,0.0890,-0.1355,0.1890,-0.0209,-0.1075,0.1209,-0.0403,-0.0758,0.0742,-0.0011,-0.1990,-0.3424,0.0495,0.4409,0.1467,0.0339,-0.0755,0.0825,-0.1030,0.0140,-0.0735,0.0300,0.0279,0.1076,-0.0532,0.1125,0.0808
"154,004",-6.1112,37.7637,0.0305,-0.0544,-0.0354,-0.1231,0.0082,-0.1363,0.1807,0.2184,0.1629,-0.0822,0.1487,0.0387,-0.1661,0.0037,-0.0144,-0.3029,-0.0907,0.3765,-0.0680,-0.3861,-0.5408,-0.1540,-0.2035,0.1435,0.1002,0.4024,-0.8316,-0.1317,0.4832,0.0631
"244,008",30.7481,9.7260,0.3079,0.1163,0.2849,0.0886,0.1666,0.0103,0.1690,0.0751,-0.3576,0.0880,-0.1348,0.2472,-0.0581,-0.1199,0.0234,-0.1236,0.0803,0.0379,0.1040,0.0876,0.0194,0.1037,-0.0779,-0.0434,0.0229,0.0521,-0.0343,0.1112,-0.1165,-0.1213
"371,002=149a,001",-6.4665,9.4768,-0.1092,-0.0052,0.0283,-0.0515,0.0927,-0.0078,0.0236,0.0864,0.0475,0.0563,0.0141,-0.1340,-0.0846,0.0081,-0.0477,-0.1353,0.0869,0.1470,0.1722,0.1238,0.0288,0.2209,0.1115,0.0161,0.1064,0.0657,-0.0680,-0.1003,-0.1595,-0.0733
"364,034",-45.5998,26.2139,-0.2885,0.1640,-0.2236,0.2991,-0.5390,0.4148,-0.0706,-0.2063,0.0608,0.0616,-0.0858,0.1967,-0.1380,-0.5569,0.2619,-0.3432,-0.9513,-0.0920,0.0226,-0.0529,0.5126,-0.2917,0.3752,0.0934,-0.0636,0.0416,-0.1085,0.0025,-0.0684,-0.2388
"009,015",-2.7236,46.6841,0.0395,0.0970,0.1158,0.0435,-0.0830,-0.5997,0.2566,-0.1091,0.0140,-0.0556,0.1186,0.1923,-0.0788,0.2173,-0.1535,0.2471,-0.2541,-0.1911,0.3104,-0.1189,-0.1168,-0.1611,0.1719,0.0641,0.0400,0.0141,0.0686,0.0413,-0.0388,-0.0033
"234,015",-0.0616,3.1928,-0.0924,-0.0141,0.0569,-0.0535,0.2738,-0.0079,-0.0085,0.0703,0.1220,-0.0758,-0.0131,-0.0480,-0.1268,0.0791,-0.0125,-0.1488,-0.0667,0.1666,-0.0595,-0.2838,-0.0673,-0.1443,-0.1124,0.0352,0.1260,0.1100,-0.0934,0.0675,0.0727,0.0791
"366,026",0.2552,51.9383,-0.2738,0.1692,0.1099,0.1854,-0.0890,-0.9785,0.1875,-0.2599,0.1354,0.1405,0.0701,0.2148,0.1104,-0.0730,-0.1124,0.0962,-0.0284,0.0260,-0.1053,-0.0210,-0.0658,0.0164,0.0504,0.0634,-0.1091,0.0782,-0.0943,0.0372,0.1523,-0.0961
"155,016",-17.4053,50.0322,-0.0836,-0.0197,-0.0264,-0.0337,0.0695,0.0869,0.2013,0.0517,-0.1356,-0.1536,0.0875,0.1496,-0.1218,0.2744,-0.5710,0.5382,-0.3658,-0.6030,0.9807,0.0052,-0.3405,-0.2625,0.1760,-0.1254,0.0303,0.0506,-0.1896,-0.2320,-0.0780,0.1507
"068,001",5.0311,-1.9338,0.0254,-0.0414,0.0517,-0.0759,0.0690,-0.0618,-0.0829,0.1217,0.0426,-0.1579,0.0241,0.0037,-0.0691,0.0945,-0.0574,-0.0078,-0.1152,-0.0557,-0.0597,0.0055,0.1186,-0.0524,-0.1522,0.0465,-0.0349,0.0478,0.0370,0.0040,-0.0035,0.0267
"356,006",27.7124,2.5466,0.1790,0.1578,0.0528,0.0609,-0.1272,0.0462,-0.0731,-0.0583,0.0917,0.0366,-0.0532,-0.2620,-0.0484,0.3260,-0.0127,0.1574,0.0147,-0.0144,-0.3496,0.1205,0.1425,-0.3103,0.1819,0.1132,0.1664,-0.0527,-0.0007,-0.0931,-0.1437,0.2245
"112,003",-13.1555,28.2351,-0.1669,0.0826,0.0183,0.0588,0.0174,-0.0348,-0.0561,0.0358,0.0806,0.2034,-0.0374,-0.0708,-0.0726,0.0223,-0.0085,0.1180,0.0435,-0.0340,0.1150,-0.0834,-0.2500,-0.0897,0.0594,-0.0640,-0.1288,0.0356,0.2141,-0.0525,0.0520,0.0006
"461,189",5.3381,20.0745,-0.1861,0.0293,0.0351,0.0325,0.1564,0.0054,-0.0130,0.0224,0.0427,0.0784,-0.1025,-0.1211,-0.0677,-0.0708,-0.0806,0.1066,0.1171,0.0358,0.1515,0.3019,0.2913,0.1675,0.0966,-0.0762,0.1188,0.2745,-0.0903,-0.0669,-0.0684,0.0242
"082,071",-2.9337,-18.1058,0.2189,-0.1538,-0.1403,-0.1711,0.0305,0.0020,0.2081,0.2596,-0.1130,-0.2405,0.1026,0.0827,-0.0040,0.0848,-0.1193,0.0295,-0.1290,0.0475,0.0685,0.0132,0.0551,0.0210,0.1200,-0.1336,-0.2641,-0.1198,0.0538,0.0065,-0.0778,-0.1327
"082,072",32.9067,1.6748,0.1741,-0.0767,0.0376,-0.0526,-0.0549,-0.1424,0.1445,0.0470,0.0466,-0.1240,0.0953,0.0179,-0.0214,0.1532,0.1487,0.0078,0.1231,-0.2555,-0.1404,0.0159,0.1850,0.0704,0.1513,0.2545,0.2502,0.1404,0.0036,-0.2731,0.0346,-0.0431
"461,191",-19.5908,24.3772,-0.2575,0.0619,0.0689,0.0389,0.1933,-0.0747,-0.1087,0.1215,0.1746,0.3585,-0.0853,-0.0965,0.0549,-0.0426,-0.1036,-0.0449,0.0386,-0.0220,-0.0250,-0.1393,-0.1763,-0.0715,-0.0110,0.0514,0.0110,0.0448,0.0078,0.1108,0.0103,-0.0470
"167,048",-9.7542,17.5797,-0.2008,0.0391,0.0178,0.1110,0.0703,-0.1757,0.1114,-0.1828,0.1175,0.0607,-0.0247,-0.0164,-0.0092,-0.0738,-0.1157,-0.0158,0.0430,0.0370,-0.1712,0.1495,-0.0955,-0.1013,0.0086,0.0389,0.0801,-0.0962,-0.1588,-0.0509,0.0202,-0.2014
"293,036",-21.5976,-4.8919,-0.1039,-0.0268,-0.0132,-0.0513,0.0328,0.0753,0.0997,0.1801,0.0068,0.1180,-0.0053,0.1266,-0.1841,-0.1902,0.0046,-0.1102,0.1565,-0.1528,0.1170,-0.3153,0.0383,0.3078,0.1573,0.1204,0.0065,0.2935,0.3870,0.2565,0.3430,-0.0039
"225,012",-17.6159,49.2414,0.1581,-0.0979,0.0323,-0.0983,0.0373,-0.0458,0.1805,0.1889,-0.1487,-0.2142,0.1292,0.2483,-0.1605,0.2836,-0.4095,0.4463,-0.4607,-0.5112,0.8191,-0.1683,-0.2780,-0.2348,0.1255,-0.0300,-0.0284,-0.0309,-0.0532,-0.0805,-0.0587,0.0900
"023,001",14.7089,14.4999,0.1557,0.1191,-0.1427,0.0901,-0.3626,0.1612,0.0465,-0.1852,0.0660,-0.1015,-0.0995,-0.0597,0.0135,0.0821,-0.1298,0.0183,0.1854,0.0830,-0.1436,-0.0506,0.0366,-0.0287,0.0557,0.1007,0.0047,-0.0811,-0.0053,-0.0292,-0.0865,0.1362
"070,035",9.9622,40.0146,-0.1578,0.1791,-0.0835,0.2301,-0.4028,0.0451,-0.1955,-0.2789,-0.0598,-0.0685,-0.0558,-0.0514,-0.0836,0.2417,0.0002,-0.2106,0.3424,-0.0356,0.1780,-0.0927,-0.0752,0.0946,-0.2205,-0.2754,-0.1709,-0.0132,0.0491,0.0013,-0.0525,-0.0629
"364,033",1.9182,26.0312,-0.1013,0.0768,0.0878,0.0037,0.0219,-0.0976,-0.4828,-0.0581,-0.0139,-0.1413,-0.0938,-0.0210,-0.0432,0.0858,0.0157,0.0019,-0.0163,-0.0299,-0.0129,0.0057,0.0041,-0.0407,-0.0905,-0.1815,-0.1022,-0.1005,0.0129,0.0196,0.1721,-0.2089
"258,001a=282,018a",31.6509,-32.4817,-0.0489,0.0046,0.2051,-0.2303,0.1680,-0.2169,-1.4078,-0.1050,0.0884,-0.7252,-0.3987,0.3549,0.0319,-0.0275,0.0245,-0.0151,-0.0650,-0.0721,0.0321,0.0007,-0.0938,0.0335,-0.1277,-0.1488,-0.0462,-0.1645,-0.0965,0.0698,0.1583,-0.2710
"349,004",-25.9777,-27.5239,-0.0612,-0.0001,-0.2215,0.0229,-0.2090,0.2130,0.0260,-0.0823,-0.0386,-0.1375,0.0134,0.0532,0.1164,-0.2664,-0.4697,0.2326,0.6931,0.2343,-0.0146,-0.2622,0.2606,-0.3847,0.0054,-0.0711,-0.1291,-0.0084,0.2289,0.2256,-0.0259,0.1407
"248,062",-18.7104,-30.8978,0.2525,-0.0600,-0.2291,-0.0050,-0.1742,0.2531,0.0718,-0.0350,-0.1776,-0.1671,0.1761,-0.0091,0.1686,-0.0200,-0.5301,0.3953,0.3075,0.4483,-0.4403,-0.1284,0.1475,-0.3756,0.0175,-0.1323,-0.0979,-0.1853,-0.1856,0.5968,-0.7136,-0.3683
"437,023",23.7457,7.5443,0.1638,0.0547,-0.0004,0.0015,0.0920,-0.0764,0.0124,0.0582,0.0861,0.0005,-0.0476,-0.2143,-0.0318,0.0771,0.0029,0.0079,-0.1191,-0.1558,-0.0829,-0.0136,0.0882,-0.0960,0.0061,0.0683,0.0418,0.0151,0.1081,0.1013,-0.0761,0.2187
"293,037",12.9341,9.2995,0.0169,-0.0326,-0.0423,-0.0341,-0.0794,0.0853,0.1246,0.1373,-0.0494,-0.0337,0.0640,0.0861,-0.0279,0.2498,-0.1075,0.2040,-0.3113,-0.2808,0.0359,0.0130,-0.1048,0.2497,-0.0757,0.1577,-0.0605,-0.1197,-0.0054,0.2713,0.3839,-0.1800
"404,007",32.7599,5.8181,0.5256,0.2844,0.3369,0.1716,0.0351,0.0775,-0.1261,-0.0288,0.1158,0.0010,-0.0030,-0.1524,-0.0141,0.2006,-0.0259,0.0242,-0.1003,-0.0153,-0.2107,-0.1368,0.0180,-0.1761,0.0742,0.1082,0.0382,0.0157,0.0750,-0.1123,-0.0737,0.0608
"235,002",5.2599,28.3683,0.0754,0.1155,0.0779,0.0459,-0.0982,-0.1443,-0.0531,-0.0581,0.0213,-0.0265,-0.0251,-0.1555,-0.1036,0.2942,0.1068,-0.0530,0.0166,-0.0162,-0.0512,0.0570,0.0222,0.0423,-0.0535,-0.1033,-0.1241,-0.0854,0.0412,0.0513,-0.1621,0.0760
"242,055",-27.7360,-22.2516,0.0785,0.0238,-0.4694,0.1567,-0.3736,0.2727,0.0572,-0.1276,0.0997,-0.1557,-0.0867,0.1646,0.0894,-0.0847,-0.2383,-0.0741,0.3666,0.1465,0.0493,-0.2995,-0.0666,-0.0835,-0.0290,-0.0289,0.0899,-0.0877,0.2304,-0.1141,0.3507,0.0635
"101,010",-15.8685,14.6255,-0.1702,0.0249,-0.0165,0.0059,0.1102,0.0662,-0.0447,0.0516,0.1657,0.0312,-0.0413,0.0146,-0.1210,-0.1857,-0.0735,0.0027,-0.0159,0.1118,0.0026,-0.0106,-0.0723,-0.0144,-0.0823,-0.0301,0.0758,-0.0196,-0.0187,0.0145,-0.0039,0.1234
"457,029",-9.0312,0.9143,-0.1360,-0.0666,-0.0154,-0.0229,0.1103,0.0233,0.0808,0.2347,0.0872,-0.0071,0.0904,0.0836,-0.0663,-0.1899,-0.0687,0.0102,0.0333,-0.0137,-0.1479,0.0486,-0.0074,-0.0562,-0.0979,-0.0512,-0.2217,-0.0034,-0.0477,-0.0389,-0.0834,-0.0849
"205,004a",9.5737,33.1024,-0.1284,0.1178,0.0633,0.1067,-0.0919,-0.1216,-0.2171,-0.0331,-0.2123,0.0447,0.0853,-0.2356,-0.0033,0.2479,0.0540,-0.0652,0.0098,-0.0266,0.0543,0.0548,0.0607,0.0820,-0.1213,-0.1974,-0.2630,-0.1962,0.0657,-0.0932,0.1594,-0.2865
"167,047=370,012",-26.7570,12.3504,-0.1055,0.0122,-0.0973,-0.0077,-0.0416,0.0664,0.1030,0.0319,0.1437,-0.1131,0.0158,0.0823,-0.0558,-0.2606,-0.3333,-0.0578,0.3106,-0.0714,-0.0353,-0.0062,0.3139,0.0491,-0.0482,0.1974,0.3912,-0.2663,-0.0165,-0.3523,-0.1263,0.1874
"167,047=370,012",-25.6269,11.6278,-0.0163,-0.0006,-0.1212,-0.0262,-0.0796,0.0813,0.1294,0.0284,0.1330,-0.1638,0.0318,0.0942,-0.0631,-0.1488,-0.2658,-0.0939,0.3652,-0.0851,-0.0378,-0.0835,0.3443,0.0110,-0.0402,0.2242,0.4242,-0.1518,0.0606,-0.2771,-0.0550,0.1600
"355,010",21.5849,15.2505,-0.0344,0.0409,0.0276,0.1636,-0.0844,0.0588,-0.0790,0.0205,-0.0724,0.0198,0.0240,-0.2319,0.0180,0.1509,-0.0355,0.2292,-0.1868,-0.0962,-0.2243,0.0803,-0.0945,0.2067,-0.2065,0.2704,-0.0720,-0.1644,-0.0534,0.1686,0.0902,0.1963
"026,001",-9.6374,-18.7815,0.1787,-0.2266,-0.1849,-0.0154,-0.1772,0.1828,0.0999,0.0306,-0.1301,-0.1144,-0.0230,-0.0111,0.0897,-0.0020,-0.2845,0.3084,-0.0676,0.2366,-0.0642,0.0395,0.1166,0.0731,0.1221,-0.0138,-0.2176,-0.0069,-0.0077,-0.0840,0.0508,-0.0084
"457,030",-34.8345,6.6939,-0.2431,0.0094,0.0403,-0.0085,0.2443,-0.0078,0.0710,0.2642,0.1982,0.2225,0.0424,-0.0320,-0.3412,-0.2887,-0.0679,-0.3003,0.1519,0.1345,0.2388,-0.4372,-0.0672,0.4285,0.0404,0.5273,0.2208,0.1498,-0.3888,0.6491,0.1872,0.1151
"242,056",13.8836,17.9948,0.0054,0.0771,-0.1639,0.0986,-0.2571,0.2023,0.1046,-0.0904,0.0601,-0.1074,-0.0474,0.0159,-0.0130,0.2604,-0.0829,0.0189,-0.0445,-0.1409,-0.0601,0.0086,-0.1106,0.2234,-0.2903,0.1114,-0.0309,-0.1643,-0.0765,0.0955,0.1506,-0.0162
"266,010",15.0612,-50.6598,1.4942,-0.3451,-2.8424,1.0727,1.2525,-0.6966,-0.5934,-0.1154,-0.0766,0.4976,0.1281,0.0194,-0.0214,-0.0655,0.2138,-0.2457,-0.0476,-0.3001,0.0993,0.1485,0.1096,0.0614,-0.0436,-0.0222,-0.0447,0.0866,-0.1875,-0.0697,-0.1046,0.0329
"437,024",-1.5125,-14.7135,0.0795,-0.0955,-0.0001,-0.1193,0.0119,-0.0963,0.1848,0.2113,-0.0051,-0.2100,0.1691,0.0999,-0.0688,0.0641,0.1799,-0.1064,0.0224,-0.0409,-0.0314,0.2159,0.0853,-0.0609,-0.0072,0.0314,-0.0321,-0.0445,0.0523,-0.0492,0.1367,-0.1525
"248,063",-0.5913,-10.0747,0.1617,-0.1772,-0.1910,-0.0791,0.1585,-0.0744,-0.0403,0.2627,0.0113,-0.1450,0.0880,0.1780,-0.1140,0.1156,-0.0782,-0.0333,-0.1600,-0.0993,0.0551,-0.0828,-0.1079,0.1311,-0.0057,-0.0539,-0.0044,-0.0422,0.0915,0.1609,0.0893,-0.1606
"047,008",-9.4798,19.7578,-0.1380,0.0741,0.0653,0.0615,0.1044,-0.0123,-0.0026,0.0639,0.0622,0.1390,0.0079,-0.0251,-0.1116,0.0064,0.0699,-0.0977,0.0803,-0.0929,0.0569,-0.0702,-0.0427,-0.0257,-0.0539,-0.0157,-0.0003,-0.0142,0.0551,0.1114,-0.0710,0.0065
"434a,051",25.4826,25.5287,0.0418,0.0050,0.0240,-0.1183,0.0295,-0.1705,-0.0932,-0.0952,-0.1650,0.3888,-0.3660,-0.1984,0.0256,-0.0458,0.0816,0.0173,-0.1688,-0.4845,-0.1944,0.1234,0.2778,-0.1672,-0.2278,-0.1451,0.0836,0.0222,-0.0366,0.3511,-0.0196,0.6335
"372,006",-20.8241,23.4132,-0.3863,0.0769,0.0171,0.1428,0.1418,0.0441,-0.1089,0.2716,0.2244,0.4657,-0.1903,0.2038,0.4471,-0.0657,-0.0306,-0.0431,0.0654,-0.1253,-0.0085,0.0201,-0.0954,-0.1484,-0.0031,-0.0666,-0.1235,-0.1661,-0.0258,-0.1504,-0.1737,-0.0533
"106,018a",-0.2529,55.5458,-0.0945,0.1288,0.1324,0.0859,-0.1606,-1.0801,0.2134,-0.4204,0.1631,-0.1629,0.0433,0.3501,0.0723,0.0924,-0.0209,0.1280,-0.0650,0.0246,-0.1298,-0.0441,0.1357,-0.0086,0.1182,0.1388,0.0797,0.1316,0.1771,-0.0169,0.0875,-0.1213
"236,005",-19.0360,31.0346,-0.3228,0.0904,0.0584,0.1198,0.1635,-0.1085,-0.0785,0.1262,0.1522,0.3361,-0.0285,-0.0649,-0.0888,-0.2127,-0.1095,-0.0562,0.1699,-0.1173,-0.0897,-0.0956,-0.4662,-0.0958,-0.0224,-0.0143,-0.1277,0.0037,-0.1078,-0.1230,-0.1182,-0.0473
"364,036",6.6014,27.9643,0.1744,0.1726,0.1542,0.1231,-0.0743,0.0179,-0.0155,-0.0583,-0.0025,0.0645,0.0495,-0.0146,-0.1151,0.1447,0.0794,-0.1711,0.1084,-0.0811,0.0636,-0.0533,-0.0703,0.0205,-0.0924,-0.0847,-0.0235,0.0763,0.0498,0.0569,-0.0416,-0.0367
"461,197",-36.5818,25.1644,-0.2623,0.0988,-0.1418,0.2184,-0.3102,0.2698,-0.0217,-0.1144,0.0735,0.0680,-0.0366,0.1902,-0.1658,-0.3802,0.3540,-0.0899,-0.5287,0.0754,0.0427,0.0290,0.1890,-0.1596,0.1357,-0.0950,0.0108,0.0943,0.0663,-0.0264,-0.1012,-0.0575
"080,031",-11.4761,-12.4093,-0.0352,-0.0778,-0.0069,-0.1091,0.0258,0.0082,0.1071,0.2947,-0.1530,-0.1466,0.2275,0.1852,-0.0192,0.0184,0.1104,-0.0545,0.0554,-0.1221,-0.2115,0.1822,0.0348,0.2579,-0.1115,-0.0963,-0.0172,0.1872,-0.0110,-0.0640,0.3562,-0.4219
"293,038",-9.1989,7.7201,-0.1435,0.0564,-0.0119,0.0318,-0.0430,0.0779,0.0239,0.1208,0.0752,0.1750,-0.0468,0.0525,-0.0776,-0.1217,0.0556,-0.0072,0.0093,-0.1760,0.0082,0.0180,0.0246,0.0501,0.0635,-0.0727,-0.0368,0.1143,-0.0132,-0.1163,-0.0094,0.0134
"293,039",-21.3781,-32.0746,0.0286,-0.0264,-0.2197,0.0159,-0.2209,0.3157,0.0720,-0.1682,-0.2296,-0.2350,0.1639,0.0618,0.2188,-0.0693,-0.6420,0.3485,0.5829,0.3577,-0.2979,-0.0474,0.2717,-0.4220,-0.0152,-0.0878,-0.2290,-0.0460,-0.1132,0.5090,-0.6083,-0.1922
"330,012",-14.3035,14.2865,-0.1992,0.0186,0.0469,0.0347,0.1476,-0.0469,-0.0199,0.0602,0.0920,0.1261,-0.0283,-0.0899,-0.1233,-0.1098,-0.0693,-0.0450,0.1145,-0.0368,0.0401,0.0946,0.1913,-0.0543,-0.0888,-0.1264,0.1599,0.1025,0.0700,0.0106,-0.0936,0.0600
"080,032",-40.4044,27.0423,-0.2051,0.0654,-0.2638,0.1892,-0.4479,0.4241,0.0334,-0.0418,0.1059,0.0104,-0.0570,0.3233,-0.0814,-0.5635,0.3093,-0.0435,-0.4787,0.0084,0.0823,-0.2238,0.4661,-0.3345,0.2907,0.1085,-0.0869,-0.0555,0.0564,-0.0029,0.1292,-0.1289
"124,013",-7.1166,8.4909,-0.1151,0.0101,-0.0272,0.0599,-0.0455,0.0435,0.0089,0.0919,-0.0535,0.0058,-0.0304,-0.0020,-0.0906,-0.0704,-0.1492,-0.0120,-0.0481,-0.1148,0.1539,-0.0356,0.1315,0.0066,0.0817,-0.0388,0.0254,0.4005,0.1698,-0.1221,0.2484,-0.1035
"070,036",8.2276,42.2900,-0.1549,0.2254,0.0317,0.2484,-0.2842,-0.1012,-0.1341,-0.2263,-0.0764,0.1042,-0.0498,-0.2225,-0.1466,0.4441,0.1687,-0.2520,0.2593,-0.2349,0.2557,-0.0228,-0.1087,0.1309,-0.4398,-0.2236,-0.2531,0.0802,0.1206,0.1384,-0.1334,0.0466
"349,006",-2.9607,16.4403,-0.1235,0.0344,0.0231,0.0043,0.0464,-0.0594,0.0188,0.1059,0.0965,0.1201,-0.0007,-0.0589,-0.2186,0.0121,0.0303,-0.1155,0.0425,0.0878,0.0568,-0.0966,-0.3113,-0.0922,-0.0715,-0.1430,0.0428,0.1288,-0.0163,0.0244,-0.1092,-0.0147
"029,015",-18.1866,-1.9746,-0.0534,-0.0402,-0.1617,0.0148,-0.1401,0.2497,0.1200,0.1311,-0.1471,-0.1155,0.2430,0.2619,0.0085,-0.1721,0.0616,0.1425,-0.0730,0.3621,-0.4672,0.1309,-0.2128,-0.3255,-0.0947,-0.3782,0.3033,0.1852,-0.1123,0.3680,-0.7321,-0.6181
"234,016",-16.4323,33.4707,-0.2994,0.1349,0.0825,0.1743,0.0608,-0.1024,-0.4124,0.0985,-0.2067,0.1053,0.0576,-0.1011,0.1029,-0.1253,0.0640,0.1463,-0.0246,-0.0761,-0.1187,-0.0626,-0.1685,0.0089,-0.0006,0.0149,-0.1676,-0.0620,0.0756,-0.0381,0.1727,-0.0572
"281,007",-15.1948,48.0688,-0.1059,0.0249,0.0272,0.0137,-0.0260,-0.1075,0.0667,0.0704,-0.1355,0.0570,0.0831,0.0624,-0.0772,0.1619,-0.3131,0.4156,-0.2538,-0.3890,0.6130,-0.0528,-0.2061,-0.1542,0.1326,-0.0622,-0.0190,0.1093,-0.0202,-0.1028,-0.0397,0.0935
"080,033",-1.4967,-8.9394,0.1023,-0.1175,-0.2244,-0.0814,0.0792,0.0057,0.1522,0.1785,0.0088,-0.0756,0.0990,0.1287,-0.0110,0.0245,0.0583,0.0069,-0.1036,-0.0128,-0.0913,0.1085,-0.0994,0.0885,-0.1934,-0.0500,-0.0186,-0.0321,-0.0559,-0.0074,0.1449,-0.1080
"181,001=156,001",-34.7028,16.6944,-0.2125,-0.3926,0.1616,0.0672,0.2713,-0.1244,0.1254,-0.0300,0.0373,-0.0336,0.1257,0.1624,-0.0150,-0.2371,-0.1889,-0.4625,-0.0611,-0.1568,-0.0784,0.2059,0.4375,-0.4687,-1.0426,-0.6593,1.2433,-1.2940,0.2386,-1.0188,0.1099,0.5845
"238,003=373,001",-2.4729,-0.7948,-0.0602,-0.0481,0.0029,-0.0723,0.0808,-0.0212,0.0699,0.1455,0.0679,-0.1031,0.0589,0.0106,-0.1175,0.0205,-0.0688,-0.1011,-0.0435,0.0187,-0.0114,0.0445,0.1728,-0.0934,-0.1208,-0.0924,-0.0544,0.0009,0.0211,-0.0163,0.0414,0.0420
"189,004",-12.0784,2.5585,-0.0560,-0.0550,0.0556,-0.1068,0.1258,-0.1648,0.1476,0.1000,0.0320,-0.1612,0.0936,0.1244,0.0020,-0.1085,-0.0074,-0.3089,0.1026,-0.0688,-0.0104,0.3213,0.0595,-0.0964,-0.0425,0.0296,0.2300,-0.1824,-0.0144,-0.0415,-0.0827,0.0696
"189,005=076,014",15.6493,-20.6284,0.2847,0.0594,0.0726,-0.0719,-0.0683,-0.0899,0.1395,0.0585,-0.0676,-0.1995,-0.2415,-0.4304,0.2397,-0.0060,0.1423,-0.0380,-0.0391,-0.2329,0.1865,-0.0085,-0.1027,-0.0703,-0.0342,-0.1481,0.1020,0.1016,-0.1274,-0.1005,-0.3236,0.0114
"189,005",14.7198,-16.0192,0.2141,0.0595,0.0789,-0.0749,-0.0978,-0.0219,0.0697,-0.0045,-0.0535,-0.0922,-0.1907,-0.2826,0.1267,0.0986,0.1362,-0.1260,0.0386,-0.0523,0.1469,0.0218,-0.0834,0.1520,-0.0508,-0.1311,0.0520,0.0283,-0.0663,-0.1499,-0.2450,-0.1219
"183,010",2.3035,4.6910,-0.0396,-0.0116,0.0275,0.0123,0.0142,-0.1090,0.0454,0.0973,-0.0089,-0.0041,0.0636,-0.0324,-0.1248,0.1074,0.0607,-0.0752,-0.0762,-0.0094,-0.0026,0.0615,0.0725,-0.1386,-0.0193,-0.1105,-0.0399,0.1006,0.0862,0.0490,-0.0516,-0.1199
"366,027",-24.2331,2.7007,-0.0136,0.0780,-0.0073,0.0966,0.0422,0.0090,-0.0086,0.0332,0.0697,0.0450,-0.0308,-0.1367,-0.1628,0.1270,0.2212,0.3014,-0.1908,0.1480,-0.1350,0.1123,-0.2149,-0.0202,-0.1040,-0.0570,-0.0306,0.0249,0.1969,0.0801,-0.0151,0.1511
"427,004",-7.8297,-15.6985,0.0386,-0.2338,-0.0835,-0.0842,-0.0471,0.1173,0.1771,0.2735,-0.0386,-0.1853,0.0462,0.2634,0.1731,-0.0127,-0.0373,-0.1462,0.0183,0.1102,0.0068,-0.1086,0.2382,0.0115,-0.0481,-0.1839,-0.1343,-0.0312,0.1487,-0.2159,0.1644,-0.0094
"009,017",13.9723,-22.6020,-0.0793,-0.0155,0.0028,-0.0507,0.1096,0.1293,0.1893,0.0653,-0.0934,-0.1989,0.1218,0.1115,0.0098,0.1444,0.1005,-0.6208,0.3555,-0.1527,0.0516,1.0204,-0.3351,-0.8088,0.4940,0.3183,0.0046,-0.1744,-0.1272,0.2452,0.5078,0.1838
"366,027a",-2.9321,25.9956,-0.0754,0.1038,0.0657,0.0947,0.0222,-0.0512,-0.0924,0.0425,0.0434,0.0987,-0.0297,-0.1175,-0.0431,0.1061,-0.0130,0.1038,-0.0447,-0.1700,-0.1401,0.0214,-0.0270,-0.0217,-0.0312,0.0139,-0.0792,0.0161,0.0472,-0.0279,0.0432,-0.0179
"106,019",0.7381,-25.6612,-0.0906,0.0299,0.0474,-0.0328,0.0913,-0.0908,0.0084,0.0924,0.0864,0.0656,-0.0460,-0.1149,-0.0581,-0.0128,-0.0379,-0.1497,0.0503,0.0381,0.1166,0.1397,0.1548,0.2871,0.1146,0.0515,-0.1109,-0.0480,0.0270,-0.1351,-0.1565,0.0995
"461,195",32.8315,9.0131,0.4926,0.2276,0.3454,0.1020,0.1291,0.0376,-0.1562,-0.0273,0.1301,0.0156,-0.0045,-0.0307,-0.0303,0.0132,-0.0619,-0.0060,-0.0685,-0.0398,-0.1206,-0.0770,0.0739,-0.0549,0.0240,0.1271,0.0026,0.0695,0.0192,0.0889,-0.0454,0.1568
"230,003",6.9401,28.6497,0.1112,0.1662,0.1439,0.1341,-0.0732,-0.0291,0.0091,-0.0907,0.0389,0.0126,-0.0273,-0.0573,-0.0639,0.2321,0.0389,-0.0868,0.1324,-0.2489,0.0073,0.0070,0.1382,0.1608,-0.1240,0.0447,-0.0621,0.1470,0.0883,-0.0629,-0.1182,0.0811
"355,012",51.4026,5.8470,1.7051,0.9260,1.3306,0.8698,0.4811,0.4540,0.0902,-0.2262,0.0266,0.2948,0.3414,0.6590,0.2185,-0.6765,-0.1236,-0.1736,0.0407,0.1419,0.3682,0.1363,-0.0607,0.1413,-0.2712,-0.1713,-0.2013,-0.0018,-0.0724,0.1064,0.1130,-0.0838
"349,005",-6.8769,18.5694,-0.1394,-0.0177,0.0467,-0.0887,0.1108,-0.1046,0.0123,-0.0936,0.0561,0.1326,0.0106,-0.0956,-0.0901,-0.0422,-0.0818,0.0444,-0.0038,-0.0311,0.2699,-0.0252,-0.1073,-0.0382,-0.0362,-0.0859,0.0535,0.1136,-0.0574,0.0181,-0.0204,-0.0431
"236,005a",-25.5100,6.4671,-0.2730,-0.0454,0.0227,-0.0353,0.3904,0.1061,0.1884,-0.0643,-0.0214,0.0102,-0.0095,0.1318,-0.0306,-0.1047,-0.0577,-0.0633,0.1077,-0.1080,0.0685,-0.0699,0.0543,0.1572,0.0303,0.0150,0.1381,0.1011,-0.0017,0.1435,-0.0457,0.0347
"461,196",25.7441,2.7652,0.3081,0.0848,0.1340,-0.0515,0.0671,-0.0509,-0.1165,0.0785,0.0676,-0.0528,-0.0955,-0.1956,-0.1118,0.2051,-0.0240,0.0369,-0.2036,0.0146,-0.1606,-0.1333,0.0351,-0.1974,0.0535,0.1858,0.0196,-0.0731,0.1892,0.1075,-0.0654,0.1156
"364,037",-1.5360,22.9423,-0.0361,0.0461,0.0167,-0.0007,-0.0181,0.0158,-0.0345,0.0495,0.1018,-0.0131,-0.0045,-0.0572,-0.2318,0.1437,0.0990,-0.2370,0.1020,0.0137,0.0897,0.0027,-0.0612,-0.0271,-0.1531,0.0496,0.1156,0.0726,0.1137,0.2996,-0.0301,-0.0248
"364,038",0.5298,12.0089,0.0303,-0.0113,-0.1332,-0.0589,-0.1177,0.0279,0.1293,0.0550,0.1087,0.0005,0.0797,0.1059,-0.0406,0.0062,0.0723,-0.1499,0.0176,0.2347,-0.0628,-0.0435,-0.3971,-0.0107,-0.2817,-0.0797,-0.0173,0.2304,-0.5447,-0.2782,0.2933,0.0241
"355,013",27.5408,3.0344,0.2795,0.0789,-0.0488,-0.0011,-0.1126,0.0531,-0.0121,-0.0286,0.1124,-0.0579,-0.0331,-0.2522,-0.0348,0.2123,-0.1374,0.1451,0.0507,0.0818,-0.2578,-0.0476,0.0550,-0.2612,0.1472,0.2407,-0.0334,-0.0888,0.1655,0.0112,-0.0027,0.2042
"202,010",-33.2038,26.6755,-0.1641,0.1319,-0.1283,0.2209,-0.3432,0.2414,-0.0826,-0.0910,-0.0180,0.0732,-0.0032,0.0876,-0.0399,-0.2050,0.2576,-0.1005,-0.3059,0.0183,0.0009,-0.1169,0.0823,-0.1349,0.1318,0.0136,-0.0259,0.0083,0.0700,-0.0951,0.0282,0.0031
"355,014",-7.0733,4.2315,-0.1020,0.0042,-0.0642,-0.0071,-0.0247,0.1187,0.0821,0.0494,0.0874,-0.0124,0.0078,0.0687,-0.0596,-0.0715,0.0293,0.0290,0.1422,-0.0329,-0.0461,0.1136,-0.0669,-0.0019,0.0123,-0.0901,-0.0323,0.0121,0.0556,-0.0800,-0.0172,-0.0162
"262,004",-18.7245,-16.9825,-0.0300,0.0567,-0.0955,0.0749,-0.1058,0.0226,0.0396,0.0811,0.1415,-0.0777,-0.0077,0.0757,-0.2129,-0.2317,0.5256,0.5090,0.5915,0.0550,0.2073,-0.3476,0.3826,-0.4361,0.0476,0.1632,-0.1542,-0.2605,0.0266,0.0878,0.0602,0.0658
"434,009b",-2.9390,-42.7993,0.2074,-0.1469,-0.1658,-0.5227,-0.1814,0.2171,-0.1221,-0.4232,0.0471,0.3490,0.1753,0.0432,0.1077,-0.1622,-0.0985,0.3347,-0.0507,0.0502,-0.1093,0.1423,-0.0553,-0.1077,-0.1572,-0.0500,0.0430,0.0430,-0.0991,0.0347,0.0710,0.0364
"074,014",3.4488,4.6557,-0.0018,-0.0259,0.0723,0.0222,-0.0057,-0.0842,-0.1585,0.1165,0.0153,-0.0945,0.0160,0.0607,0.0201,0.1055,-0.0581,0.0336,-0.0167,-0.1534,-0.1043,-0.1059,-0.0719,-0.0133,0.1067,0.1097,-0.1608,0.0289,0.2287,0.0303,0.0973,0.0799
"246,046",3.1340,-1.2305,0.1398,-0.0349,0.0487,-0.1269,-0.0394,-0.0203,-0.0266,0.0976,-0.0517,-0.0411,-0.0175,0.0575,-0.0597,0.1696,-0.0389,0.0092,-0.1034,-0.1652,-0.0767,-0.0754,-0.0861,0.0669,0.0715,-0.0196,-0.0208,0.0661,0.0365,-0.0184,0.1065,-0.0422
"076,015",8.7039,0.4121,0.0016,-0.0271,-0.0336,-0.0847,0.0265,0.0861,0.1699,0.1787,0.0422,-0.1049,0.0284,0.0785,-0.0065,0.0856,0.0129,-0.0529,-0.2211,-0.1556,-0.2183,0.0606,0.0545,0.1151,-0.1307,0.1845,0.0373,-0.0957,0.0492,0.0739,0.2355,-0.1760
"124,014",-15.0298,21.1238,-0.2284,0.0482,0.0549,0.0795,0.1462,-0.1865,0.0142,0.0151,0.1110,0.1539,-0.0738,-0.0578,-0.0414,-0.1109,-0.0809,-0.0030,-0.0201,-0.1455,-0.0747,0.0366,0.1479,-0.0000,-0.0535,0.0361,0.0115,0.0261,0.0655,0.0248,-0.0323,0.1785
"074,013",-19.4304,10.7154,-0.1445,-0.0368,0.0420,-0.0904,0.2876,0.0399,-0.0537,-0.0363,0.1340,0.0162,-0.0198,-0.0396,-0.1569,-0.0453,-0.0643,-0.1112,0.0053,0.0906,0.0575,-0.1807,0.0621,-0.1620,-0.1981,-0.0233,0.1715,0.0019,0.0808,0.0852,-0.0234,0.0793
"009,018",-18.2524,29.3280,-0.2188,0.0205,0.0263,0.0276,0.1340,0.0149,0.0090,0.1350,0.1096,0.1716,0.0236,0.0719,-0.0404,-0.2902,0.0002,0.0611,0.1627,-0.2796,-0.1698,-0.0340,-0.2366,-0.0357,0.1878,0.0103,-0.2039,-0.1479,-0.1107,-0.1077,-0.1678,0.0668
"437,025",-9.6319,14.3179,-0.2079,0.0091,-0.0212,0.0610,0.0714,0.0300,0.0633,0.0335,0.0371,0.0262,0.0565,0.0195,-0.0578,-0.1208,-0.1238,-0.1071,0.1035,0.0285,-0.2152,0.2674,-0.1617,-0.2292,-0.0848,-0.0278,0.1920,-0.1212,-0.1958,0.0517,0.0097,-0.2559
"437,026",-9.7239,35.9964,0.0189,-0.0435,-0.0631,-0.0724,-0.0325,0.1268,0.1689,0.1804,-0.0468,-0.1634,0.1060,0.1302,0.0174,0.1206,-0.2500,0.1998,-0.0874,-0.2766,0.2365,0.2016,-0.1297,-0.0848,0.1220,0.0420,-0.0199,-0.0535,-0.0695,-0.1338,0.0665,0.0861
"434a,049",3.2686,-47.3498,0.2880,-0.1536,0.0336,-0.8112,-0.1266,0.0294,-0.2885,-0.4598,0.0210,0.6521,0.1906,-0.1331,0.0409,-0.0051,0.0555,0.0210,-0.0108,0.0157,0.0531,-0.0306,0.0092,-0.0554,0.0706,0.0008,0.0469,0.0957,-0.0196,-0.0478,0.0208,-0.0084
"248,065",-10.7074,-14.8575,0.1681,-0.0324,-0.2367,-0.0271,-0.2163,0.1894,0.1261,-0.0376,0.0136,-0.1510,-0.0350,-0.0472,0.1158,-0.0370,-0.2101,0.2653,0.0276,0.1475,-0.1640,0.1611,0.1005,0.1546,-0.0092,-0.0352,-0.0971,-0.0825,-0.1092,0.0480,0.1111,0.0735
"434a,050",-0.6563,14.7387,0.0159,-0.0337,0.0338,-0.1710,-0.0563,-0.0343,-0.0369,-0.0459,-0.0496,0.2177,0.0325,-0.0446,-0.0706,0.1134,-0.1536,0.1673,-0.0354,-0.1821,0.3503,-0.0513,-0.1211,-0.0054,0.1264,-0.0601,-0.1299,0.0141,0.0696,-0.1115,-0.0657,0.0771
"009,016",24.8335,15.0311,0.0550,0.0522,-0.0336,-0.0073,-0.0290,0.0921,0.0480,0.0439,0.0655,-0.1622,-0.1274,-0.3447,0.0447,0.0471,-0.1704,0.1494,-0.2003,0.0280,-0.1088,0.0350,0.0506,0.0958,-0.2145,0.2675,-0.0706,-0.1921,-0.1077,0.4955,-0.0404,-0.0454
"216,002",-16.7758,-24.6789,-0.0093,0.0093,-0.0472,-0.0192,-0.1212,0.0635,0.1278,0.1401,0.0335,-0.0767,0.1011,0.1318,-0.4270,0.0639,1.0769,0.6877,0.6669,-0.0423,0.4331,-0.2414,0.6162,-0.2075,-0.3055,0.3419,-0.1796,-0.3465,-0.4913,-0.2442,-0.0208,-0.3300
"244,009",41.4626,10.7863,0.9321,0.5032,0.6677,0.3893,0.1868,0.1956,0.0011,-0.1043,0.0872,0.0997,0.1027,0.0160,0.1403,-0.1531,-0.0326,-0.0796,-0.0310,0.1234,0.0860,0.0088,-0.0390,0.0065,-0.0162,-0.0379,-0.0479,-0.0807,-0.0253,-0.0063,-0.0406,-0.0710
"366,028",-0.8487,-16.2578,0.1082,-0.1481,-0.1542,-0.1054,0.0581,0.0408,0.1706,0.3366,-0.0029,-0.2227,0.1523,0.1517,0.0267,0.0622,-0.0116,-0.0735,-0.1091,0.0223,-0.1286,0.1193,0.1725,0.0212,-0.1982,-0.0996,-0.2992,-0.0872,-0.0057,-0.0912,0.2182,-0.1410
"132,010",-4.6268,24.8225,0.0773,0.0874,0.0753,0.0669,0.0192,-0.0172,-0.1598,0.0063,-0.2290,-0.0305,0.0534,-0.2493,0.0884,0.0498,0.0025,0.0782,-0.0655,0.1431,0.0043,-0.0125,0.0573,-0.0234,0.0083,0.0188,0.0250,-0.0127,-0.0231,-0.0582,0.0015,0.0096
"450,007",5.8005,-3.3339,0.0767,-0.0634,-0.0234,-0.0820,0.0824,-0.0103,0.0092,0.0881,0.0568,-0.1029,0.0160,-0.0099,-0.0618,0.0085,0.0033,-0.0533,-0.0484,0.0350,0.0261,-0.0361,-0.0257,-0.0512,-0.0212,0.0288,0.0135,-0.0299,0.0353,0.0325,-0.0240,-0.0028
"010,043",4.6904,-25.1793,0.0853,-0.0416,0.0445,-0.0773,-0.0140,-0.0804,0.0260,0.0959,0.0602,-0.1170,-0.0101,-0.0379,-0.0224,0.1026,-0.0102,-0.0821,-0.0504,0.0741,-0.0307,0.1088,0.0843,0.3081,0.1574,0.1013,-0.1911,-0.1847,-0.0205,-0.2537,-0.1340,0.0550
"293,040",11.5213,-7.8759,0.1673,-0.2114,-0.0506,-0.0951,-0.0391,0.0967,0.1103,0.1057,0.0157,-0.0674,0.1259,0.0217,-0.0370,0.0445,-0.0673,0.0824,-0.0043,0.2795,-0.0166,-0.2459,0.0122,-0.1724,0.1271,-0.1278,0.0296,-0.1789,0.1354,0.0450,0.1366,0.0110
"434,009c",-1.8737,-45.7115,0.2148,-0.1620,-0.0525,-0.7887,-0.1848,0.0878,-0.2265,-0.4780,0.0941,0.5794,0.2014,0.0239,0.1749,-0.2220,0.0472,0.0881,0.0390,-0.0572,-0.0011,0.0443,-0.1376,-0.1338,-0.0758,-0.0521,-0.0539,0.0743,-0.1858,-0.0743,0.0092,0.0256
"112,003a",13.0577,-0.5191,0.1382,0.0197,-0.0288,-0.0861,-0.0820,0.1131,0.0276,0.0090,0.0874,0.0066,0.0387,-0.0735,-0.0414,0.0557,0.0357,0.0809,-0.0550,0.1406,-0.1229,-0.0999,-0.0535,-0.1227,0.0795,0.0109,0.1684,-0.0210,0.1001,0.0034,0.0464,-0.0446
"330,014",-6.2189,-11.9322,0.0863,-0.1242,-0.0277,-0.2565,0.0039,0.0266,0.2031,0.1459,0.0322,-0.1436,0.1776,0.1371,-0.0503,0.0090,0.0745,-0.1260,0.1241,-0.1685,-0.1125,0.1661,0.1888,0.0691,-0.1115,0.0504,0.1689,0.0003,0.0588,-0.1213,0.0158,-0.1942
"330,015",29.7399,-3.4122,0.2908,0.1695,0.1096,0.0619,-0.0420,-0.0083,-0.1022,-0.0065,0.0844,-0.0598,-0.0231,-0.3652,-0.0620,0.3353,-0.0406,0.0406,-0.0614,0.2598,-0.1759,-0.1349,-0.0203,-0.2156,0.2620,0.1539,0.1024,-0.1555,0.1375,-0.0464,-0.2387,0.0470
"293,041",-28.2058,-0.9098,0.0789,0.0035,-0.1483,0.0520,0.0877,0.0559,0.0491,0.0210,0.0785,-0.0024,0.0349,-0.0076,-0.1840,-0.0047,0.4485,0.4750,-0.2165,0.4604,-0.1338,0.1295,-0.3195,0.0066,0.0926,-0.2398,0.1388,0.1265,0.4307,0.0933,-0.0285,0.2176
"071,003",40.5683,1.9571,0.4672,0.1822,0.1432,0.0778,-0.1348,0.1469,0.1148,0.0282,0.1441,-0.1475,0.0740,0.0609,-0.0199,0.3161,0.1920,0.2730,0.1845,-0.5627,-0.5195,-0.0949,0.3436,0.0522,0.1386,0.5273,0.5242,0.2447,-0.0781,-0.4310,0.0773,-0.0018
"132,011",20.9053,11.0746,0.2664,0.0443,-0.4211,0.2096,0.1294,-0.1083,-0.0849,-0.0010,0.0562,0.0863,0.0043,-0.2135,-0.0961,0.3056,0.0239,0.0500,-0.1801,-0.1792,-0.1265,0.1474,-0.0410,0.0555,-0.1793,0.1672,-0.0710,-0.1150,-0.0715,0.1110,0.0491,0.0793
"183,011",-1.6727,10.0923,0.0072,0.0613,-0.0791,0.0848,-0.0701,0.0832,-0.0301,0.0032,0.0991,-0.0548,-0.0645,-0.1152,-0.0739,0.0351,0.1204,0.2214,0.0624,0.0987,-0.0348,-0.0033,-0.0276,-0.0970,-0.1328,-0.0081,-0.0262,-0.0503,0.1194,0.1150,-0.0512,0.1483
"156,011",-32.2549,16.4977,-0.1870,-0.1702,0.0587,0.0068,0.1816,-0.0472,0.0649,0.0769,-0.0325,0.0036,0.0949,0.1145,-0.0240,-0.1954,-0.1202,-0.2286,0.0458,-0.0071,0.0089,0.1579,0.1890,-0.2037,-0.4309,-0.3411,0.6468,-0.4428,0.1010,-0.3556,-0.0494,0.1653
"080,034",-20.0630,-0.7056,-0.1678,-0.0734,0.0135,-0.0603,0.1336,0.0168,0.1112,0.3587,-0.0247,0.0658,0.1421,0.2012,-0.0997,-0.2059,0.0983,-0.1066,0.1807,-0.1777,-0.1411,0.0846,-0.0010,0.1441,0.0286,-0.1805,-0.0028,0.1671,0.2041,0.1627,-0.1749,-0.0853
"262,005",-34.5614,-8.5401,-0.3395,0.0586,-0.0704,0.0931,0.0112,0.2012,-0.0849,0.9040,0.5526,1.0054,-0.6772,1.0348,2.2796,1.2059,0.4150,0.0010,-0.0950,0.3381,0.4039,-0.1513,0.2983,-0.1254,-0.0461,0.0104,0.1132,-0.0182,-0.0476,0.2398,0.0232,0.1181
"437,027",-0.0991,15.6857,-0.1994,0.0681,0.0063,0.0862,0.1950,0.1244,-0.0517,-0.1884,0.0379,0.0765,-0.0949,-0.1972,-0.0502,-0.1292,0.1719,0.4212,-0.1242,0.4657,0.1156,0.3599,0.0028,0.1366,0.1534,-0.1708,0.1797,0.3487,0.0295,-0.1195,0.0141,0.0593
"437,028",-18.9698,-18.4360,-0.1519,0.0281,-0.0198,0.0102,0.1354,0.0927,0.0672,0.2230,0.2092,-0.0268,0.0235,0.1870,-0.5190,-0.3554,1.4009,1.0224,0.4876,0.3355,0.4205,0.0240,0.2105,-0.2226,-0.1054,0.0685,-0.1675,-0.3467,-0.0508,0.1214,0.0446,0.1823
"282,020",-6.7451,2.0371,-0.0459,-0.0624,-0.0912,-0.0924,0.0829,0.0879,0.0560,0.0423,0.0174,-0.0474,0.0182,0.1131,0.0774,-0.0306,0.0070,-0.0029,0.0352,0.0670,0.0190,0.0862,0.0762,-0.0726,-0.0464,-0.0520,0.0217,-0.0429,0.0332,0.0167,0.0089,0.1085
"112,004",2.5240,22.7096,-0.1431,0.1359,-0.0353,0.1313,-0.1473,0.0834,-0.0430,-0.0544,0.0981,0.1217,-0.1061,-0.2066,-0.1103,0.0641,-0.0980,0.1204,-0.0001,-0.0548,0.1502,0.2832,0.0497,0.0698,-0.1406,-0.1586,0.0809,0.1251,-0.2632,-0.1924,-0.0365,0.1279
"461,201",-7.7130,11.4670,-0.1103,-0.0261,-0.0073,-0.0796,0.0374,0.0194,0.0094,0.0193,0.0509,0.0836,-0.0209,0.0642,-0.0419,-0.0352,-0.0471,0.0151,0.0065,0.0554,0.0695,0.1980,0.0094,0.1426,-0.0782,-0.1684,0.1857,0.0684,-0.0075,-0.0102,-0.0277,-0.0470
"344,005",-44.1214,-22.4314,-0.6277,-0.0790,0.0705,-0.0235,1.5624,0.6089,0.6647,-1.4582,-0.2071,-0.4368,-0.2109,0.1392,0.3343,0.3897,0.2519,-0.1385,-0.0232,-0.0763,-0.1712,-0.3965,-0.1022,-0.1078,0.1991,0.1630,-0.3157,-0.1365,-0.0183,-0.1177,0.0068,-0.1313
"076,016",-9.4703,-5.2219,-0.0542,-0.1326,-0.1252,-0.0465,-0.0435,0.2169,0.1415,-0.0287,-0.0333,-0.1018,0.0771,0.2112,0.0400,-0.0848,-0.0971,0.0201,-0.0653,0.0028,0.0007,-0.0208,0.0507,-0.0129,0.0342,-0.0809,-0.0461,-0.0472,-0.0336,-0.0613,0.0068,-0.1043
"156,010",-0.2477,-4.4005,0.0639,-0.0936,-0.0549,-0.1223,-0.0129,0.0741,0.1180,0.2234,-0.0460,-0.1530,0.1182,0.0600,-0.0874,0.0735,-0.1484,-0.0382,-0.1153,0.1633,-0.0819,-0.1460,-0.0186,-0.2179,0.0267,-0.1356,-0.0634,-0.0405,-0.0764,0.1649,-0.3194,-0.2801
"154,005",30.4134,-11.5269,0.1787,0.0710,0.0728,-0.0585,0.0418,0.0275,-0.0356,0.0572,0.1251,0.0731,0.0229,-0.3331,-0.1664,0.3131,0.1141,-0.0209,-0.0653,0.4059,-0.0814,-0.1698,-0.1190,-0.2096,0.3230,-0.0048,0.4124,0.0692,0.3543,-0.0915,-0.1838,-0.2087
"461,200b",-6.8481,35.9492,-0.1124,-0.2036,0.0664,-0.0505,0.2062,-0.1355,0.0716,0.2182,0.2040,0.0721,0.1110,-0.0191,-0.2390,-0.1149,-0.0316,-0.3565,-0.0402,0.4233,0.0166,-0.4589,-0.3871,-0.1340,-0.3241,0.1622,0.3833,0.2612,-0.7783,-0.0007,0.4037,0.1001
"202,011",24.7130,12.2107,0.1781,0.1326,0.0361,0.0471,-0.1737,0.1336,-0.1475,0.0574,0.1953,-0.1327,-0.1664,-0.0915,0.1228,0.3730,0.2113,0.2181,0.2693,0.0486,-0.1197,-0.0791,-0.1353,0.1597,0.0187,0.3534,0.1517,-0.2558,-0.5437,-0.5453,-0.1208,-0.2871
"404,008",21.3922,3.8358,0.0710,0.1174,0.0990,0.0292,0.0492,-0.0479,-0.1219,0.0251,0.0913,0.0496,-0.0223,-0.2003,-0.1292,0.1638,0.0675,-0.0313,-0.0082,-0.0489,-0.0841,0.0019,-0.0594,-0.1937,0.0192,0.0446,-0.0198,0.0062,0.1583,0.1215,-0.0607,0.0771
"293,042",-23.7704,8.4095,-0.2287,-0.0215,0.0135,0.0029,0.1183,-0.0041,0.0054,0.3245,-0.0429,0.1501,0.1015,0.1695,0.0056,-0.2333,0.0333,-0.0945,0.1481,-0.1201,-0.1085,-0.0906,-0.1712,0.1702,0.1199,0.0333,-0.1409,0.0789,0.0868,0.1299,-0.0364,-0.0539
"063,008",-30.1444,42.4092,-0.0505,0.2135,0.2336,0.3390,-0.0530,-0.0840,-0.4732,-0.0383,-0.9916,-0.0438,0.5335,-0.1524,0.3694,-0.0773,0.2224,0.0200,-0.1111,0.2168,0.0202,-0.1909,-0.0477,0.0610,-0.0783,0.0355,0.0305,-0.0826,-0.0450,-0.0878,0.0408,0.0395
"332,001",28.3494,-12.5338,0.1543,-0.0453,0.0087,-0.2270,0.0682,-0.0236,-0.0340,0.0643,0.1464,0.1218,0.0690,-0.2662,-0.1674,0.1819,-0.0041,-0.2163,-0.1733,0.4466,0.0998,-0.3587,-0.2418,-0.1738,0.1733,0.1652,0.2690,-0.2266,0.1784,0.0591,-0.1239,-0.1490
"156,012",-9.5966,-15.3896,0.1572,-0.2910,-0.0810,-0.1319,-0.0246,-0.0181,0.2248,0.2589,-0.0866,-0.2268,0.1084,0.1528,0.0126,0.0153,-0.0640,0.0832,-0.0878,0.1099,-0.1085,0.0118,0.1638,-0.0750,0.0576,-0.2478,-0.2945,0.3103,0.3748,-0.0524,-0.0018,-0.1591
"461,202",-23.8239,23.2514,-0.0114,-0.0358,-0.0242,-0.0063,-0.1365,0.0752,-0.0331,0.1004,-0.2911,-0.0231,0.1833,-0.0231,0.0588,0.0608,-0.0234,0.0258,0.0448,-0.0079,0.1306,-0.2842,-0.1662,0.2627,0.0618,0.0978,-0.0583,-0.0776,0.1872,0.0407,0.1462,0.2380
"262,006",-6.2726,17.9226,-0.0866,0.0371,0.0237,0.0754,0.0397,-0.0436,-0.0250,0.0680,0.1338,0.0215,-0.0719,-0.1412,-0.0904,-0.0609,0.1256,0.1262,0.1032,-0.0959,-0.0339,-0.1208,0.1166,-0.2355,-0.1388,0.0194,-0.0723,-0.0992,0.1038,0.1756,-0.0485,0.1735
"461,203",4.9698,-17.5925,0.1051,0.0186,0.0776,-0.0448,0.0310,-0.0379,0.0469,0.1428,0.0328,0.0147,0.0358,-0.0370,-0.1089,0.1669,0.0603,-0.1536,-0.0011,-0.0690,-0.0509,-0.1051,0.1506,0.2507,0.3190,-0.0617,-0.0421,-0.1888,0.0080,-0.0547,-0.0414,-0.0303
"031,001",-19.0045,24.1769,-0.0790,-0.0034,-0.0360,0.0335,-0.0097,0.0605,-0.0382,0.0917,-0.2544,-0.0645,0.1540,-0.0658,0.1490,-0.0767,-0.0284,0.1372,-0.0408,0.1414,-0.0978,0.0500,-0.0189,0.0235,0.0033,0.0325,0.0705,0.0010,-0.0938,-0.0662,0.0576,0.0437
"376,002",37.9052,-0.3671,0.2431,0.0943,0.1601,0.0089,-0.0236,-0.0736,0.0529,0.0601,0.0618,-0.0412,0.1039,0.0222,-0.0657,0.3442,0.0741,0.0938,0.0302,-0.4624,-0.2723,-0.1157,0.0697,-0.0990,0.1084,0.3008,0.4526,0.4184,0.2025,-0.3268,-0.1988,-0.2344
"461,204",13.6088,-19.4678,0.1570,0.0636,0.0606,-0.0910,-0.0215,-0.1028,0.0554,0.0841,0.0966,-0.2142,-0.2175,-0.5165,0.2403,-0.0740,0.1771,-0.1372,0.0262,0.0199,0.1122,0.1058,-0.0926,0.0729,0.2278,0.0304,0.0516,-0.0524,-0.0650,-0.1356,-0.1843,-0.0745
"021,002",-23.6391,25.8338,-0.0970,0.0251,0.0403,0.0539,-0.0287,-0.0452,-0.1097,0.0981,-0.2976,0.0146,0.1526,0.0350,0.0544,-0.0345,0.0748,-0.0243,0.0765,-0.1458,-0.0939,-0.1222,-0.1898,-0.0018,0.1411,0.1078,-0.0536,0.0214,0.1130,0.0397,0.1109,0.2208
"427,005",-7.4991,32.2746,0.0469,0.0456,-0.0283,0.0226,-0.0429,0.1233,0.1149,0.0521,0.0045,-0.1023,0.0410,0.0416,-0.0477,0.0993,-0.2663,0.1886,0.0126,-0.2941,0.1517,0.1162,-0.0806,-0.1817,0.0394,0.0569,0.1040,0.0484,-0.0111,-0.0266,0.0350,0.2408
"461,206",-4.8434,-3.2983,-0.0267,-0.3031,0.1056,0.0874,0.0140,-0.0871,0.1067,0.1048,-0.0018,-0.0439,0.1132,0.0691,-0.0792,0.0903,0.0176,-0.0334,-0.0568,-0.0560,-0.1190,0.0229,0.0448,0.1323,-0.1536,-0.0617,0.0907,-0.1135,0.0713,0.2935,-0.0144,-0.0367
"366,029",0.8117,8.6466,-0.0296,-0.0085,0.0206,-0.0170,0.0206,-0.0662,0.0987,0.0292,0.0485,-0.0965,-0.0323,-0.0897,-0.0435,0.0134,-0.0480,-0.0523,-0.0325,-0.0022,0.0360,0.2002,0.2727,-0.0596,0.0066,-0.0121,-0.0862,0.1334,0.0689,-0.0683,-0.0868,0.0566
"282,019",-44.2331,-18.5390,-0.5285,-0.0614,0.0623,-0.0322,1.2833,0.5066,0.5192,-1.1255,-0.1318,-0.3330,-0.1791,0.0794,0.2003,0.2821,0.1708,-0.0769,-0.0297,-0.0788,-0.0786,-0.3597,0.0269,-0.0277,0.0371,0.0868,-0.1579,-0.0482,-0.0033,-0.0031,-0.0236,-0.0523
"461,200",-4.6346,17.8193,-0.1853,0.0049,0.0563,0.0171,0.1324,-0.0986,0.0188,0.0624,-0.0632,0.0502,0.0597,-0.0196,-0.1182,0.0451,-0.0693,-0.0302,0.0833,-0.0322,0.1992,0.1050,0.1051,0.1577,-0.1261,-0.2805,-0.0394,0.0978,0.0440,0.0465,0.0778,-0.3321
"364,039",1.4586,10.0173,-0.0255,-0.0244,-0.0626,-0.0040,0.0148,0.0492,-0.0189,-0.0194,0.0571,0.0000,-0.0150,-0.0367,-0.0363,-0.0059,-0.0549,0.0313,-0.0162,0.1031,0.0323,0.0378,-0.0498,0.0095,0.0063,-0.0075,0.0966,-0.0203,-0.0301,-0.0362,-0.0029,-0.0536
"364,040",10.8544,8.5369,0.0154,0.0002,-0.0658,0.0206,-0.0837,0.0495,0.1003,0.0347,-0.0225,-0.0364,-0.0068,0.0137,-0.0052,0.1156,-0.0034,0.1158,-0.0694,-0.0501,-0.1334,0.1208,-0.1119,0.1313,-0.1120,0.0320,0.0154,-0.0460,-0.0483,0.0629,0.0610,-0.0265
"236,006",-15.1243,9.3968,-0.1755,-0.0761,0.0537,-0.0351,0.2302,-0.0235,0.0027,0.0185,0.0234,-0.0391,0.0477,-0.0160,-0.0532,-0.0552,-0.0040,-0.0447,0.0058,0.0337,0.0261,-0.0571,0.1121,0.0243,-0.1538,-0.0278,0.0241,-0.0576,-0.0027,0.0521,0.0497,0.0543
"237,001",35.2548,8.5862,0.5372,0.2579,0.2805,0.1800,0.0256,0.1202,0.0274,-0.0332,0.0625,0.0373,0.0891,0.0845,0.0186,0.0495,0.0667,0.0666,0.0493,-0.2122,-0.1639,-0.0275,0.0607,0.0484,0.0817,0.1291,0.1760,0.1049,-0.0202,-0.1804,0.0811,-0.0567
"349,007",-5.2997,20.3289,-0.1113,0.0189,0.0117,0.0017,0.0396,-0.0677,-0.0465,0.0718,0.0599,0.0905,0.0531,-0.0901,-0.1545,0.0218,-0.0064,-0.1517,0.0210,0.0886,0.1026,0.0471,-0.0561,-0.0091,-0.1253,-0.0767,-0.0025,0.0273,0.1008,0.0713,-0.0663,-0.0229
"248,067",16.7427,-49.6015,1.1734,-0.2729,-2.3728,0.8579,0.8471,-0.4515,-0.4263,-0.1366,-0.0114,0.2794,0.0602,0.0487,0.0661,-0.1718,0.0312,-0.1424,0.1426,-0.1457,0.1142,-0.0296,0.0585,-0.0028,-0.0091,-0.0195,0.0066,0.0030,-0.0270,-0.0423,0.0869,-0.0326
"214,001",0.5563,-9.1285,0.1449,-0.0539,0.0067,-0.1305,0.0433,-0.0009,0.1354,0.1903,0.0248,-0.1509,0.0898,0.0599,-0.0018,0.0519,0.0411,-0.0424,-0.0232,-0.0913,-0.1393,-0.0269,0.0022,-0.0238,0.0251,-0.0318,-0.0204,0.0652,-0.0651,-0.1002,0.0625,-0.0180
"401,007",-3.4441,57.4216,-0.0297,0.0878,0.0885,0.0024,-0.2653,-1.1598,0.4585,-0.3866,0.1129,-0.1983,0.0799,0.2548,0.1830,-0.0704,0.1161,-0.0966,-0.0455,0.1342,-0.0214,0.0392,0.0802,0.0632,-0.0089,-0.0138,-0.0113,-0.0430,-0.0120,0.0250,-0.1005,-0.0303
"082,074",10.1149,-13.8600,0.2247,-0.1104,-0.0709,-0.2914,0.0405,0.0041,0.0742,0.1675,0.0386,-0.0960,0.0974,-0.0604,-0.0283,0.0725,-0.0169,-0.1352,-0.1403,0.0815,-0.0376,-0.0240,0.0472,-0.0375,0.0017,0.1203,-0.2287,-0.1168,0.1296,-0.0059,-0.1618,0.1209
"082,073",15.3138,-9.7059,0.0301,-0.0677,0.0009,-0.1795,0.1338,-0.0136,0.0213,0.2024,0.0791,-0.0543,0.0674,-0.0707,-0.1381,0.0254,0.0132,-0.3022,-0.1153,0.2132,0.1079,-0.0996,-0.0673,-0.1313,0.0574,0.1014,0.0954,-0.1387,0.1295,0.0101,-0.0810,0.0990
"246,047",25.1819,-8.0368,0.1582,0.0385,0.0733,-0.1562,0.0523,0.0244,-0.0409,-0.0129,0.1133,0.0536,0.0309,-0.2434,-0.0933,0.2479,0.0194,-0.1384,-0.0247,0.2806,0.0584,-0.0440,-0.0419,0.0086,0.3092,0.1551,0.1082,-0.2354,0.0930,-0.1707,-0.1936,-0.0733
"437,029",-27.8810,15.7284,-0.0931,-0.1320,-0.0163,-0.0704,0.0887,0.0495,0.1357,0.1347,0.0278,-0.1586,0.1014,0.1510,0.0290,-0.0338,-0.1206,-0.2146,-0.0819,-0.0906,-0.0760,0.1709,0.2534,-0.0846,-0.4189,-0.1383,0.2006,-0.3826,0.1108,-0.3108,0.1282,0.1312
"406,035",-23.0686,39.3137,-0.2019,0.1095,0.0717,0.2160,-0.1898,-0.3588,-0.1435,-0.1253,-0.5400,-0.0030,0.3094,-0.0390,0.1873,0.1183,0.1420,0.0149,0.0474,-0.0289,0.0505,-0.1733,-0.1005,0.1447,-0.0972,0.0584,-0.0494,-0.0052,0.0585,0.0076,0.0399,0.1831
"242,062",11.8160,19.6669,-0.0186,0.0791,-0.1806,0.1015,-0.3242,0.1932,0.0552,-0.1407,0.0359,-0.0544,-0.0232,0.0470,0.0073,0.0850,-0.0234,-0.0121,0.0279,0.0241,-0.0392,0.0105,-0.1082,0.1092,-0.0421,0.0325,0.0172,-0.0869,-0.1091,-0.0167,0.0212,-0.0068
"244,011",30.9011,-30.8885,0.1532,-0.0582,0.2279,-0.1985,0.0960,-0.1524,-1.1821,-0.1084,0.2130,-0.7066,-0.4085,0.3585,-0.0343,0.0221,0.0213,0.0467,-0.0419,-0.0655,-0.0772,-0.0300,-0.0495,-0.0164,0.0332,0.0561,0.0088,0.0428,-0.0458,0.0751,-0.0543,0.0518
"124,015",9.7619,-10.6932,0.0665,-0.0508,0.0161,-0.0741,0.0377,-0.0393,-0.0132,0.1080,0.0839,-0.1866,0.0036,-0.0315,-0.1110,0.1099,-0.0958,-0.1051,-0.1063,0.1340,-0.1080,-0.1088,0.1149,-0.0396,-0.0468,0.1254,-0.2538,-0.0432,0.0259,0.0150,-0.0838,0.1775
"101,011",31.7577,-34.3154,0.0011,-0.0782,0.1644,-0.3238,0.2229,-0.1843,-1.4460,-0.0755,0.2479,-0.9951,-0.4935,0.6101,-0.0200,-0.1449,-0.0218,-0.0592,-0.0123,-0.0427,0.0497,-0.0617,-0.1370,0.0706,-0.0817,-0.0149,0.0630,-0.0866,-0.0675,0.1176,-0.0735,0.0375
"262,007",-29.9872,38.4500,-0.2401,0.0520,0.0783,0.1697,0.0055,-0.1337,-0.2934,0.0834,-0.7328,-0.0310,0.4100,-0.0531,0.3079,-0.0715,0.0972,0.0650,-0.0431,0.0653,-0.1122,-0.1306,-0.0179,0.0027,-0.0375,0.0957,0.1375,-0.0383,-0.0256,0.0377,-0.0577,0.1134
"082,075",11.0630,-14.6603,0.2337,-0.1509,-0.0655,-0.2979,0.0193,-0.0029,0.0545,0.1399,0.0300,-0.0047,0.1549,0.0001,-0.0350,0.1240,0.0502,-0.1060,-0.1523,0.0397,-0.1770,-0.0793,0.0641,-0.2395,-0.1394,-0.0622,-0.3071,0.2625,-0.0407,-0.2160,-0.0071,0.1439
"082,076",-3.7151,59.0315,-0.0325,0.0978,0.0818,0.0408,-0.2457,-1.2906,0.4709,-0.4379,0.1132,-0.2140,0.0660,0.2465,0.2855,-0.1604,0.0890,0.0556,-0.1104,0.2194,-0.0582,-0.0380,0.0764,0.0219,0.1630,-0.0331,0.0048,-0.0163,0.0762,0.1342,-0.0372,-0.1035
"246,049",16.6716,-11.3044,0.1720,-0.0575,0.0121,-0.3332,-0.0022,-0.0092,-0.0397,-0.0107,0.0613,0.0765,0.1066,-0.0789,-0.0510,0.1104,0.0351,-0.1606,-0.0148,0.1138,0.0397,0.0113,-0.0300,0.0054,0.2036,0.1332,0.0792,-0.0928,0.1359,-0.1249,-0.0883,-0.0741
"236,007",-14.4329,18.2573,-0.1562,0.0615,0.0692,0.0502,0.1423,-0.0751,-0.0789,0.0932,0.1443,0.1834,-0.0571,-0.1914,-0.1047,0.0614,-0.0402,-0.1306,-0.0083,0.0837,0.0846,-0.1187,-0.0098,-0.1563,-0.1258,-0.0537,0.1448,-0.0801,0.1699,0.0391,-0.0046,0.0170
"133,011",-32.1321,38.7194,-0.2444,0.0042,0.0232,0.1557,-0.0253,0.0294,-0.2634,0.1313,-0.9125,-0.1194,0.5241,-0.0065,0.3867,-0.1114,0.0939,0.0374,-0.0517,0.1331,-0.1535,-0.1183,-0.0643,0.0072,0.0016,0.2007,0.1048,-0.0816,-0.0929,0.0132,-0.0022,0.1347
"246,050",-22.6343,27.3831,-0.0825,-0.0575,-0.0032,-0.0810,0.0246,0.0387,-0.0893,0.0373,-0.3401,-0.1373,0.2331,-0.0006,0.1469,-0.0614,-0.0165,0.0598,-0.0041,0.0344,-0.0065,-0.0384,0.0514,0.1542,-0.0427,0.0882,-0.1101,-0.0422,0.0188,0.0244,0.0280,0.1214
"246,051",23.8315,-10.4376,0.0860,-0.0141,-0.0265,-0.0698,0.0922,-0.0399,-0.0072,0.0825,-0.0379,0.0700,-0.1008,-0.1732,-0.1555,0.0536,-0.0655,-0.0706,-0.1303,0.3525,0.0552,-0.2081,-0.1308,-0.0689,0.0978,0.1487,0.2075,-0.1701,0.1389,0.1086,-0.0518,-0.0181
"248,070",-7.7439,-22.1443,0.3525,-0.4060,-0.2191,0.0335,0.0874,-0.0689,0.1074,0.1611,-0.2237,-0.0108,-0.0870,0.0468,-0.1439,0.0698,-0.0624,0.0804,-0.1541,0.3835,-0.0134,-0.1657,-0.0740,-0.0090,0.2785,-0.1027,-0.0901,0.0996,0.2490,0.0921,-0.0850,-0.1540
"434a,053",8.5305,-36.0406,0.1457,-0.1011,-0.0017,-0.4549,-0.0003,0.0204,-0.0829,-0.1705,0.0910,0.2904,0.1349,-0.0789,-0.0027,0.0450,-0.0495,-0.0154,-0.1104,0.0983,0.0253,-0.0567,-0.0515,-0.1010,-0.0473,0.0786,0.0541,-0.1024,-0.0056,0.0834,-0.0115,-0.1124
"401,008",16.2023,11.2437,0.0964,-0.0253,-0.1375,0.0096,-0.1302,0.2065,0.1788,0.0912,-0.0412,-0.1397,0.0220,0.0179,0.1013,0.2877,-0.0942,0.3201,-0.1524,0.0543,-0.3347,0.1702,-0.1991,0.2621,-0.2578,0.1493,-0.0510,-0.1654,-0.1454,0.2073,0.0148,-0.1118
"246,052",13.2239,12.3536,0.1894,0.0591,-0.1386,0.0259,-0.2370,0.1352,0.0761,-0.0822,0.0064,-0.0892,0.0789,0.0522,0.0516,0.0229,-0.1129,0.0492,-0.1318,0.1112,-0.0625,-0.0485,-0.0763,0.0456,-0.0390,0.1671,0.0189,-0.1887,-0.0305,0.0214,0.1318,0.1053
"225,013",13.1839,6.3084,0.1120,-0.0700,-0.1044,-0.1547,-0.0811,0.1079,0.1522,0.0644,0.0527,-0.1500,0.0230,-0.0487,0.0663,0.0138,-0.1431,0.1364,-0.2292,-0.0921,0.0239,0.0426,0.0156,0.0535,-0.1584,0.1213,-0.0660,-0.1621,-0.0738,0.1907,0.0997,-0.0464
"082,078",4.4910,-22.4956,0.1404,-0.0495,0.0346,-0.1594,-0.0151,-0.0451,-0.0049,0.1197,-0.2140,-0.1776,0.1011,-0.0819,0.0948,0.0776,0.0669,-0.1315,-0.0534,0.1527,0.0602,0.0445,0.0457,0.2067,0.2588,0.1322,-0.1049,-0.1178,0.0688,-0.1625,-0.1039,0.0457
"461,215",13.9298,7.8927,0.0946,-0.0414,-0.0686,-0.0639,-0.1132,0.1123,0.1397,0.0603,0.0353,-0.1310,0.0011,-0.0985,0.0012,0.1328,-0.1087,0.1258,-0.1705,-0.1077,0.0210,0.0525,0.0264,0.1646,-0.1493,0.1594,-0.0807,-0.1622,-0.1483,0.0376,0.0340,0.0013
"457,031",-1.8747,-0.5854,-0.0710,-0.0027,0.0407,-0.0138,0.0125,-0.0215,-0.0674,0.1559,-0.0584,-0.0493,0.1191,-0.0032,-0.0950,0.1075,0.1501,0.1377,0.1183,-0.0803,0.0158,-0.0922,0.2462,-0.0884,-0.1597,0.0275,-0.0808,0.0648,-0.0378,-0.1837,0.1294,-0.2676
"248,068",17.2227,-49.9526,1.2865,-0.2854,-2.5545,0.9562,0.9915,-0.5347,-0.5062,-0.1399,-0.0240,0.3816,0.1071,0.0409,-0.0078,-0.0568,0.0833,-0.1879,0.0542,-0.1573,0.0833,0.0446,0.0331,0.0309,-0.0032,0.0159,0.0204,-0.0171,-0.1184,-0.0728,-0.0020,-0.0484
"248,069",11.9109,10.4355,0.0693,0.0124,-0.0908,0.0569,-0.1789,0.2135,0.0580,0.0112,-0.0849,-0.1757,0.0926,-0.0243,0.0652,0.0804,-0.3325,0.2659,-0.0315,0.0224,-0.2035,0.0362,0.1556,0.0049,-0.1687,0.1476,-0.2208,-0.1557,-0.1527,0.2102,-0.1730,-0.0262
"461,070a",37.5797,7.7179,0.8237,0.4099,0.5286,0.3272,0.0859,0.2101,0.0741,-0.0481,0.1110,-0.0362,0.1641,0.2526,0.0521,0.0335,0.0370,0.1008,0.0983,-0.3353,-0.2166,0.0100,0.1762,0.1011,-0.0466,0.2778,0.2406,0.1888,-0.0509,-0.2669,0.0343,-0.0412
"283,002=393,002",-42.8321,-9.7691,-0.3446,-0.0405,-0.0045,-0.0234,0.6586,0.3007,0.2973,-0.5471,-0.0274,-0.1886,-0.0853,0.0797,0.0733,0.0078,-0.0420,-0.0607,0.1294,0.0168,0.0226,-0.1839,0.0768,0.0701,0.0021,0.0508,0.0321,-0.0660,0.0034,0.0688,-0.0633,0.0980
"457,032",-9.0607,-0.6431,-0.0957,0.0257,-0.1614,0.0423,-0.1600,0.2642,0.1381,-0.0422,0.0731,-0.1156,-0.0178,0.1377,-0.0405,-0.0535,-0.0277,-0.1228,-0.0829,0.0026,0.0051,-0.0351,0.0117,0.0654,-0.0858,-0.0120,0.0450,-0.1477,0.0650,0.0812,0.0021,0.0851
"080,036",-20.5831,-7.3844,-0.0705,-0.0734,0.0077,-0.1886,0.0466,0.0438,0.0333,0.1040,-0.0974,0.1967,0.1311,0.1693,-0.2879,-0.2237,0.4788,0.3367,0.1899,0.0065,0.2557,-0.0594,-0.0404,0.2145,0.0757,0.0128,-0.0485,0.0817,0.1733,0.3749,0.1803,0.0693
"080,037",-26.2952,-4.8397,-0.1356,-0.0564,-0.0067,-0.1105,0.1610,0.0033,0.0824,0.2363,0.0407,0.1316,0.1331,0.0980,-0.2377,-0.1756,0.0550,-0.2512,0.0449,0.0144,0.1094,-0.2400,-0.1042,0.3330,0.1500,0.2010,0.0274,-0.0256,0.1171,0.4781,0.1469,-0.0773
"404,009",26.3607,-19.5688,0.0883,0.0261,0.1123,-0.1016,0.0253,-0.0490,-0.5192,-0.0593,0.0526,-0.3089,-0.2433,0.0571,-0.0242,0.0720,-0.0179,0.0876,0.0302,0.0343,-0.0757,0.1285,0.0680,-0.0535,0.0933,0.0099,0.0762,0.1358,-0.0507,0.0015,-0.0033,0.0171
"233,004",29.4973,-1.2815,0.2025,0.0065,0.0986,-0.1388,-0.0084,-0.0307,-0.0033,0.0518,-0.0020,0.0093,0.1011,-0.0445,-0.0688,0.2251,0.0506,-0.0183,0.0314,-0.1276,-0.0646,0.0127,0.0485,-0.0257,0.2388,0.1287,0.2513,0.2812,0.1371,-0.2285,-0.1152,-0.1361
"242,063",14.2125,39.7509,-0.0646,0.1385,-0.1582,0.1638,-0.4213,0.2074,0.0050,-0.1839,0.0880,-0.0446,-0.0679,-0.0580,-0.1410,0.1730,0.0613,-0.3023,-0.0132,0.0343,0.1617,-0.1826,-0.2229,0.0635,-0.1362,-0.0434,0.0603,-0.0569,0.0268,0.0177,-0.0734,-0.0079
"167,051",-16.6022,23.3319,-0.2572,0.0945,0.0583,0.1059,0.1029,-0.1143,-0.0740,0.0910,0.0283,0.1912,-0.0075,-0.0713,-0.0544,-0.1285,-0.0406,-0.0628,0.0600,-0.1200,0.0100,0.0077,0.0135,0.0467,0.0213,0.0517,-0.0947,0.0842,0.0905,0.1013,0.0240,0.0343
"030,VI",1.7082,3.0361,0.0305,-0.0138,-0.0121,-0.0427,0.0042,0.0063,0.0274,0.0338,-0.0119,-0.0283,0.0185,0.0244,0.0015,0.0045,0.0044,0.0089,-0.0005,-0.0069,-0.0121,0.0033,0.0059,-0.0137,0.0039,-0.0075,0.0067,-0.0091,-0.0050,-0.0043,-0.0006,0.0093
"242,064",17.2760,42.6972,-0.0310,0.0656,-0.1767,0.1959,-0.6255,0.0735,0.1221,-0.3844,0.0845,-0.1290,-0.0523,0.1883,-0.0605,0.1575,0.0676,-0.2375,0.1837,-0.0115,0.0608,-0.1099,-0.1133,0.1478,-0.0381,-0.0708,0.0327,0.1227,0.1540,-0.2036,0.0142,0.0549
"210,017",-7.4813,17.1700,-0.1061,-0.0330,-0.0514,0.0132,0.0343,0.0758,0.0202,0.1095,-0.2746,-0.0918,0.1682,0.0245,0.1151,-0.0281,-0.0858,0.3485,-0.1131,0.1648,0.1709,0.1951,0.0204,0.0624,0.0002,-0.0194,0.2274,0.1409,-0.1024,-0.0002,0.0100,0.0586
"366,005",-17.8140,48.9194,-0.0062,-0.0563,0.0058,-0.0916,0.0141,-0.0454,0.1895,0.1322,-0.1478,-0.0575,0.0766,0.1240,-0.1517,0.1840,-0.3831,0.4641,-0.2894,-0.4625,0.8094,-0.1020,-0.2054,-0.1714,0.2227,-0.0746,0.0004,0.2115,-0.0166,-0.1538,-0.0061,0.0708
"406,036",-8.5669,33.5058,0.0257,0.0250,-0.0182,-0.0012,-0.0590,0.0870,0.0588,0.0792,-0.0132,-0.0198,0.0393,-0.0463,-0.1241,0.0752,-0.1177,0.3757,0.0100,-0.0697,0.3677,-0.0219,-0.0276,-0.1308,0.1034,0.0215,0.0206,-0.0315,-0.0969,-0.1260,-0.0562,-0.0440
"248,072",13.2688,8.0831,0.0873,0.0325,-0.0601,-0.0057,-0.0483,-0.0142,0.0161,-0.0308,0.0853,-0.0140,-0.0342,-0.2023,-0.0157,0.0704,-0.1563,0.1554,-0.0748,0.2051,-0.0317,-0.0163,0.0119,-0.0982,0.0077,0.0397,0.0745,-0.0256,-0.0595,0.0292,0.0381,0.0001
"330,015a",2.9013,10.5871,-0.0768,-0.0181,-0.0324,-0.0320,0.0062,0.1363,0.0411,-0.0985,-0.1252,0.0380,-0.0035,-0.0001,0.0737,0.1550,-0.0480,0.1978,-0.0675,-0.0478,-0.0515,0.1065,-0.0606,0.3127,0.0726,-0.0894,0.2402,0.0527,-0.3111,-0.0397,0.1747,0.0483
"246,053",9.2059,-7.4437,0.1685,-0.0940,-0.1394,-0.1314,0.0846,0.0584,0.0631,0.1098,0.0657,-0.1788,0.0089,-0.0413,-0.0529,0.0358,-0.0994,-0.0573,-0.0408,0.2026,0.0559,-0.0592,0.0259,0.0043,0.0978,0.0356,-0.0214,0.0360,0.1344,0.0149,0.0412,-0.0945
"335,049",1.4225,11.3518,-0.0281,0.0033,0.0065,-0.0472,-0.0289,-0.0944,0.0976,0.0235,0.0016,-0.0791,0.0253,-0.1145,-0.0181,0.0765,0.0528,-0.1016,0.0496,-0.0918,0.0150,0.1525,0.0678,0.0995,-0.0069,-0.1133,-0.0712,0.1321,0.0220,0.0397,0.0008,0.1057
"082,013",-8.3537,11.8353,-0.0048,0.0258,-0.0009,-0.0485,-0.1281,0.0838,-0.0306,0.0042,0.0853,0.1142,0.0348,-0.0300,-0.1419,-0.1009,0.1165,-0.0493,-0.4724,-0.0280,-0.1972,-0.1173,0.3342,-0.2893,0.3197,0.1604,0.1170,0.0208,0.0780,0.0791,-0.0036,-0.0622
"323,023",-1.4071,45.7457,-0.1774,0.0796,0.0786,0.1574,-0.1614,-0.5882,0.0568,-0.2196,-0.3286,-0.0549,0.2344,0.1421,0.1568,0.0142,0.0292,0.0736,-0.0624,0.0151,0.0336,-0.0986,0.0047,0.0558,0.0188,0.0238,0.0201,-0.0336,0.0033,0.0059,0.0298,0.0726
"101,012",-16.5591,19.1608,-0.1421,0.0687,0.0894,0.0406,0.1700,-0.0259,-0.0451,0.1170,0.1349,0.1760,-0.0304,-0.0218,-0.1125,-0.1432,-0.0463,-0.1364,-0.0126,-0.0010,0.0441,-0.0720,-0.0610,-0.0634,-0.0088,-0.0257,0.0455,-0.1287,0.0840,-0.0143,-0.0745,-0.0396
"155,018",1.6704,25.1785,-0.0722,0.1058,0.0197,0.0860,-0.0233,-0.0043,-0.0608,0.0109,0.0645,0.0627,-0.0473,-0.1374,-0.0618,0.1573,0.0316,-0.0471,0.0095,-0.0183,0.0535,0.0361,-0.0418,-0.0660,-0.0666,-0.0319,-0.0444,0.0179,0.0613,0.0300,-0.0584,0.0305
"106,023",0.3076,27.3382,-0.0156,0.1393,0.0653,0.1251,-0.0681,-0.0436,-0.2215,-0.0325,-0.2810,0.0059,0.0660,-0.4019,0.1338,0.2242,-0.0244,0.2320,-0.0011,0.2147,-0.1331,0.0794,0.0850,0.0540,0.0448,-0.0199,-0.0081,-0.0861,-0.1315,-0.1425,0.0877,-0.0788
"076,019",2.2755,31.1931,-0.1780,0.1087,0.0526,0.1004,-0.0210,-0.0814,-0.1895,-0.0162,-0.0817,0.0932,0.0368,-0.2084,-0.0836,0.1810,0.0642,-0.1819,0.1366,0.0035,0.1817,0.1357,-0.0333,-0.0250,-0.1223,-0.1116,-0.0891,0.1270,0.0909,0.0303,-0.1606,-0.1271
"173,011",17.3742,20.3761,-0.0293,0.0843,-0.2095,0.1304,-0.2988,0.2470,0.0291,-0.0752,0.1552,-0.0176,-0.0749,-0.0019,-0.0354,0.0362,-0.1423,0.0812,-0.1640,0.0357,-0.1139,0.0220,-0.2297,0.1033,0.0117,0.1545,0.0842,-0.2375,-0.2154,-0.1296,0.1505,-0.0259
"248,079",-13.7398,-20.5483,0.6084,-0.1296,-1.2179,0.3651,0.2328,-0.0616,-0.0964,-0.0380,0.0513,-0.0220,0.0009,0.0880,0.0742,-0.0819,-0.1294,-0.0340,0.1336,0.0646,0.0156,-0.0974,-0.0448,-0.0551,-0.0119,0.0380,0.0554,-0.1157,0.0957,-0.0347,0.2713,-0.1027
"167,056",-0.0445,5.4166,-0.0805,0.0184,0.0532,0.0023,0.1087,-0.0315,-0.0036,0.1103,0.0822,-0.0253,-0.0196,-0.0648,-0.1082,-0.0442,-0.0688,0.0463,-0.0230,-0.1036,0.0080,0.1373,0.2961,-0.0833,-0.2533,-0.0720,-0.1572,0.0578,0.0248,0.1358,-0.1575,0.1576
"406,037",16.9735,18.8712,0.0651,0.0661,-0.3009,0.1139,-0.2309,0.2178,0.0246,-0.1591,0.1437,-0.0108,-0.0634,-0.0940,-0.0009,-0.0007,-0.1548,0.1649,-0.0426,0.1497,-0.0924,0.1622,-0.1362,0.1907,-0.0360,0.1258,0.1267,-0.1602,-0.2853,-0.1016,0.0991,0.1190
"009,020",18.4888,-1.7592,0.2360,0.0487,0.1261,-0.1634,-0.0065,-0.0131,-0.0816,-0.0637,0.0354,0.1946,-0.0345,-0.1187,-0.0688,0.1868,0.1767,0.0609,0.0376,-0.4275,-0.4278,-0.1336,0.3511,0.0629,0.4104,-0.5451,0.0034,0.0002,-0.1595,0.1987,0.1146,0.5814
"281,008",-16.9106,30.8098,-0.2513,0.1019,0.0002,0.1289,0.0786,0.0085,-0.0892,0.1242,0.1863,0.2178,-0.1086,-0.0747,-0.0595,-0.2701,-0.1361,0.1711,0.0668,-0.1072,-0.1633,-0.0142,-0.2529,-0.0217,0.1431,0.0873,-0.1628,-0.0223,0.1161,-0.0769,0.0754,0.0586
"030,020",-1.7747,-32.2679,0.0903,0.0045,0.0104,-0.1062,-0.0856,0.0744,-0.0993,-0.0738,0.0365,-0.1433,-0.1715,-0.2980,0.0978,0.0593,-0.1618,-0.0591,0.0967,0.3354,0.1703,0.3870,0.3759,0.7016,0.4769,0.1272,-0.2319,-0.1021,-0.1423,-0.5489,-0.4104,0.1283
"080,038",-3.3285,4.4540,0.0110,-0.0192,-0.1581,-0.0161,-0.0969,0.1306,0.0562,-0.0065,0.0265,-0.0236,0.0287,0.0745,0.0481,-0.1168,-0.0740,0.1172,0.0256,0.0755,-0.0385,0.0252,0.0365,-0.0098,-0.0075,0.0435,0.0170,-0.0459,-0.0606,0.0120,0.0748,-0.0057
"106,014",2.9272,-26.0539,0.0209,0.0041,0.0688,-0.0768,0.0294,-0.1056,-0.0080,0.0995,0.0577,-0.0446,-0.0050,-0.0073,-0.0676,0.0890,0.0263,-0.1910,0.0433,-0.0389,0.0454,0.0637,0.1718,0.3648,0.1960,0.0135,-0.1511,-0.2293,0.0211,-0.1931,-0.1191,0.0434
"242,065",19.8760,45.9831,-0.1316,0.1925,-0.3080,0.2980,-0.7024,0.3594,0.0641,-0.4332,0.1016,-0.0732,-0.1024,0.1690,-0.1320,0.1731,0.1602,-0.2632,0.0473,0.0710,0.1193,-0.0726,-0.3734,0.1861,-0.1868,-0.1835,0.0162,0.0049,0.0830,-0.0731,-0.0976,0.1380
"248,073",-8.6757,-22.5169,0.2917,-0.3406,-0.1300,-0.0445,-0.0476,0.0302,0.1406,0.1639,-0.4559,-0.1004,-0.0216,0.0910,0.0560,0.0212,-0.1809,0.2088,-0.0693,0.3235,0.0070,-0.1434,0.0297,0.0437,0.3325,-0.0704,-0.1916,0.0056,0.1954,-0.0076,0.0018,-0.0900
"082,080",10.2210,-19.0819,0.1823,-0.0472,-0.0366,-0.2065,-0.1013,-0.0478,0.1742,0.0775,0.0631,-0.2275,-0.0713,-0.3098,0.2036,-0.1061,0.0486,-0.1708,-0.0681,0.0828,0.0753,0.0804,-0.1223,0.1218,0.0903,0.1242,-0.0797,-0.0442,-0.2004,-0.1605,0.0349,0.0380
"458,001",-14.4172,23.5666,-0.0256,0.0481,0.0647,0.0531,-0.0411,-0.0724,-0.1217,-0.0188,-0.1883,-0.0693,0.0996,-0.0187,0.0969,0.0325,-0.1505,0.1662,0.0245,-0.0495,0.0740,0.0288,0.0459,0.1389,0.0122,0.0539,-0.0797,-0.0280,-0.0432,-0.0804,-0.1034,0.0990
"101,011a=433,001",-44.7215,-22.1529,-0.5612,-0.0701,0.0756,-0.0351,1.4443,0.5537,0.5995,-1.3256,-0.1544,-0.3962,-0.2218,0.1001,0.2892,0.3645,0.2138,-0.1572,-0.0126,-0.0651,-0.1346,-0.4059,-0.0818,-0.0905,0.2733,0.1926,-0.3674,-0.1284,0.0080,-0.1451,-0.0733,-0.1333
"101,011a",-43.8012,-20.7839,-0.5242,-0.0580,0.0891,-0.0315,1.3709,0.4942,0.5656,-1.2873,-0.1464,-0.3605,-0.2268,0.0678,0.2753,0.3587,0.2039,-0.1408,-0.0216,-0.0592,-0.1357,-0.3877,-0.0574,-0.0869,0.2663,0.1727,-0.3536,-0.1084,0.0049,-0.1437,-0.0626,-0.1256
"372,008",-25.7445,-20.0384,-0.0688,0.0325,-0.2302,0.0780,-0.1845,0.1785,0.0276,-0.1371,0.0965,-0.1085,-0.0568,0.0955,0.0239,-0.1588,-0.3463,0.0320,0.4285,0.1498,0.0175,-0.0889,0.1063,-0.0750,0.0302,-0.0479,0.0237,0.0032,0.1047,-0.0481,0.1175,0.0736
"436,003=258,001",-22.8268,-31.3016,0.0422,-0.0440,-0.2961,0.0213,-0.1758,0.2748,0.1088,-0.1191,-0.1153,-0.2613,0.0315,0.0340,0.2059,-0.2028,-0.6683,0.3641,0.6996,0.3401,-0.1706,-0.1862,0.2996,-0.4057,-0.0311,-0.1352,-0.2016,-0.0400,0.1020,0.4646,-0.3493,-0.0599
"436,004=282,021a",-43.4897,-12.9921,-0.3951,-0.0427,0.0263,-0.0522,0.8355,0.3774,0.3099,-0.7698,-0.1038,-0.1945,-0.1063,0.0532,0.1577,0.1095,0.0348,-0.0210,-0.0544,-0.0399,-0.0079,-0.1433,0.1103,-0.0052,0.0217,0.0548,-0.0620,0.0368,-0.0822,0.0193,-0.0035,-0.0704
"436,005=282,021b",-22.8444,35.0663,-0.2799,0.0059,0.0892,0.1165,0.2163,-0.0037,-0.2548,-0.1534,-0.4154,-0.0975,0.1614,-0.1153,0.1337,0.0232,0.1086,-0.0032,-0.0328,0.0284,0.0945,-0.0581,0.0540,0.0735,-0.0943,-0.1050,0.0893,-0.0008,-0.0544,-0.0235,0.0525,0.1350
"052,002=097,012",-42.6530,-6.8372,-0.3344,-0.0253,0.0631,-0.0124,0.6666,0.1813,0.1986,-0.3825,-0.0306,-0.1176,-0.0761,-0.0108,-0.0069,0.0504,-0.0353,-0.1222,-0.0238,-0.0062,0.0346,-0.2246,0.1426,-0.0004,-0.0985,0.0344,0.0796,0.0540,-0.0577,0.1214,-0.0589,0.0121
"372,006a=097,013",-20.6581,9.5184,-0.2033,0.0148,0.0878,0.0093,0.3234,0.0091,0.0545,0.0149,-0.1398,0.0663,-0.0104,0.0154,-0.0252,-0.0647,-0.0370,-0.1153,0.0704,0.0109,0.1343,-0.0502,0.0228,0.1362,-0.0649,0.0202,0.1688,0.0650,-0.0520,0.1616,-0.1971,-0.1211
"194,018a=413,001",-14.2340,11.7038,-0.1559,-0.0130,0.0179,-0.0118,0.1953,0.0438,0.0628,0.0412,0.0160,-0.0339,0.0148,-0.0301,-0.0521,-0.0354,-0.0387,-0.0095,0.0259,-0.0083,0.1507,0.0357,0.0828,0.0087,-0.0595,-0.0263,0.0893,-0.0084,-0.0039,0.0178,-0.1019,0.0734
"282,022",18.7012,-1.1438,-0.0938,0.0142,0.0475,-0.0292,0.1161,-0.0407,-0.0560,0.0466,0.0889,0.0919,-0.0183,-0.2949,-0.0996,0.0512,-0.0436,-0.1887,0.0628,0.3929,0.2153,-0.0915,-0.0813,0.0475,0.0385,0.0220,0.2944,0.1308,-0.2039,-0.0653,-0.0087,-0.0953
"076,018",3.2463,-3.6457,-0.0067,-0.0462,-0.0185,-0.0658,0.0647,0.0285,0.0447,0.1972,-0.0014,0.0098,-0.0480,-0.0063,0.1225,0.0722,-0.1091,0.0695,-0.1385,0.0184,-0.1014,0.1087,0.1834,0.0444,-0.0859,-0.0084,-0.1820,-0.0571,-0.0071,0.1011,-0.0107,0.0761
"356,007",-6.5921,20.0638,-0.1222,-0.0344,0.0022,0.0665,0.0622,-0.0704,-0.1831,0.0670,-0.1443,-0.0975,0.1155,-0.1015,0.0110,0.0189,-0.0106,-0.0979,-0.0244,0.1195,0.1088,0.0857,0.0614,0.1006,-0.2401,-0.1189,0.0185,-0.1343,0.0020,-0.0407,0.1470,-0.0246
"098,001=097,010",-12.3904,-6.4386,-0.0933,-0.1406,-0.0099,-0.0550,0.0616,0.0307,0.1513,0.2237,0.0053,-0.0192,0.0805,0.1678,-0.1134,-0.0727,0.0087,-0.0789,0.0977,-0.0302,0.0464,-0.0975,-0.0764,-0.0608,-0.0678,-0.1291,-0.0587,0.1830,0.0953,-0.0075,-0.0165,-0.0147
"098,002=097,011",-13.3517,-6.4445,-0.0838,-0.0323,-0.0713,-0.0062,-0.0941,0.0582,0.1227,0.1023,0.0046,-0.0132,0.0196,0.1649,-0.0860,-0.0510,-0.0419,-0.0100,0.2276,-0.0594,0.1039,-0.1652,-0.1192,-0.0330,0.0100,-0.1268,-0.0776,0.1358,0.1917,-0.0389,0.0965,-0.0036
"457,033=185,003",-7.6545,11.0337,-0.1699,-0.0054,0.0154,-0.0447,0.1972,0.0223,0.0438,0.1657,0.0097,-0.0093,-0.0056,0.0200,-0.0463,-0.0347,0.1180,0.1153,0.0397,0.2417,0.1709,0.3844,0.1780,0.0919,-0.0223,-0.1487,0.3333,0.3233,-0.0079,0.0673,-0.1086,-0.0183
"233,005=097,009",-24.4603,31.0309,-0.2703,0.0364,0.0722,0.0884,0.1750,-0.0401,-0.1596,0.0920,-0.3715,0.0382,0.1992,-0.1102,0.0479,-0.1565,0.0444,-0.0404,0.1373,0.1046,0.1810,-0.1056,0.0501,0.2057,-0.0139,0.1460,0.2369,0.1461,-0.1507,0.1033,0.0055,0.1819
"392,029",-36.1672,16.8031,-0.2425,-0.1521,0.1050,0.0541,0.2319,-0.1461,0.0780,0.0241,0.0370,0.0557,0.0927,0.0789,-0.0728,-0.2162,-0.1563,-0.3670,-0.0349,-0.1258,-0.0366,0.1251,0.3030,-0.4228,-0.8075,-0.5401,1.0266,-0.9903,0.2309,-0.7694,0.0302,0.4277
"076,017=184,003",15.0195,-24.0572,-0.0578,0.0204,-0.0496,-0.0328,-0.0276,0.2576,0.1881,-0.1101,-0.2949,-0.4012,0.1729,0.1424,0.0649,0.3667,0.1959,-1.0877,0.7466,-0.1524,0.1498,1.9094,-0.6135,-1.4263,1.0160,0.6116,0.0138,-0.2644,-0.2852,0.4880,0.9454,0.3098
"076,017",15.7761,-23.7318,-0.0564,0.0190,-0.0422,-0.0389,-0.0157,0.2473,0.1700,-0.0956,-0.2821,-0.4052,0.1654,0.1408,0.0589,0.3566,0.1962,-1.0675,0.7337,-0.1442,0.1559,1.9086,-0.5921,-1.3958,0.9999,0.5872,-0.0032,-0.2740,-0.2900,0.4697,0.9752,0.2705
"080,039",-24.0716,10.3608,-0.1973,0.0106,0.0126,-0.0219,0.1566,0.0060,0.0422,0.1958,0.1105,0.1701,0.0126,0.0296,-0.0124,-0.1425,-0.0732,-0.0792,0.1157,-0.0253,-0.0437,-0.0865,-0.0960,0.2018,0.1925,-0.0674,0.0772,0.0090,-0.0503,0.1461,-0.0512,0.0015
"457,033a=185,002a",-31.8679,-5.1238,-0.2510,0.1006,0.0508,0.0302,0.1173,0.0157,-0.1929,0.4397,0.3218,0.6413,-0.3160,0.2119,0.9214,0.5640,0.1568,-0.0865,-0.0455,0.2351,0.2505,-0.1358,0.1239,-0.1530,0.0006,-0.0084,0.1045,0.0344,0.0589,0.1494,-0.0085,-0.0783
"461,220",2.2923,1.9477,-0.0529,0.0062,-0.1377,0.0187,0.0489,0.1382,0.1697,0.0741,0.0925,0.0164,0.0015,0.1395,0.0640,0.2401,0.1471,0.1636,-0.2073,0.0521,-0.2230,0.1689,-0.4622,0.3169,-0.3079,-0.0833,0.1649,0.0747,-0.0307,0.0870,0.1256,-0.0177
"414,001=261a,001",-18.4930,10.8456,-0.1722,-0.0455,0.0456,-0.0135,0.2294,-0.0294,0.0541,0.0971,-0.0612,-0.0404,0.0844,-0.0562,-0.0193,-0.1052,0.0072,-0.1744,0.0112,0.0609,0.0593,-0.0958,0.0355,0.0496,-0.1300,0.0160,0.2158,-0.0391,-0.0227,0.0534,-0.0129,0.0949
"461,217",-10.5981,13.8325,-0.2168,0.0444,0.0435,0.0603,0.0452,-0.1682,-0.0362,-0.0484,-0.1146,0.0217,0.0769,-0.0382,-0.0336,-0.0785,-0.0381,-0.0726,0.0890,0.0304,0.1398,0.1799,0.2128,-0.0180,-0.0495,-0.1133,0.1296,0.1672,0.0520,0.0750,-0.0153,0.1351
"461,219",-6.6843,1.2284,-0.0589,-0.0855,-0.0534,-0.1424,0.0397,0.0672,0.1047,0.1328,0.1332,-0.0157,0.0764,0.1595,-0.0283,-0.1241,0.0337,0.0630,-0.0143,0.1364,-0.0050,0.0273,-0.0831,-0.0664,-0.2027,0.0619,0.1180,-0.0163,-0.3362,-0.0303,0.2241,-0.0029
"293,043",-0.1915,4.8796,-0.0456,-0.0294,-0.1379,0.0231,-0.1114,0.1695,0.1028,0.0862,0.0884,-0.0363,0.0058,0.0985,0.0614,-0.0289,-0.0527,0.1851,-0.0439,0.1762,-0.1474,0.1041,-0.1341,0.1005,-0.0879,-0.0158,0.0690,-0.0312,-0.2513,-0.0819,0.1101,-0.0688
"236,008=250,001",-30.3521,11.1333,-0.2485,0.0383,0.0161,0.0378,0.2279,0.0079,0.0412,0.1433,0.0773,0.1184,0.0140,-0.0489,-0.0949,-0.2454,-0.1716,-0.0148,0.2276,-0.0207,-0.0153,-0.0619,-0.0130,0.2522,0.0867,0.2518,0.0860,0.0791,-0.0129,0.2799,-0.0110,0.1228
"206,004",-2.7427,-11.1992,0.0737,-0.1456,-0.0188,-0.1380,0.0375,-0.0032,0.1577,0.1743,-0.0540,-0.1232,0.0956,0.1354,0.0015,0.0418,-0.0371,-0.0185,-0.0805,-0.0876,0.0390,0.0252,0.0223,-0.0201,0.0069,-0.1104,-0.0206,-0.0290,0.0322,-0.0647,0.0187,-0.0495
"082,081",-0.9958,1.2244,-0.0510,0.0281,-0.0206,0.0354,-0.0797,-0.0298,-0.0014,0.0050,-0.1239,-0.0929,0.1138,-0.0436,0.0132,0.0104,-0.1738,0.0425,0.0866,0.1411,-0.0914,-0.0337,0.1119,-0.0223,-0.0276,0.0083,-0.2037,0.0063,0.0586,0.1055,-0.2095,0.0718
"080,010",12.5880,31.5726,-0.2963,0.0501,0.1041,0.1240,0.1708,-0.1762,-0.1992,0.0675,0.0298,0.2041,0.0195,-0.1632,-0.0798,-0.1196,-0.1000,-0.0882,-0.0763,-0.0739,-0.0876,0.0396,-0.0030,-0.3097,-0.3538,-0.3755,0.2063,-0.5672,0.1201,-0.3827,0.3571,-0.2767
"406,018",30.5121,-27.6313,0.1616,0.0366,0.1923,-0.1934,0.0916,-0.1252,-0.8973,-0.0312,0.1434,-0.6503,-0.3169,0.2782,0.0490,-0.0765,0.0451,-0.0372,-0.0221,-0.1026,0.0164,-0.0048,-0.0644,0.0881,0.1078,-0.0042,-0.0181,-0.0492,-0.0655,0.0049,-0.0826,-0.0061
"009,008",18.1425,13.0962,0.0695,0.0891,0.0068,-0.0027,-0.0695,0.0073,0.0205,0.0506,0.1092,0.0015,-0.1027,-0.3123,0.0171,0.2440,-0.0234,0.0929,-0.0527,0.0675,-0.1343,0.1735,-0.0680,0.2130,0.0021,0.1714,-0.0223,-0.1265,-0.1464,-0.0644,-0.0406,-0.0370
"461,065",-20.0635,-3.9955,-0.1205,-0.0903,-0.0045,-0.0828,0.1213,0.0580,0.0050,0.3449,-0.0990,-0.0466,0.1409,0.1881,0.1255,-0.0146,0.0313,-0.2282,0.0106,0.1840,0.0423,-0.2000,0.0523,0.2244,-0.0444,0.1020,-0.0915,-0.0391,-0.0366,0.2011,0.0369,0.0624
"246,056",11.0428,-16.8072,0.3060,-0.0064,0.1326,-0.0264,0.0276,0.0419,0.0005,0.1997,-0.0556,-0.1914,-0.0754,0.0786,-0.0587,0.0928,-0.0139,-0.1009,-0.2070,0.2137,-0.1564,0.0440,0.2037,-0.1890,0.0070,-0.0578,-0.4843,0.2198,-0.0497,-0.3355,-0.0500,0.0953
"246,057",6.0760,-21.2480,0.2320,-0.1029,-0.0425,-0.1737,-0.0697,-0.0138,0.1536,0.1693,-0.0362,-0.2705,-0.0205,-0.2269,0.1302,0.0009,0.0068,-0.1119,-0.0559,0.1009,0.1256,0.0574,0.0833,0.1007,0.2642,0.0361,-0.2795,-0.0842,0.0768,-0.2838,-0.1469,0.0944
"248,077",20.3282,-33.4864,0.4146,-0.0331,0.0046,-0.3256,-0.1201,-0.1678,0.4391,0.2107,0.0895,-0.8048,-0.5230,-1.0235,0.9830,-0.8284,0.5530,-0.3824,0.0292,-0.5273,0.3283,0.0342,-0.3511,0.0534,0.0053,-0.2881,0.0779,-0.0253,-0.1806,0.0223,-0.0967,-0.2604
"248,077=272,001=403,001=319,007a",21.7306,-34.6474,0.4420,-0.0300,-0.0151,-0.3477,-0.1682,-0.2529,0.4490,0.1411,0.1109,-0.8472,-0.5973,-1.1247,1.0925,-0.9400,0.5670,-0.3236,0.0379,-0.5335,0.3474,-0.0694,-0.3927,0.0016,-0.0478,-0.3269,0.0768,0.0776,-0.1695,0.0762,-0.0912,-0.2268
"225,014=437,030",-1.0478,-32.5705,0.1594,-0.0406,0.0031,-0.1624,-0.1438,0.0057,0.0253,0.0150,-0.0452,-0.1854,-0.0804,-0.2908,0.1353,0.0528,-0.0587,-0.2158,0.0546,0.2609,0.1318,0.2679,0.2968,0.6558,0.4859,0.1568,-0.3655,-0.2656,-0.0511,-0.5971,-0.4678,0.1822
"156,II",0.6394,-8.2943,0.1670,-0.1795,-0.0381,-0.0161,-0.0342,-0.0075,0.0668,0.0960,-0.0882,-0.0094,-0.0481,0.0441,-0.0366,0.0825,0.0038,0.0402,-0.0137,0.0204,-0.0663,-0.0263,0.0539,-0.0468,0.0815,-0.0970,-0.0902,0.0242,-0.0276,-0.0320,-0.0034,-0.0045
"21,1",0.6905,15.3959,-0.0799,0.0271,0.0446,0.0136,0.0736,-0.0204,-0.0103,0.0663,0.0176,0.0609,-0.0460,-0.1309,-0.0933,0.0297,-0.0377,-0.0137,0.0334,0.0943,0.1379,0.1327,0.0542,0.0500,0.0704,-0.0461,0.0447,0.2120,0.0080,0.0406,-0.0367,0.0139
"366,030",-31.3920,40.4404,-0.2525,0.0637,0.0560,0.1958,-0.0657,-0.1069,-0.3326,0.0427,-0.8618,-0.0909,0.4652,-0.0800,0.3336,-0.1729,0.1534,0.0486,-0.1790,0.1519,-0.0700,-0.2029,0.0374,0.0590,0.0019,0.1677,0.1176,-0.0842,-0.0556,-0.0736,0.0604,0.2279
"203,001",-10.6203,7.2804,0.0239,-0.0804,0.1284,0.0420,0.1560,0.0739,0.0217,-0.0497,0.0795,-0.0140,-0.0188,-0.0119,-0.0669,-0.0122,-0.0565,-0.0250,0.1276,-0.1031,0.0220,-0.1956,0.1349,0.0978,0.0513,0.2141,0.1742,0.3301,0.0620,0.0538,0.0747,-0.0234
"372,007",-6.4516,25.6913,-0.1428,0.0134,0.0220,0.0091,0.1262,0.0219,0.0670,0.0012,-0.0289,0.0094,0.0205,-0.0115,-0.0990,-0.0078,-0.2401,0.2421,-0.0785,-0.1233,0.3643,0.1308,0.0646,-0.0044,0.0770,-0.0698,0.0486,0.2455,-0.0607,-0.1053,-0.0454,0.0287
"242,066",20.5747,40.0556,-0.0335,0.1453,-0.3647,0.2353,-0.6266,0.4177,0.0862,-0.3010,0.1699,-0.0791,-0.1338,0.1332,-0.0161,0.1560,-0.0007,-0.1486,-0.0585,0.1200,0.0307,-0.0023,-0.3459,0.2050,-0.1057,0.0472,0.1641,-0.1263,-0.1092,-0.1183,0.1308,0.1106
"457,034",36.3024,-4.1493,-0.0492,0.0656,0.0638,-0.0340,0.0267,-0.0157,-0.2653,0.0449,0.1461,0.0345,-0.1328,0.1469,0.1337,0.0934,0.0216,0.0762,0.1202,-0.4555,-0.2888,-0.1888,0.0292,0.0291,0.0525,0.1931,0.0768,0.4095,0.3619,-0.2666,0.2572,-0.0727
"205,005",-36.2764,16.5514,-0.1477,-0.1358,0.0852,0.0080,0.2058,-0.1664,0.1669,-0.1026,-0.0485,-0.0439,0.0146,0.1651,-0.0122,-0.1586,-0.1407,-0.2541,0.0299,-0.1654,-0.0723,0.0526,0.3195,-0.3129,-0.6365,-0.4609,0.9254,-0.8066,0.1811,-0.7095,0.0599,0.4230
"242,067",-25.9969,29.7664,-0.1943,0.0424,-0.0872,0.1607,-0.1706,0.1838,-0.0800,-0.2057,-0.6102,-0.1892,0.3094,0.0155,0.2624,0.0146,-0.0295,-0.0744,0.1415,0.1626,-0.0672,-0.0812,0.0187,-0.1238,0.0666,0.0805,-0.0728,-0.0430,-0.1176,0.1302,-0.2801,-0.0476
"457,035",-17.0405,26.9585,-0.2773,0.1345,-0.0068,0.1704,-0.0316,-0.0098,-0.0611,0.0770,0.1319,0.2413,-0.0798,-0.0408,-0.0988,-0.2548,0.0778,-0.0110,-0.2295,-0.2298,-0.1395,0.0764,-0.0130,-0.1448,0.0951,0.1328,-0.2016,-0.0465,0.0917,0.1265,-0.1031,0.0921
"030,021",14.0760,28.2084,-0.2752,0.0746,0.0279,0.0641,0.1839,0.0419,-0.1509,-0.1127,0.0316,0.0998,-0.1664,-0.2345,0.0061,-0.1833,-0.3403,0.2163,0.1609,0.2615,0.2761,0.4008,0.3497,0.2713,0.2495,-0.0797,0.1472,0.5208,-0.2633,-0.1344,0.0470,-0.1304
"010,047",33.6189,0.2292,0.1657,0.0891,0.1052,-0.0183,-0.0214,-0.0512,-0.0141,0.0194,0.0364,0.0482,0.0497,-0.0771,-0.0784,0.2806,0.1156,0.0294,0.0315,-0.3070,-0.1574,-0.0496,0.0308,-0.0813,0.0284,0.1548,0.2608,0.2818,0.1754,-0.1490,-0.1711,-0.0956
"242,068",3.5887,22.7784,-0.0286,0.0724,-0.0375,0.0558,-0.1216,0.0416,-0.0189,-0.0408,0.0386,0.0032,-0.0133,-0.0585,-0.0976,0.1242,0.0122,-0.1209,0.0996,0.0310,0.0639,-0.0476,-0.0233,-0.0089,-0.0646,0.0149,0.0231,0.0195,-0.0004,0.0474,-0.0406,0.0422
"Glo,002",-7.3131,-10.2484,0.0039,-0.1518,-0.0425,-0.1606,-0.0004,0.1190,0.1438,0.1300,-0.0321,-0.0608,0.1124,0.1992,0.0094,-0.0557,-0.0430,0.0131,-0.0443,-0.0888,-0.1041,0.1067,0.0495,0.1259,-0.0941,-0.0835,-0.1088,-0.0148,-0.0137,-0.0205,0.1057,-0.2380
"364,042",3.7626,9.9529,0.0065,0.0253,0.0414,-0.0237,-0.0432,-0.0024,0.0272,-0.0044,-0.1175,0.0625,-0.0550,0.0368,-0.0840,0.1089,0.0116,0.0365,0.0366,-0.1821,0.0371,-0.0126,-0.0020,0.0645,0.0193,-0.0754,0.0280,0.0847,-0.0112,0.0276,0.0217,0.0301
"234,017",-8.4651,13.9538,-0.2535,-0.0227,-0.0772,0.0337,0.0995,0.2543,0.0927,-0.1982,0.0269,-0.0255,-0.0428,0.1084,0.0099,-0.0778,-0.1456,-0.0863,0.0866,0.0259,0.0829,0.1595,0.1265,0.1290,-0.1137,-0.1562,0.2510,0.1004,-0.0831,-0.1072,-0.2396,-0.1228
"082,082",-0.4221,-7.8625,-0.0012,-0.1014,0.0188,-0.1265,0.1193,-0.0037,0.0978,0.2373,0.0111,-0.1823,0.0951,0.0936,-0.0905,0.0583,-0.1436,-0.0272,-0.1697,-0.1289,0.1573,-0.0015,0.0237,-0.0590,-0.1307,-0.0028,-0.0612,-0.0423,0.0179,-0.0169,0.0696,0.0005
"005,003",-28.9396,-1.0089,0.0773,0.0283,-0.1950,0.0784,0.0426,0.1354,0.0326,0.0072,0.1158,-0.0741,-0.0172,0.0020,-0.1622,-0.0040,0.3932,0.4827,-0.1605,0.3445,-0.0828,0.1918,-0.2774,0.0334,-0.0948,-0.0990,0.0637,0.0391,0.2371,0.0653,-0.0473,0.1774
"456,002",9.5720,17.1628,0.0336,0.0859,0.0576,0.0301,0.0508,0.0364,-0.0247,-0.0605,-0.0100,0.0237,-0.1086,-0.2943,0.0595,0.0213,-0.1792,0.1993,0.0748,0.2155,0.0282,0.1691,0.1683,0.0352,0.1263,0.0338,0.0796,0.1694,-0.1349,0.0014,-0.1404,0.0097
"167,052",0.3602,49.2679,-0.2099,0.1331,0.0712,0.1329,-0.0675,-0.7080,0.1698,-0.1809,0.1020,0.1367,-0.0007,0.1502,0.0559,-0.0560,-0.0889,0.0987,-0.1263,-0.1080,-0.0469,0.0035,0.0275,-0.0814,0.0508,0.0598,-0.0351,0.0236,-0.0046,0.1351,-0.0029,0.1582
"082,014",13.6794,1.9410,0.0838,-0.0572,-0.0054,-0.0970,0.0313,0.0067,0.0713,0.1320,0.0894,-0.1390,0.0104,-0.0837,0.0252,0.0894,-0.0673,0.1010,-0.1544,-0.1778,-0.2335,0.1119,0.1049,0.0254,-0.1951,0.1319,-0.0736,0.0011,0.1155,0.0658,0.1113,-0.0235
"379,002",24.7882,8.1888,0.0316,0.0266,0.0591,-0.0552,0.1282,-0.0958,-0.0221,0.1110,0.1576,-0.0700,-0.0899,-0.1777,-0.0925,0.1576,-0.0590,0.0445,-0.3259,0.0708,-0.1671,-0.0659,0.0692,-0.0170,-0.0376,0.3362,0.0928,-0.1724,0.1178,0.3999,0.0262,-0.0261
"194,019",-6.2324,10.2880,-0.1089,-0.0113,0.0030,-0.0219,0.0581,-0.0220,0.0395,0.0571,0.0357,-0.0134,0.0135,-0.0061,-0.0452,-0.0674,-0.0920,-0.0215,0.0267,-0.0030,0.0425,0.1314,0.0733,0.0030,-0.0165,-0.0293,0.0029,0.1010,0.0076,-0.0010,-0.0382,-0.0214
"366,031",-35.1013,-8.9348,-0.3381,0.1225,-0.0038,0.1234,0.0500,0.0834,-0.1820,0.6248,0.4337,0.7760,-0.4953,0.6085,1.5004,0.7402,0.2423,0.0246,-0.0299,0.1132,0.2090,-0.1229,0.1416,-0.1468,0.0250,0.0367,0.0243,0.0517,0.0888,0.0823,0.0291,0.0505
"437,031",-16.6369,15.0142,-0.1690,0.0131,0.0305,-0.0072,0.1323,-0.0174,-0.0250,0.0242,0.0754,0.1257,0.0006,-0.0602,-0.0680,-0.0837,-0.0937,-0.0754,0.0834,-0.0035,0.0470,-0.0150,0.1178,-0.0767,-0.1337,-0.0636,0.0807,-0.0222,0.0971,0.0208,-0.0314,0.0422
"461,221",-9.4663,-15.1624,0.1614,-0.3706,-0.0261,-0.1021,-0.0199,0.0111,0.1473,0.2332,-0.0740,-0.2071,0.0736,0.1850,-0.0337,0.0697,-0.0836,0.0615,-0.0414,-0.0262,-0.1262,-0.0172,0.1766,-0.0241,0.0939,-0.1371,-0.1884,0.3446,0.4169,-0.1499,0.0678,-0.2141
"437,032",-6.5239,22.4822,-0.2447,0.0618,0.0672,0.0552,0.1808,-0.1267,0.0011,-0.1288,0.0272,0.1237,-0.0176,-0.2081,-0.0779,-0.0378,-0.0345,0.1038,0.1124,0.0209,0.2135,0.0315,0.0780,0.0924,-0.0462,-0.0358,-0.0114,0.0994,-0.0553,0.1196,0.1068,-0.1595
"434a,058",0.9773,-48.3215,0.3202,-0.2120,0.0453,-0.9839,-0.1186,-0.0211,-0.5920,-0.5261,0.0662,0.4702,0.1565,0.1137,0.0647,-0.1005,0.1002,-0.0233,-0.0253,-0.1285,0.0151,-0.0470,-0.0561,-0.0327,-0.0225,-0.0086,-0.0140,-0.0028,-0.0295,0.0009,-0.0016,0.0515
"355,017",-21.2458,14.3564,-0.1809,-0.0749,0.0709,0.0301,0.1714,-0.0710,-0.0555,0.1171,0.1401,0.0399,-0.0075,-0.0760,-0.1186,-0.1297,-0.1477,-0.1360,-0.0423,0.0293,-0.0072,-0.0600,0.1890,-0.1179,-0.3103,-0.0572,0.0676,-0.1657,0.0157,-0.0196,0.0973,0.1539
"289,002",7.8961,9.1018,0.1494,-0.0709,-0.1766,-0.2059,-0.1560,0.1735,0.0073,-0.1720,0.0698,0.0619,0.0062,-0.0683,0.1649,-0.0833,-0.2184,0.2491,-0.0156,0.0482,-0.0423,0.0907,0.0693,-0.0270,-0.0810,0.0582,0.0129,-0.0259,-0.1562,0.0089,0.1566,-0.0329
"349,009",-0.6565,27.7649,-0.0182,0.1520,0.1374,0.1441,0.0617,0.0055,-0.0616,0.0857,0.0961,0.1578,-0.0147,-0.0644,-0.0330,0.1245,0.1135,-0.0190,0.0726,-0.0257,0.0638,0.0371,0.0181,-0.0455,-0.1140,-0.0902,-0.0644,-0.0084,0.1338,0.0117,-0.1050,-0.0325
"155,020",-21.9347,10.8906,-0.1820,-0.0313,0.0062,-0.0257,0.1742,0.0564,0.0234,0.0981,0.0611,0.0594,0.0395,0.0232,-0.1175,-0.1427,-0.0746,-0.1366,0.0713,0.1209,0.1077,-0.1126,0.0486,0.0867,-0.0621,0.0398,0.1745,0.0239,-0.0346,0.1459,0.0472,0.0290
"427,006",-6.2803,-13.7089,0.0837,-0.2398,0.0083,-0.0995,0.0204,0.0370,0.1483,0.2195,-0.0151,-0.1633,0.0962,0.1018,-0.0339,0.0359,-0.0324,-0.0662,-0.0408,-0.0428,-0.0647,0.0170,0.1001,-0.0991,-0.0487,-0.0691,-0.1016,0.1645,0.1912,-0.0516,0.1003,-0.0578
"030,022",4.9177,23.5076,-0.2236,0.0608,-0.0182,0.0554,0.1032,0.1046,-0.0915,-0.0984,0.0539,0.0819,-0.1013,-0.1518,0.0361,-0.1935,-0.2462,0.2041,0.0044,0.1145,0.1090,0.2057,0.2052,0.0539,0.1340,0.0014,0.1043,0.1625,-0.1732,-0.1707,0.1281,-0.1361
"355,016",22.7497,2.7597,0.1277,0.1122,0.1206,0.0403,0.0461,-0.0453,-0.0354,0.0463,0.0892,0.0410,0.0167,-0.1070,-0.0603,0.0473,0.0194,0.0384,-0.0491,0.0244,-0.0942,-0.0341,-0.0295,-0.1040,0.0306,0.0755,-0.0023,-0.0677,0.1048,0.0080,-0.0322,0.0532
"392,030",27.5692,-23.0232,-0.0329,-0.0015,0.0831,-0.1400,0.1043,-0.0206,-0.6063,-0.0883,0.0812,-0.3628,-0.1756,0.2445,0.0261,-0.1215,-0.0186,0.0549,0.0285,-0.0088,0.0079,0.0448,-0.0201,0.0305,-0.0459,-0.0202,0.0478,0.0086,-0.0617,0.0088,-0.0253,0.0150
"242,069a",-30.9667,37.9998,-0.2374,0.1284,-0.0123,0.2838,-0.2829,0.0205,-0.3341,-0.0896,-0.7920,-0.0584,0.4414,-0.0975,0.2405,-0.0471,0.2369,-0.1402,-0.1998,0.1065,0.0009,-0.1873,-0.0094,-0.0279,-0.0141,0.0642,0.0727,-0.0322,-0.0349,-0.0154,-0.1010,-0.0438
"457,036=310,003",-41.9242,-11.0279,-0.4024,0.0072,0.0438,0.0041,0.7934,0.3044,0.2143,-0.6817,-0.0508,-0.1311,-0.2163,-0.1275,0.1110,0.0833,-0.0883,0.0470,0.0290,0.1475,0.1308,0.0082,0.2218,0.1924,0.3024,0.0586,-0.0689,0.3227,-0.1412,-0.1038,0.0335,-0.2139
"282,023",-28.8999,-3.8937,-0.2103,-0.0312,-0.0511,-0.0113,0.0636,0.1350,0.0310,0.3587,0.1254,0.2547,-0.1612,0.3962,0.6939,0.2382,0.0589,-0.0921,-0.0193,0.1312,0.0763,0.0189,0.1379,0.0676,-0.0489,-0.0111,-0.0022,-0.0266,-0.0867,0.0215,-0.0551,-0.0032
"236,009",-0.2741,0.1469,0.0091,-0.1029,-0.0116,-0.0225,0.0552,0.0345,0.0226,0.1401,0.0074,-0.0232,0.0292,-0.0617,-0.0895,0.0308,-0.0655,0.0246,0.0184,0.0744,-0.0757,-0.0323,0.1573,0.0172,-0.1204,-0.0754,-0.1448,0.0016,0.1149,0.2239,0.0726,-0.0114
"244,016",-3.1403,30.4889,-0.1863,0.1341,0.0836,0.1654,0.0022,-0.1293,-0.2134,-0.0099,-0.1668,0.1398,0.0107,-0.1776,-0.0184,0.0647,0.0662,0.0006,-0.0081,-0.1763,-0.0489,-0.0008,0.0624,-0.0852,-0.1151,-0.0547,-0.1159,-0.0268,0.0977,0.1115,0.0694,0.1509
"006a,001=175a,001",1.4641,-5.8493,-0.0028,-0.1124,0.0017,-0.2115,0.0520,0.0174,-0.0562,0.1254,-0.0057,-0.0222,0.0896,0.1101,-0.0243,-0.0481,0.0336,-0.1208,-0.0123,0.1026,0.0126,-0.0778,-0.0076,-0.0426,-0.0656,-0.0319,0.0286,0.0007,0.0002,0.0001,-0.0126,-0.0363
"434a,061",-0.7049,6.9503,0.1196,0.0131,0.0530,-0.2408,0.0335,0.0591,-0.0622,-0.1429,0.0868,0.2454,0.1051,-0.0856,-0.0629,-0.0944,-0.1075,0.0590,0.0716,-0.0407,0.0037,-0.0148,0.1118,0.0711,-0.0585,0.1875,0.1102,0.1086,-0.0325,0.1651,0.1235,0.2632
"124,016",19.5532,-9.0636,0.0689,0.0267,-0.0180,-0.0014,0.0219,0.0123,-0.0321,0.0989,0.0201,0.0037,0.0641,-0.1703,-0.1298,0.1288,0.0234,0.0092,-0.0559,0.2880,0.0243,-0.2297,-0.1172,-0.2403,0.0787,-0.0541,0.0406,-0.0633,0.2614,0.1129,-0.0078,0.0603
"242,073",-34.7740,29.1708,-0.2085,0.1413,-0.2546,0.2641,-0.5767,0.3748,0.0015,-0.2321,0.0221,-0.0246,-0.0395,0.2349,-0.0535,-0.2019,0.1386,-0.3161,-0.3187,-0.0109,0.0521,-0.1106,0.0934,-0.0425,0.1099,-0.0052,0.0034,-0.0094,-0.0367,-0.0439,-0.0706,-0.0609
"211,001",30.5219,-33.4059,0.0597,-0.0165,0.2039,-0.2608,0.1640,-0.1939,-1.3867,-0.0492,0.2394,-0.9056,-0.4843,0.4865,-0.0112,-0.0149,0.0212,-0.0081,-0.0327,-0.1140,-0.0441,-0.0604,-0.0914,0.0416,-0.0072,0.0596,0.0133,0.0585,-0.0342,0.0687,-0.0652,0.0555
"154,006",40.5822,11.1853,0.8511,0.4257,0.6057,0.3282,0.1745,0.1873,0.1176,-0.0231,-0.0571,0.0898,0.0408,0.2277,0.0059,-0.1652,-0.0057,-0.2111,0.0471,0.0140,0.1096,0.1687,-0.0594,0.0370,0.0572,0.0703,-0.0970,-0.0672,0.0063,0.0888,0.1140,0.0763
"242,074",18.7286,40.0090,0.0418,0.1260,-0.3753,0.2234,-0.5083,0.3026,0.0250,-0.2589,0.1246,-0.0569,-0.1020,0.0595,-0.0877,0.2439,0.0186,-0.1891,-0.0217,0.0629,0.0637,-0.0743,-0.3424,0.2216,-0.1092,0.0046,0.1129,-0.1279,-0.1003,-0.0894,0.0473,0.0148
"243,009",25.2475,-18.7114,0.1063,-0.0064,0.1126,-0.1235,0.0974,-0.0833,-0.3945,0.0917,0.0749,-0.3166,-0.1159,0.1064,-0.1066,0.1002,0.0944,-0.0916,-0.0217,0.0308,-0.0200,0.0293,-0.1532,-0.1233,0.0369,0.0094,-0.0262,-0.0646,0.0173,0.0793,-0.0579,-0.0255
"167,053",1.1247,50.7263,-0.1988,0.1385,0.1119,0.1346,-0.0669,-0.7900,0.0921,-0.1877,0.0808,0.0778,0.0801,0.0889,0.0519,0.0261,-0.0615,0.1554,-0.1036,0.0278,-0.0979,-0.0240,-0.0044,-0.1170,0.0555,-0.0460,-0.0768,-0.1293,0.1113,-0.0060,0.2491,-0.3302
"002,002",-21.5663,14.5531,-0.1757,-0.0113,0.0176,0.0459,0.0960,-0.0029,0.0200,0.0885,0.0145,0.0828,0.0615,0.0374,-0.0859,-0.0864,-0.0360,-0.1365,0.0915,-0.0335,0.0095,0.0366,0.0549,-0.0852,-0.2223,-0.1445,0.2802,-0.0860,0.0570,-0.0362,-0.0692,0.0144
"437,033",-25.0399,1.1424,-0.1537,0.0239,-0.0191,0.0201,0.1704,0.0809,0.0498,-0.0198,0.1162,0.0292,-0.0452,0.0674,-0.1242,-0.1388,0.2852,0.3220,-0.0789,0.1536,-0.0760,0.1253,-0.2931,0.0554,-0.0024,-0.0817,-0.0882,0.0882,0.2453,-0.0572,0.0648,0.1587
"074,017",1.2588,6.9872,-0.0593,0.0195,0.0341,-0.0296,0.0021,-0.1884,0.0366,0.0472,0.0134,0.0211,-0.0264,0.0645,-0.0580,-0.0005,0.0453,0.0508,-0.1252,-0.0608,0.0221,-0.0066,0.0227,0.0204,0.0388,0.0043,-0.0332,-0.0753,0.0527,0.0066,0.0577,0.0386
"102,003",24.3233,14.7535,0.3857,-0.0410,-0.5203,0.0928,0.2356,-0.2134,-0.1482,-0.0330,-0.0107,0.1791,-0.1675,-0.3012,0.0928,-0.0252,0.1433,-0.0047,-0.1175,-0.4185,-0.1271,0.1406,0.2228,-0.1173,-0.1138,-0.0097,0.1373,0.1949,-0.0151,0.1991,-0.1334,0.4173
"167,054",-36.3803,26.4020,-0.2398,0.0965,-0.0870,0.1832,-0.2219,0.1642,-0.0584,-0.0384,0.0801,0.0769,-0.0742,0.0622,-0.0657,-0.3645,0.0439,-0.1615,-0.5868,-0.1808,-0.1065,-0.0725,0.4068,-0.2001,0.0425,0.1324,-0.0662,-0.1336,0.0378,0.1320,0.0324,-0.0196
"080,041",-22.8101,11.2551,-0.1720,-0.0562,0.0102,-0.0054,0.2322,0.0424,0.1098,-0.0519,-0.0207,-0.0629,0.0400,0.0291,-0.0543,-0.0444,-0.0513,0.0222,-0.0471,-0.0665,0.1092,0.0092,0.1834,-0.1308,-0.2090,-0.1549,0.1759,-0.0951,-0.0090,-0.0647,-0.0596,0.0688
"050,002",-3.7901,4.0403,0.0337,-0.0452,-0.0478,-0.1199,0.0038,0.0101,0.0813,0.1238,0.0406,-0.1131,0.0128,-0.0351,-0.0554,-0.0118,-0.0635,-0.1093,0.0690,0.0111,0.1823,0.0825,0.0811,0.0882,0.0907,0.0843,0.1801,0.0765,-0.0388,-0.0185,-0.0464,0.0351
"246,062",39.3783,1.9126,0.3250,0.0794,0.0184,0.0376,-0.0944,0.0734,0.1846,0.0545,0.1091,-0.2183,0.0571,0.0714,-0.0686,0.3478,0.0807,0.3456,-0.0078,-0.5394,-0.2720,-0.0789,0.2409,0.0618,-0.0480,0.4845,0.3510,0.1733,-0.0306,-0.2474,0.0643,0.0052
"132,012",-24.7742,39.3549,-0.2016,0.1462,0.1294,0.2185,0.0061,-0.1297,-0.3855,-0.0848,-0.6549,0.0799,0.2268,-0.4022,0.2173,0.1435,0.1255,0.1007,-0.1055,0.0448,-0.0547,-0.0543,0.1285,-0.0001,-0.1268,-0.0669,-0.0366,-0.1283,0.0179,-0.1167,0.2166,0.1076
"242,070",17.0016,45.9642,-0.0417,0.1789,-0.2215,0.2205,-0.7189,0.1769,0.0483,-0.4292,0.0734,-0.1252,-0.0879,0.1231,-0.0943,0.2062,-0.0056,-0.3858,0.2494,0.0195,0.1637,-0.1591,-0.0730,0.2486,-0.0051,-0.0847,-0.0733,-0.0330,0.0527,-0.1868,-0.1918,0.0810
"219,001",-27.7176,-24.5295,0.2193,-0.0793,-0.6249,0.1582,-0.1738,0.1622,0.0208,-0.0122,0.0847,-0.1593,-0.0693,0.1605,0.1529,-0.3103,-0.1709,0.1353,0.5453,0.1773,0.1115,-0.5039,0.1861,-0.3141,0.1071,-0.0374,-0.0551,-0.0401,0.4375,-0.0077,0.4885,0.1079
"074,016",-31.9558,16.9306,-0.2465,-0.1375,0.0265,-0.0458,0.4504,0.0941,0.2578,-0.3127,0.0192,-0.1491,0.0234,0.1822,0.0681,-0.0486,-0.1065,-0.1520,-0.0389,-0.0625,-0.1134,0.0315,0.1174,-0.1991,-0.4600,-0.2368,0.4481,-0.5271,0.0239,-0.4424,0.0836,0.1797
"030,023",7.9208,23.5897,-0.2347,0.1210,0.0677,0.1149,0.1206,-0.0426,-0.2307,-0.0774,-0.0720,0.1742,-0.0357,-0.3768,-0.0135,-0.0557,-0.0264,0.1457,-0.0472,0.3755,0.1984,0.1467,0.1636,0.0520,0.1619,-0.0709,0.1080,0.2231,-0.0838,-0.1631,0.1350,-0.2164
"364,043",4.6609,-27.0288,0.0611,-0.0066,0.0090,-0.1518,-0.0314,0.0237,0.0089,0.0418,0.0742,0.0351,0.0156,-0.1058,-0.0444,0.0683,0.0266,-0.1898,0.0045,0.0866,0.1084,0.0720,0.0519,0.3236,0.1691,0.1099,-0.0979,-0.1857,0.0339,-0.1686,-0.1365,0.0168
"242,071",17.1537,36.9253,-0.0729,0.1244,-0.2062,0.1638,-0.4507,0.2753,0.0398,-0.1990,0.1157,-0.0829,-0.0793,0.0606,-0.0812,0.1428,-0.0181,-0.2450,0.1639,-0.0094,0.0614,0.1138,-0.2131,0.1711,-0.0128,0.0310,0.1024,-0.0845,-0.1978,-0.1309,0.0266,0.0747
"242,072",15.3520,37.1086,-0.0303,0.0848,-0.1664,0.0698,-0.4176,0.1855,0.0356,-0.1764,0.0588,-0.0106,0.0072,0.0671,-0.1043,0.1233,0.1306,-0.2243,0.0810,0.0757,0.1132,-0.1340,-0.2562,0.0140,-0.1183,-0.0318,0.0221,0.0392,-0.2378,-0.1173,0.0641,-0.0196
"330,016",-15.6637,-24.3556,-0.0321,0.0671,0.0212,0.0422,-0.0541,0.0290,0.1122,0.1327,0.0739,-0.0327,0.0430,0.0394,-0.4282,0.0917,0.9526,0.6320,0.6800,-0.1496,0.4299,-0.2253,0.6047,-0.1790,-0.2384,0.3879,-0.0042,-0.2868,-0.5035,-0.2061,-0.0807,-0.2774
"266,011",16.2078,-49.7844,1.1492,-0.2010,-2.1174,0.8617,0.9515,-0.5756,-0.4455,-0.1061,-0.0039,0.3950,0.1046,-0.0295,-0.0606,0.0470,0.1498,-0.1632,-0.0593,-0.2825,0.0171,0.1060,0.0815,0.0847,-0.0666,0.0898,0.0176,0.0288,-0.1281,0.0122,-0.0590,0.0138
"242,069=012a,001",17.1031,40.1589,0.0180,0.0948,-0.1603,0.0644,-0.5284,0.2140,0.0300,-0.3096,0.0277,-0.0184,-0.1123,0.1733,-0.1206,0.2104,0.0249,-0.2372,0.3513,-0.1952,-0.0005,-0.2402,-0.0909,0.2055,-0.0166,-0.0820,0.1572,0.4008,0.3536,-0.3261,0.2396,-0.0172
"057,004",-8.3768,9.3614,-0.1032,-0.0228,-0.0078,-0.0316,0.1094,0.0489,0.0652,0.1015,0.0366,-0.0309,0.0082,0.0113,-0.0204,-0.0732,-0.0700,0.0358,0.0624,0.0185,0.0669,0.1157,0.1429,-0.0147,0.0001,-0.0916,0.0566,0.0599,-0.0337,-0.0007,-0.1452,0.0080
"349,008",7.6219,11.2772,-0.0618,-0.0050,0.0021,-0.0330,0.0438,-0.0052,0.0500,0.1796,-0.0527,-0.0763,0.0683,-0.0433,-0.0804,0.2702,-0.1965,0.1982,-0.2774,-0.2591,0.2297,0.1021,-0.0480,0.1060,-0.1628,-0.1363,-0.2689,-0.2731,-0.0087,0.1179,0.5506,-0.6158
"082,083",14.0249,-13.0783,0.0705,0.0154,0.0637,-0.0168,0.0615,-0.0976,0.0136,0.1396,0.0025,-0.0787,0.0585,-0.1572,-0.0984,0.1953,-0.0208,0.0659,-0.2246,0.1163,-0.0744,-0.0452,0.1123,-0.2010,-0.0985,-0.0210,-0.3435,0.2445,-0.0302,-0.1788,-0.0863,0.2720
"047,009",27.1689,19.5338,0.0329,0.0317,-0.0145,-0.0236,-0.0520,0.0875,0.0757,0.0221,0.0704,-0.0934,-0.0349,-0.1828,0.0056,0.1075,-0.2461,0.1841,-0.2447,-0.2048,-0.2031,0.1720,0.2567,0.2028,-0.4041,0.3170,-0.2406,-0.2127,-0.1544,0.4265,-0.0174,0.0529
"106,020",-7.5573,22.9109,-0.1720,0.0586,0.0292,0.0575,0.0455,-0.1009,-0.0064,0.0693,0.0652,0.0936,0.0032,-0.0936,-0.1263,0.0038,0.0071,-0.1102,-0.0007,-0.0744,0.0258,0.0442,0.0205,0.0679,-0.0815,0.0370,-0.0701,0.0437,0.0559,0.0773,0.1009,0.0221
"202,012",28.1217,-1.1683,0.3027,0.1155,-0.0731,0.0456,-0.0509,-0.0128,-0.0702,-0.0575,0.1624,-0.0355,-0.0006,-0.2637,-0.0471,0.3435,-0.1070,0.1126,-0.0287,0.2481,-0.2440,-0.1330,-0.0137,-0.2129,0.2094,0.2203,0.1433,-0.2207,-0.0325,-0.1257,-0.1815,-0.0358
"082,085",30.5072,4.2663,0.3074,0.0708,0.1070,-0.0400,-0.0479,-0.0304,0.0497,0.1334,0.0964,-0.2443,-0.0677,-0.1391,0.0501,0.1676,0.2253,0.0405,0.0655,-0.2159,-0.2419,-0.1359,0.0771,-0.1169,-0.0122,0.1482,-0.0066,0.1981,-0.1882,-0.3938,-0.1172,0.0242
"101,013",-16.6180,11.5705,-0.1521,-0.0081,-0.0005,-0.0158,0.1817,0.0768,0.0712,0.0348,0.0968,-0.0019,0.0057,0.0359,-0.1610,-0.1081,0.0753,0.0032,0.0819,0.1091,0.0701,-0.0805,0.0073,-0.0556,-0.0649,-0.0251,0.1199,-0.0053,-0.0023,0.1155,-0.0171,0.0173
"080,040",1.6047,-9.1466,0.2638,-0.1093,-0.3808,-0.0238,0.0825,-0.0256,0.0955,0.1197,0.0278,-0.0744,0.0650,0.0202,0.0218,0.0884,0.0516,-0.0281,-0.1499,-0.0158,-0.0839,0.0818,-0.1456,0.0714,-0.2036,-0.0081,-0.0350,-0.0588,-0.0637,-0.0378,0.1290,-0.0726
"355,015",-5.3682,13.4288,-0.1210,-0.0350,0.0267,-0.0129,0.1672,0.1354,0.0150,-0.0928,0.0841,-0.0224,-0.0258,0.0212,-0.0440,-0.0947,-0.0500,0.0611,0.0876,0.1658,0.1106,0.2296,0.1502,0.1174,-0.0843,-0.0742,0.0686,0.0724,-0.0144,0.0982,-0.0089,0.1658
"404,010",16.9205,16.7792,0.0927,0.1179,-0.0583,0.0673,-0.1372,0.1433,-0.0008,-0.0760,0.0332,-0.0578,-0.0961,-0.3294,0.0924,0.2187,-0.2404,0.3695,0.0661,0.2552,-0.2617,0.2260,0.0480,0.1285,0.0499,0.1112,0.0418,-0.0649,-0.2830,-0.0486,-0.0453,-0.0107
"256,001",21.1803,9.5037,0.2219,0.0825,-0.1181,0.0520,-0.1152,0.0823,-0.0116,-0.0324,0.1176,-0.0747,-0.0342,-0.1640,0.0075,0.1650,-0.1305,0.0875,0.0245,0.1519,-0.1659,-0.0116,-0.0266,0.0112,0.1137,0.1884,0.0345,-0.1583,-0.1070,-0.0884,-0.0973,0.0409
"106,021",-22.5663,6.7963,-0.2326,0.1142,-0.0595,0.1408,-0.0425,0.1209,-0.1062,-0.0075,0.1685,0.0685,-0.0994,0.0879,-0.0855,-0.2703,0.2013,0.2656,-0.0185,0.1483,-0.0028,0.1591,-0.2376,0.0409,0.1108,-0.0819,-0.0681,0.0424,0.0852,-0.0777,-0.0361,0.1889
"106,022",-15.6734,-13.3579,-0.1273,-0.0335,-0.0826,0.0436,-0.0846,0.1403,-0.1014,-0.0279,-0.4449,-0.1760,0.2758,-0.0096,0.2148,-0.1032,-0.3236,0.2033,0.2890,0.2095,-0.0906,-0.1023,0.1658,-0.1942,-0.0922,-0.0244,-0.1437,0.0067,-0.0057,0.2435,-0.2688,-0.0608
"106,024",-10.6180,0.5765,-0.1414,-0.0442,-0.0588,-0.0803,0.0332,0.0934,0.0337,0.1707,0.0922,0.0153,0.0120,0.2207,0.1430,-0.0918,-0.0609,-0.0738,0.0571,0.0977,0.0393,0.0159,0.0205,0.0363,-0.0756,0.0483,0.0395,-0.0426,-0.1690,0.0418,0.0760,0.0139
"074,015",31.9426,-35.2226,0.0468,-0.0496,0.1798,-0.3534,0.1994,-0.2033,-1.4828,-0.0565,0.2418,-0.9943,-0.4910,0.5693,-0.0427,-0.0822,-0.0028,-0.0198,-0.0578,-0.0205,0.0831,-0.0156,-0.1654,0.0887,-0.0236,0.0185,0.0202,-0.0729,-0.0821,0.1552,-0.0778,-0.0150
"394,001",-21.1313,4.3751,-0.1426,0.0091,-0.1826,0.0773,-0.1905,0.2928,0.0614,-0.0876,0.0897,-0.0166,-0.0156,0.1944,-0.0000,-0.2613,0.0972,0.2769,-0.1969,0.2121,-0.1042,0.2293,-0.2020,0.0775,0.0664,-0.1393,0.0430,0.0848,0.0847,-0.1080,0.0311,0.0870
"374,002",-9.3704,-2.4731,-0.0157,0.0064,-0.1793,-0.0172,-0.2244,0.1849,0.1440,-0.0174,0.1066,-0.0934,-0.0187,0.0895,0.0103,-0.1705,-0.0737,-0.0773,-0.2016,0.0434,-0.0037,-0.0368,0.0999,-0.0216,-0.0794,0.0491,0.1019,-0.1135,-0.0027,0.1121,0.0802,-0.0744
"461,224",22.2240,8.9133,-0.0452,0.0600,0.0349,0.0459,0.0536,-0.0493,0.0273,0.1345,0.0834,0.0451,-0.0262,-0.1441,-0.1267,0.1093,0.0345,0.0703,-0.2518,-0.0774,-0.1621,0.0571,-0.0015,0.0090,-0.1144,0.1385,-0.0751,-0.1106,0.1306,0.2639,-0.0156,0.0614
"308,001",22.5856,6.0027,0.0476,0.0106,0.0638,-0.0307,0.0522,-0.0787,0.0513,0.1143,0.1286,0.0113,-0.0081,-0.1854,-0.1447,0.1390,-0.0400,0.0113,-0.3343,0.0147,-0.1231,-0.0760,0.1010,-0.0459,0.0327,0.2263,0.0341,-0.1426,0.0953,0.3208,-0.0298,0.0026
"065,003",26.1401,0.3021,0.3779,0.1578,0.1886,0.0591,0.0240,-0.0099,-0.1673,0.0339,0.1434,-0.1361,-0.0347,-0.2140,-0.0556,0.3034,-0.0457,0.0676,-0.1185,0.0937,-0.3387,-0.1067,0.1410,-0.2563,0.0667,0.0970,-0.1698,0.1177,-0.1703,-0.2071,-0.1694,0.2602
"155,021",-6.4249,27.3846,-0.1156,0.0213,-0.0047,-0.0192,-0.0242,0.0000,-0.0523,-0.0140,-0.0489,0.0086,0.0263,-0.0131,-0.0221,0.0519,-0.3127,0.1772,0.1172,-0.1075,0.3129,0.0680,-0.0084,0.0196,0.0209,-0.1349,-0.1576,-0.0238,0.0102,-0.0834,-0.2051,0.0440
"377,005",32.1237,8.1277,0.4719,0.2425,0.3220,0.1524,0.0675,0.0394,-0.1151,-0.0146,0.0621,-0.0997,-0.0370,-0.0745,0.0455,0.1246,-0.0255,0.0018,-0.0756,0.0409,-0.1274,0.0989,0.0096,-0.0969,0.0593,0.1102,-0.0726,0.0034,-0.0189,-0.0983,0.0245,-0.0404
"337,001",28.9454,9.0947,0.3518,0.1700,0.2101,0.1027,0.0760,0.0993,0.0757,0.0567,0.0164,-0.0148,0.1017,0.0718,-0.0235,0.0138,-0.1429,0.0463,-0.0188,-0.1476,0.1060,0.0560,-0.1009,-0.1937,0.0613,0.0983,0.0466,0.0000,0.0915,0.0640,0.1058,0.1126
"330,017",-12.7365,22.5959,-0.1104,0.0465,0.0775,0.0286,0.1445,-0.0736,-0.0843,0.1464,0.1450,0.1895,-0.0291,-0.1878,-0.1740,0.0340,-0.0357,-0.0433,-0.0592,0.0975,-0.0740,-0.0928,-0.1065,-0.2386,-0.0218,-0.1030,0.0096,0.0519,0.1641,0.0641,0.0275,-0.0987
"246,063",0.0674,-7.1634,-0.0377,-0.0379,0.0194,-0.0757,0.0541,-0.1085,0.0488,0.1679,-0.0392,-0.0753,0.0958,-0.0226,-0.0009,0.0062,-0.0446,-0.0269,-0.1309,-0.0824,0.0276,0.0408,0.0396,-0.0069,-0.0450,0.0048,-0.1581,-0.0706,0.0423,-0.1259,0.0946,-0.0287
"133,013",-24.6968,-15.6508,-0.0941,0.0812,-0.1376,0.0877,-0.2707,0.0542,0.0215,-0.1525,0.0596,-0.0782,-0.0220,0.1238,0.0025,-0.0798,-0.2948,-0.0424,0.3760,0.0895,-0.0727,-0.0697,0.0359,0.0062,-0.0078,-0.0107,-0.1366,-0.0617,0.0496,0.1095,-0.1576,0.1166
"323,024",-28.5052,2.0161,-0.0238,0.1040,-0.1042,0.1443,-0.0942,0.2045,0.0307,-0.0603,0.1160,0.0433,-0.0634,0.1016,-0.0933,-0.1921,0.4095,0.3941,-0.3302,0.3423,-0.1273,0.3056,-0.3221,-0.0266,0.0283,-0.2014,0.0282,0.1322,0.2500,-0.0361,-0.0472,0.2482
"242,076",17.6279,38.6888,-0.0076,0.1525,-0.2032,0.2027,-0.5018,0.3060,0.0325,-0.2428,0.1038,-0.0177,-0.1384,-0.0062,-0.0491,0.1743,-0.0612,-0.1488,-0.0057,0.0189,0.0325,-0.1118,-0.2473,0.1340,-0.0697,0.0825,0.1081,-0.0449,-0.0565,-0.1284,0.1315,0.0234
"437,034",0.2834,-10.0544,0.1461,-0.0520,0.0001,-0.1058,-0.0262,-0.0183,0.1918,0.2130,0.0123,-0.2162,0.0626,0.0069,0.0204,0.0009,0.1968,-0.0009,0.0628,-0.0600,-0.0684,-0.1107,-0.0293,-0.0538,-0.0121,-0.0254,-0.0285,0.0402,-0.0997,0.0075,0.0545,-0.1115
"167,055",33.3175,-9.7734,0.1554,0.1935,0.1960,0.0961,0.0799,-0.0552,-0.2192,0.0533,0.0710,0.1306,-0.0060,-0.4407,-0.1153,0.3473,0.0043,-0.0478,-0.1271,0.3473,-0.0513,-0.2246,-0.0402,-0.2629,0.1679,-0.0745,0.0948,-0.2365,0.2617,-0.0557,0.0217,-0.3379
"242,075",-25.0622,-18.7694,-0.0105,0.0273,-0.2254,0.0691,-0.3451,0.2525,0.1086,-0.1299,0.0051,-0.1750,0.0399,0.1458,0.0553,-0.0358,-0.3233,0.0071,0.2502,0.0989,0.0129,-0.0428,0.0352,-0.1256,-0.0710,-0.0767,0.0038,-0.0991,0.0467,0.0646,-0.0431,0.1362
"364,045",-23.4966,-29.1717,-0.0140,0.0135,-0.2821,0.0745,-0.3668,0.2782,0.0655,-0.1974,-0.0580,-0.1812,0.0028,0.0986,0.0920,-0.1091,-0.5874,0.1585,0.6411,0.3106,-0.1190,-0.1481,0.2367,-0.3081,-0.0605,-0.1473,-0.2235,-0.0841,0.0874,0.3681,-0.2970,0.0074
"293,044",-28.8128,-0.3738,-0.0187,-0.0638,-0.0519,-0.1429,-0.0335,0.0667,-0.0004,0.1727,-0.1378,-0.0233,0.1529,0.0196,-0.0241,-0.1152,-0.0695,-0.2285,0.2219,0.1388,0.1685,-0.4036,-0.0688,0.5091,0.2287,0.2544,-0.1813,-0.2083,0.3388,0.1776,0.0955,0.2424
"304,004",-15.6140,-10.2735,0.0182,-0.1362,-0.0120,-0.2639,0.0269,-0.0258,0.1263,0.2079,-0.0441,0.0633,0.1850,0.2370,-0.1266,-0.0581,0.0712,-0.0732,0.0305,-0.0761,-0.0333,-0.0688,-0.1880,0.2266,0.0352,0.0287,-0.0355,0.0326,0.0151,0.2897,0.0060,-0.2629
"246,064",4.8932,-8.9087,0.0593,-0.0433,-0.0877,-0.1123,-0.0107,0.0561,0.1623,0.1529,0.0347,-0.1600,-0.0363,-0.0637,0.0305,-0.1209,0.0038,-0.0983,-0.2335,-0.0578,0.1719,-0.0502,0.0351,-0.0649,0.0732,-0.0532,0.0285,-0.0806,0.0481,0.0490,0.1060,-0.0252
"082,086",3.2452,-12.8666,0.1016,-0.0259,-0.0754,-0.0973,-0.0372,0.0554,0.1893,0.1840,0.0573,-0.2392,0.0443,-0.0075,0.0320,0.0497,0.0217,-0.0796,-0.0322,-0.0376,-0.0918,0.1903,-0.0552,0.0899,-0.0598,0.1227,-0.0903,-0.2387,-0.0407,0.0432,0.2212,-0.0037
"082,087",0.6742,-13.4212,0.0886,-0.0631,-0.0788,-0.1110,0.0415,-0.0638,0.2081,0.1714,0.0576,-0.1856,0.0911,0.0696,0.0039,0.0081,0.0417,-0.0628,-0.0607,-0.0505,-0.1293,0.1078,-0.0265,0.0596,-0.1080,0.0171,-0.1124,-0.1694,-0.0413,-0.0698,0.0941,-0.0202
"242,077",11.6788,21.9823,0.0179,0.0314,-0.0669,0.0193,-0.2333,0.1232,0.1275,0.0146,-0.0256,-0.1029,-0.0109,0.0644,-0.0079,0.3780,0.0642,-0.1618,0.0364,-0.2604,0.0943,-0.0063,-0.1316,0.3877,-0.3649,-0.1394,-0.1309,-0.0419,-0.0386,0.0914,0.1006,-0.2604
"106,025",-8.8312,17.1683,-0.1943,0.0223,0.0413,0.0092,0.1666,-0.0305,-0.0221,0.0388,0.0774,0.0965,-0.0451,-0.0791,-0.0093,-0.0992,-0.0739,-0.0162,0.0734,0.0543,0.0705,0.0612,0.0366,0.1145,0.0870,0.0281,-0.0335,0.0787,-0.0308,-0.0494,-0.0352,-0.0209
"406,042",40.6159,2.3285,0.4169,0.1650,0.1216,0.0566,-0.1220,0.0603,0.1127,-0.0003,0.1521,-0.1404,0.0673,0.0427,-0.0699,0.3288,0.2169,0.1959,0.1642,-0.5879,-0.4244,-0.0827,0.3528,0.0785,0.1290,0.5323,0.4972,0.2723,-0.0270,-0.4183,0.0176,0.0423
"167,057",16.7744,14.5381,-0.0217,0.1052,0.0152,0.0995,-0.0771,-0.0060,0.0217,-0.0243,0.1033,0.0537,-0.0540,-0.1695,-0.0215,0.0686,-0.0957,0.1667,-0.1396,-0.0689,-0.1524,0.1343,0.0038,0.1016,-0.0698,0.1832,0.0013,-0.0751,-0.1126,-0.0012,0.0839,0.0743
"243,010",20.4232,-5.0452,0.0467,0.0657,0.0894,-0.0073,0.1161,-0.0192,-0.0566,0.0214,0.1155,0.0494,-0.0119,-0.1882,-0.1263,0.0758,0.0026,-0.0578,-0.0500,0.1604,0.0370,-0.1674,-0.0323,-0.0949,0.0770,0.0977,0.1012,-0.0757,0.1324,0.1268,-0.0385,-0.0284
"461,231",-12.3320,10.4335,-0.1159,-0.0305,0.0205,-0.0394,0.1296,0.0325,0.0235,0.1223,-0.0264,0.0373,0.0670,-0.0932,-0.0524,-0.0467,-0.1085,-0.0974,0.0095,0.1293,0.1102,-0.0847,-0.0116,0.1152,0.1275,0.1055,0.0549,-0.0203,0.0164,-0.0103,-0.0695,0.0018
"282,024",-21.1688,16.9319,-0.2592,0.0444,0.0504,0.0368,0.2588,-0.0841,0.0216,0.0473,0.1546,0.1615,-0.0448,-0.1168,-0.1528,-0.1326,-0.0994,-0.0478,0.0339,0.0422,0.0699,-0.0418,0.0804,0.0708,-0.0318,0.1260,0.0544,0.0544,-0.0164,0.1865,0.0154,0.0635
"364,048",-26.0281,-22.4558,-0.0584,0.1048,-0.2849,0.1163,-0.6459,0.2211,0.0431,-0.4394,0.0174,-0.1102,-0.0025,0.1892,0.0066,0.0382,-0.3419,-0.1402,0.5320,0.1272,0.0553,-0.1858,0.0402,-0.0491,-0.1452,-0.1688,-0.1636,-0.0671,0.0728,0.1251,-0.1834,0.0998
"155,023",1.6683,8.0279,-0.0889,0.0441,-0.0177,0.0225,-0.0569,0.0402,-0.0156,0.0319,0.0385,0.0205,0.0391,-0.0816,-0.0841,0.1031,-0.0850,-0.0599,0.0380,-0.0555,-0.0910,0.0441,0.0374,-0.2040,-0.3062,-0.1246,-0.1860,0.1635,-0.0996,0.0220,-0.2075,-0.0538
"356,008",27.1735,0.1276,0.0574,0.1537,0.1197,0.0811,-0.0345,-0.0806,-0.2203,-0.0431,0.0439,0.0658,0.0011,-0.2528,-0.0359,0.2923,-0.0515,0.1611,-0.0268,0.0363,-0.2503,0.0197,0.0816,-0.2904,0.1299,-0.0408,0.1252,-0.1650,-0.0149,-0.1441,0.0211,-0.1018
"124,017",-7.9257,19.5227,-0.2233,-0.0636,0.0849,0.1166,0.2599,-0.0116,0.0712,-0.2362,0.1034,0.0937,-0.1001,-0.1462,0.0014,-0.0155,-0.1048,0.0288,0.0249,-0.0155,-0.0336,0.0102,-0.0417,0.0023,0.0464,0.0880,-0.0108,0.0041,-0.0505,-0.0333,-0.0347,-0.0166
"364,046",1.2529,22.5865,-0.0038,0.0291,0.0390,0.0642,0.0358,-0.0574,0.0090,0.0186,-0.0374,0.0573,-0.0386,-0.0922,-0.1191,0.1444,0.0324,-0.0557,0.0281,-0.0713,0.0204,0.0154,0.0306,0.0988,-0.0660,-0.0228,-0.0178,0.0144,0.0622,0.0691,-0.0468,0.0145
"070,044",1.4020,34.4891,-0.1794,0.1467,0.0868,0.1911,-0.0398,-0.0902,-0.1646,-0.0850,-0.3124,0.0565,0.1341,-0.1277,-0.0513,0.2293,0.2275,0.0507,0.1464,-0.2450,0.2000,-0.1281,-0.0602,0.0888,-0.1451,-0.0728,-0.0975,0.0205,-0.0337,0.1081,-0.0582,0.0877
"356,009",27.8725,1.6486,0.1926,0.1498,0.0869,0.0150,-0.1287,-0.0020,-0.1067,-0.0847,0.0812,0.0751,0.0166,-0.2281,-0.0296,0.3447,0.0030,0.1843,0.0016,-0.0884,-0.4002,0.0674,0.1935,-0.3274,0.2105,0.0820,0.2123,-0.0703,-0.0312,-0.1158,-0.0716,0.1517
"167,059",-1.3028,49.6731,-0.1734,0.0939,0.0669,0.0895,-0.1051,-0.7097,0.2091,-0.2173,0.1287,0.0160,0.0734,0.2291,0.0426,-0.0916,-0.0257,0.0627,-0.0185,0.0336,-0.0819,0.0579,0.0043,-0.0606,0.0377,0.0431,0.0253,-0.0408,-0.0430,-0.0657,0.0322,-0.0103
"364,047",-22.3594,-9.9288,-0.0110,-0.0592,0.0056,-0.0450,0.0888,0.0695,0.0977,0.2190,0.0795,-0.0580,0.0835,0.1506,-0.2756,-0.1932,0.7129,0.4694,0.1676,0.1912,0.1224,0.1989,0.1607,-0.0078,0.0025,-0.1830,-0.2127,-0.1854,0.0367,0.1076,0.2464,0.1720
"101,014",-15.0702,20.0704,-0.2303,0.0673,-0.0124,0.0838,0.0550,0.0324,-0.0604,0.0420,0.1210,0.1047,-0.0602,-0.0436,-0.0955,-0.1776,-0.0710,0.0064,0.1291,-0.0342,0.0440,-0.0349,-0.0142,-0.0302,-0.0111,0.0162,-0.0509,0.0012,0.0627,0.0844,0.0306,0.0643
"009,021",-27.1990,7.9688,-0.2273,-0.0177,0.0199,-0.0280,0.2660,0.0453,0.1148,0.0953,0.0618,0.0587,0.0266,0.0814,-0.0989,-0.1421,-0.0229,-0.1252,0.1471,-0.0433,0.0666,-0.1143,-0.0569,0.2522,0.1247,0.0824,0.0154,0.0582,0.0069,0.2068,-0.0260,-0.0292
"457,038",-8.0066,-4.2882,-0.1260,-0.0200,-0.0484,0.0067,-0.0313,0.0356,0.1480,0.1922,-0.0464,0.0205,0.0940,0.2761,0.1278,0.1670,0.0018,0.0124,-0.0630,-0.1982,-0.1154,0.0512,-0.1366,0.3113,-0.1941,0.0648,0.1302,0.0851,-0.1260,0.2164,-0.0080,-0.4224
"213,007a",-12.5082,8.6343,-0.1684,-0.0265,0.0562,-0.0466,0.2074,-0.1865,0.1654,0.0260,0.0080,-0.0064,0.0775,0.1122,-0.0464,-0.0592,-0.0737,-0.0680,0.0317,0.0222,0.0663,0.0173,0.0761,0.1845,-0.0227,-0.0726,0.0242,0.0531,0.0025,0.1253,-0.0588,-0.1764
"461,230",-12.3584,-8.0807,-0.0420,-0.0524,-0.0509,-0.0191,0.0986,0.1104,0.1379,-0.0144,0.0556,-0.2035,-0.0722,-0.0373,0.1050,-0.1656,-0.1113,0.0156,0.0982,-0.1215,-0.0307,-0.1359,0.1878,-0.0902,-0.0390,0.0098,0.0077,0.0952,0.1709,-0.0502,0.2188,-0.0088
"246,066",16.4188,-7.2077,0.0124,-0.0332,0.0146,-0.1012,0.1233,0.0405,0.0607,0.1659,-0.0185,-0.0373,0.1032,-0.1151,-0.1171,0.0600,0.0044,-0.0389,-0.1016,0.3492,0.1841,-0.0624,-0.0474,0.0959,0.1451,0.0511,0.1146,0.0040,0.1516,0.0983,-0.0203,0.0253
"427,007",12.9779,-6.4454,0.0792,-0.0900,0.0487,-0.0864,0.0922,-0.0601,0.1053,0.1890,0.0506,0.0062,0.0359,0.0151,-0.1692,0.0808,0.0691,-0.1662,0.1261,-0.2210,-0.1948,-0.1803,0.2931,0.3185,0.4135,-0.3755,0.0644,-0.2175,-0.1258,-0.0209,-0.0069,0.2510
"154,007",21.7643,-4.0179,0.1051,0.0387,0.1240,-0.0242,0.0738,0.0167,0.0324,0.2062,0.0908,0.0795,0.0752,-0.0354,-0.2577,0.2562,0.1951,-0.0165,0.2179,-0.4522,-0.6375,-0.5565,0.2836,0.2744,1.3414,-1.7061,0.1601,-0.5275,-0.8837,0.4900,0.0984,0.5814
"330,018",-2.8345,-4.1660,0.0173,-0.0291,0.0020,-0.1317,0.0226,0.0575,-0.1142,0.1017,0.0892,-0.1463,-0.0760,0.0936,0.0258,0.0322,0.0312,-0.0070,0.1720,-0.2086,-0.1139,0.1049,0.0014,0.1361,0.0467,0.1143,0.1179,0.2201,0.0642,-0.2278,0.2150,-0.1871
"155,022",19.6970,33.7897,-0.1689,0.1786,0.1335,0.1515,0.0578,-0.1237,-0.4200,-0.0503,-0.0980,0.1358,-0.0302,-0.4477,-0.0376,0.2499,-0.0339,0.0666,-0.0498,0.0655,-0.0079,0.0550,0.0707,-0.1485,-0.1141,-0.4416,-0.2721,-0.3339,0.0614,-0.2146,0.5190,-0.7438
"248,081",-0.7695,-11.8942,0.1291,-0.2169,-0.0929,-0.1025,0.0110,0.0421,-0.1223,0.1446,0.0635,-0.2972,0.0492,0.2095,-0.0190,0.0682,-0.2069,0.0537,-0.0668,-0.0532,-0.0669,-0.0552,0.0343,-0.0303,-0.1242,-0.0324,-0.1353,-0.0829,0.0682,0.0901,0.0883,-0.0393
"047,011",25.1021,5.0049,0.1365,0.1370,0.0536,0.0212,-0.0756,0.0314,-0.1219,-0.0138,0.1758,-0.0307,-0.1265,-0.3418,-0.0372,0.3164,0.0273,0.0582,0.0671,0.2214,-0.0437,-0.0092,-0.1157,0.0867,0.2117,0.2642,0.1659,-0.2218,-0.2060,-0.2779,-0.1453,-0.2036
"030,IV",-4.7250,14.5530,-0.1253,-0.0068,0.0341,0.0307,0.0778,0.0176,-0.0103,-0.0071,0.0027,0.0591,-0.0255,-0.0393,-0.0256,0.0027,-0.0067,0.0212,0.0133,0.0235,0.0334,0.0785,0.0311,0.0174,-0.0143,-0.0639,0.0990,0.0643,-0.0320,-0.0210,-0.0289,-0.0380
"437,035",18.9244,21.6539,-0.0162,0.1397,-0.2593,0.1868,-0.4166,0.3300,0.0149,-0.1948,0.1956,-0.0047,-0.1213,-0.0393,-0.0099,-0.0124,-0.1986,0.1457,-0.1390,0.0897,-0.1694,0.0864,-0.1756,0.1043,0.0728,0.2119,0.1147,-0.2454,-0.3366,-0.1782,0.1556,0.0341
"248,082",49.7869,8.7880,1.2822,0.7022,0.9751,0.6041,0.3113,0.2963,-0.0070,-0.1590,0.0749,0.1861,0.2250,0.2985,0.1354,-0.3029,-0.0586,-0.1028,-0.0016,0.0714,0.1289,-0.0152,-0.0427,-0.0089,-0.0909,-0.0678,-0.0469,-0.0048,0.0136,0.0045,-0.0039,-0.0742
"246,067",36.1379,9.9578,0.5936,0.3409,0.4561,0.2681,0.1355,-0.0714,0.1130,-0.0523,0.1037,0.0525,0.1169,0.0898,0.0096,-0.0516,-0.0618,0.0172,-0.1507,0.0777,0.0215,-0.0291,-0.0614,-0.0966,-0.0092,-0.0264,0.0065,-0.1947,0.1274,0.0937,-0.0039,0.0813
"377,006",6.7979,32.7816,-0.1139,0.1693,-0.0275,0.2034,-0.2349,-0.0662,-0.0194,-0.1935,0.0508,0.0738,-0.0992,-0.0463,-0.1169,0.1933,-0.0141,-0.0721,0.1808,-0.2176,0.0797,0.0814,-0.0737,0.1612,-0.2577,-0.0680,-0.2172,0.0474,0.0189,-0.0221,-0.1857,0.1353
"167,068",18.5371,32.9822,-0.2919,0.1604,0.1154,0.1594,0.0767,-0.2828,-0.3290,-0.0482,-0.0655,0.2134,0.0146,-0.3060,-0.0149,0.0318,-0.0892,0.0633,-0.0032,0.0481,0.0014,0.1156,-0.0142,-0.1511,-0.1006,-0.3127,-0.2453,-0.2320,0.0782,-0.1691,0.5380,-0.7473
"299,001",41.4620,1.3430,0.4205,0.1070,0.0649,0.0418,-0.1168,0.0942,0.1800,0.0949,0.1203,-0.2434,0.0770,0.0865,-0.0339,0.2838,0.1895,0.2482,0.3190,-0.6303,-0.4283,-0.1913,0.3834,0.0100,0.0965,0.5048,0.5559,0.3438,0.0405,-0.5181,0.1774,-0.1026
"434a,068",0.2088,-17.4583,0.0649,-0.0785,-0.0169,-0.1692,0.0230,0.0456,0.1433,0.2008,0.0360,-0.2170,0.0598,0.0175,0.0458,0.0449,0.0444,-0.2021,0.0045,0.0174,0.0057,0.3963,0.0824,-0.0082,0.0673,0.0231,-0.2076,-0.1915,-0.1081,-0.0770,0.2656,-0.0535
"364,049",5.3403,16.2780,0.1162,0.1963,0.1709,0.1663,0.0789,0.1163,-0.0762,-0.1181,0.0769,0.0510,-0.0723,-0.0831,-0.0069,-0.1208,-0.1267,0.1082,0.0815,0.1470,0.1365,0.1856,0.0659,0.1334,-0.0466,-0.1043,0.0495,0.1231,-0.1476,0.0562,0.0323,0.0216
"335,055",11.6271,-16.5812,0.0455,-0.1138,-0.0069,-0.0982,-0.0132,0.0176,0.1213,0.2543,0.0233,-0.2169,0.1392,0.0719,-0.1872,0.1617,0.1246,-0.3660,-0.1146,0.1228,-0.0942,-0.0056,0.1347,-0.4312,-0.1705,-0.0657,-0.6405,0.4385,-0.1145,-0.1301,-0.2039,0.2331
"101,015",-9.4858,24.2009,-0.2199,0.0808,0.0408,0.0982,0.0873,-0.0372,-0.1689,-0.0007,0.1010,0.1052,-0.0495,-0.0625,-0.0774,-0.1276,-0.0725,-0.0045,-0.0312,0.0517,0.0106,0.0251,-0.0339,-0.0950,-0.0951,-0.1653,0.0530,-0.1260,0.0529,-0.0676,0.0804,-0.1134
"434a,069",2.6102,-48.8268,0.3757,-0.0990,0.0523,-0.7179,-0.1800,0.0544,-0.3167,-0.4582,0.0768,0.5556,0.1779,-0.0146,0.0418,0.0675,0.1150,0.0451,0.0875,-0.4440,-0.2178,-0.1784,0.1304,-0.0702,0.0475,0.0846,0.1166,0.4016,0.2544,-0.1717,0.1731,0.2174
"437,036",26.6948,5.8372,0.2655,0.0775,0.0186,-0.0869,-0.0624,0.0101,0.0002,-0.0250,0.0988,0.0103,-0.0325,-0.2717,-0.0209,0.1426,-0.0286,0.0758,-0.0691,-0.0826,-0.2470,-0.0317,0.0661,-0.0898,0.0172,0.2631,-0.0448,-0.0552,0.1489,0.1000,-0.0503,0.2610
"155,024=444,001",11.8199,-21.9937,0.2963,-0.0022,0.0378,-0.3304,-0.1782,-0.0642,0.0697,-0.0734,0.0141,-0.0526,-0.0525,-0.3963,0.2966,-0.1165,0.2537,-0.0574,-0.0133,-0.1673,-0.1119,0.1037,0.0147,0.0653,0.1863,0.1313,0.0140,0.0094,-0.0958,-0.3442,-0.0973,-0.0182
"155,024",10.9507,-23.2418,0.2692,-0.0194,0.0191,-0.3480,-0.1856,-0.0665,0.0788,-0.0826,-0.0292,-0.0668,-0.0346,-0.3996,0.3191,-0.1417,0.2599,-0.1198,0.0094,-0.1353,-0.0510,0.1808,-0.0375,0.0248,0.1800,0.0826,-0.0690,0.0067,-0.1087,-0.3143,-0.1341,-0.0532
"016b,001",-8.2019,-8.1288,-0.0273,-0.0359,-0.0941,-0.0428,-0.0873,0.1207,0.0913,0.1316,0.0506,-0.0793,0.0241,0.0842,-0.0601,-0.0229,0.0369,-0.1371,0.0095,0.0764,0.0623,-0.2650,-0.0157,0.0165,-0.0344,0.0749,0.1026,-0.0268,0.1951,0.0245,0.2038,-0.0610
"461,236",-17.3323,0.1271,0.0114,-0.1968,-0.0028,-0.1750,0.0178,0.0522,0.1118,0.2789,-0.2368,-0.1186,0.3499,0.2086,-0.0372,0.0605,-0.0951,-0.0645,-0.0777,-0.2376,-0.0442,0.1480,-0.0530,-0.2453,-0.1367,-0.0606,0.0820,0.3699,-0.0738,0.1867,-0.8106,-0.7281
"059,001",3.5025,2.4223,-0.0240,-0.0696,0.0639,-0.0228,0.0942,-0.0383,-0.0480,0.0992,0.0932,0.0093,-0.0110,-0.1225,-0.1104,0.0425,-0.0781,-0.0446,-0.1001,0.0602,-0.0272,-0.0276,0.1240,-0.1269,-0.1087,0.0165,-0.0023,0.0379,0.0328,-0.0266,-0.0143,0.0328
"434a,071",2.8238,-46.2438,0.2931,-0.0678,0.0701,-0.6155,-0.1351,0.0265,-0.3045,-0.4717,0.0313,0.5519,0.1958,-0.0943,0.0707,0.0611,-0.0005,0.0932,0.0143,-0.0443,-0.0455,-0.0383,0.0244,-0.1844,0.0102,-0.0920,0.0327,0.0579,-0.0540,0.0531,0.0033,0.0578
"427,008",22.2473,-1.6735,0.2583,-0.0770,0.0358,-0.3148,-0.0368,0.0061,-0.0141,-0.0210,0.0565,0.0750,0.0502,-0.1616,0.0580,-0.0093,0.0043,0.0152,-0.0509,-0.1884,-0.1880,-0.1003,0.1221,-0.2302,0.0191,0.0762,0.0584,0.1545,0.2001,-0.0266,0.0168,0.1208
"242,035",0.1289,48.2480,-0.1122,0.1050,0.0607,0.0640,-0.2169,-0.7158,0.1651,-0.3034,0.0395,-0.0837,0.0762,0.2047,0.0314,0.0758,0.0643,-0.0640,0.0322,0.0470,0.0240,0.0562,0.0607,0.0540,-0.0185,-0.0213,-0.0369,-0.0128,0.0012,0.0103,-0.0420,-0.0099
"246,072",22.5949,-11.2684,0.3816,-0.0546,-0.3035,-0.1179,0.1032,-0.0813,0.0065,0.0112,0.0905,-0.0299,-0.0069,-0.3560,0.0913,-0.0537,0.0078,-0.0711,-0.1559,0.2242,0.1611,-0.2680,-0.2060,-0.1922,0.1640,0.0725,0.1628,-0.1321,0.2177,0.0815,-0.0776,-0.1485
"370,013",5.7226,8.4059,-0.0133,0.0865,0.0651,0.0614,-0.0282,-0.0262,0.0235,0.0458,0.0315,0.0601,-0.0214,0.0180,-0.0433,0.0746,0.0392,-0.0971,0.0623,-0.1700,-0.0573,0.1141,0.0025,-0.1064,0.0370,0.0584,-0.0801,0.1342,0.1067,0.0005,0.0115,0.0279
"461,238",-4.3572,8.9833,-0.0841,0.0342,-0.0204,0.0264,-0.0904,0.0175,-0.0015,0.0539,0.0525,0.0477,0.0370,0.0386,-0.0937,-0.1217,0.1123,0.0679,-0.2236,0.0756,-0.1531,-0.0148,0.2108,-0.2162,0.1726,-0.0091,-0.1054,0.0994,0.0676,-0.0263,-0.0883,0.0182
"167,060",-7.6572,25.3945,-0.1426,0.0487,0.0375,0.1099,0.0673,-0.0601,-0.0520,0.0643,0.0872,0.1607,-0.0774,-0.1051,-0.0318,-0.0056,0.0371,0.0395,-0.0685,-0.1271,-0.0769,0.0021,0.0370,-0.0555,-0.0344,0.0040,-0.0131,-0.0274,0.0447,0.1259,0.0099,0.0905
"366,033",17.5366,34.2165,-0.2535,0.1567,0.1199,0.1669,0.0740,-0.1948,-0.3739,0.0172,-0.0281,0.1822,-0.0284,-0.2875,-0.0209,0.1096,-0.0666,0.0179,-0.0514,-0.0039,-0.0334,0.0059,-0.0221,-0.1830,-0.1528,-0.3284,-0.1568,-0.3517,0.1244,-0.2111,0.4204,-0.5953
"030,024",10.5765,4.5234,0.1026,0.0041,-0.0175,-0.0216,0.0480,-0.0162,0.0021,-0.0123,0.0193,0.0392,0.0008,-0.0902,-0.0677,0.0561,-0.0175,0.0264,-0.0234,0.1154,-0.0004,0.0137,0.0451,0.0001,0.1197,-0.0679,0.0409,0.1184,0.0620,0.0372,-0.0590,0.0512
"167,061",-1.1905,19.5359,-0.1815,0.0736,0.0179,0.0747,0.1302,0.0613,0.0080,-0.0334,0.0695,0.0647,-0.0971,-0.1562,-0.0174,-0.0623,-0.1405,0.0942,-0.0749,-0.1477,-0.1268,0.0628,0.1131,0.0881,-0.1182,0.1339,-0.1276,-0.0477,-0.0538,0.2250,0.0248,0.0424
"242,079",17.6979,41.9888,-0.0673,0.1054,-0.2032,0.2120,-0.5369,0.2527,0.0749,-0.2347,0.0053,-0.0632,-0.0727,0.1356,-0.1313,0.2139,-0.0231,-0.1886,0.0709,-0.1033,0.2485,-0.0998,-0.2875,0.2451,-0.0865,-0.1095,0.1187,0.2005,-0.0091,-0.1786,0.0988,-0.0435
"407,001",22.7926,1.2033,0.1714,0.0876,0.1388,0.0041,0.0811,-0.2105,0.0682,0.1207,0.1544,-0.1039,-0.0503,-0.2429,0.0802,0.0745,0.0430,-0.0958,-0.1166,-0.0445,-0.0845,-0.0412,0.0554,-0.2167,0.0439,0.0508,0.1270,-0.1590,0.2188,-0.0115,-0.2147,0.2441
"246,069",22.3804,-11.8017,0.1158,-0.0502,0.0450,-0.1820,0.0971,-0.0632,-0.0100,0.1020,0.1077,-0.0462,0.0524,-0.1031,-0.1139,0.1255,-0.0061,-0.1193,-0.1294,0.2547,0.0977,-0.2630,-0.2078,-0.1521,0.1310,0.0879,0.2373,-0.0284,0.0520,0.0275,-0.0547,-0.1510
"082,088",6.2442,-7.2200,0.1529,-0.0915,-0.0351,-0.1318,0.0952,-0.0815,0.1682,0.2005,-0.0685,-0.1568,-0.1627,-0.0794,0.0184,-0.0753,-0.0364,-0.1373,-0.0402,-0.0081,0.0860,-0.0200,0.0443,-0.0106,0.0086,-0.0188,0.0797,0.0321,0.0141,-0.0034,-0.1440,-0.0405
"030,V",5.5915,7.4523,0.0468,0.0134,0.0029,-0.0380,-0.0053,-0.0269,0.0108,-0.0096,-0.0151,-0.0060,-0.0165,-0.0550,-0.0037,0.0348,-0.0026,0.0085,0.0115,0.0311,0.0106,0.0430,0.0090,-0.0113,0.0329,-0.0181,0.0185,0.0335,-0.0122,-0.0079,-0.0239,-0.0020
"461,234",-23.0611,19.9166,-0.2106,-0.0358,-0.0211,0.0775,0.0130,0.0719,-0.0606,0.2484,-0.3972,0.0124,0.3428,0.1397,0.2574,-0.1959,-0.0328,0.0046,0.0030,0.0881,-0.2291,-0.0542,-0.2440,-0.0282,0.0267,0.1527,0.1518,-0.0588,-0.1586,-0.0328,-0.3497,-0.1657
"457,039",-17.5381,51.2940,0.0180,-0.0166,-0.0234,-0.0525,-0.0658,-0.0445,0.2098,0.1014,-0.1119,-0.1165,0.1030,0.1513,-0.1939,0.2913,-0.5296,0.5589,-0.4936,-0.5404,1.0362,-0.1197,-0.3190,-0.2787,0.1613,-0.0552,0.0404,-0.0002,-0.1392,-0.1284,-0.0693,0.1969
"074,018",-8.6475,32.3692,-0.0331,-0.0432,-0.0729,-0.0513,-0.0094,0.0837,0.0947,0.0325,-0.0343,-0.1285,0.0596,0.1196,-0.0238,-0.0181,-0.2610,0.1681,0.0023,-0.1029,0.2686,-0.0676,-0.0110,-0.0995,0.0136,-0.0326,0.0281,-0.0335,0.0312,-0.0114,0.0405,0.1004
"217,007",0.1555,-17.1851,0.1616,-0.3061,-0.0422,-0.0389,-0.0659,0.0686,0.1205,0.1770,-0.0470,-0.1838,0.0290,-0.0008,0.0232,0.1352,-0.1721,0.1116,-0.1520,0.1048,-0.1252,-0.0215,0.2485,0.0319,-0.0572,0.0585,-0.3897,-0.0572,-0.0391,-0.1056,0.0483,0.0843
"010,052",4.5887,-1.2398,0.0441,-0.0269,-0.0241,-0.1220,0.0163,0.0118,0.0648,0.1695,0.1232,-0.1682,0.0442,-0.0315,-0.0830,-0.0285,0.0189,-0.1022,-0.1399,0.1360,-0.0337,-0.0395,-0.1767,0.0379,-0.0845,0.1065,-0.0309,0.0251,-0.1903,-0.0383,0.1135,0.0545
"082,089",4.8145,-3.5261,0.0294,-0.0342,-0.0723,-0.1874,-0.0485,0.0452,-0.0099,0.0209,0.0470,0.0391,0.0784,0.0296,-0.0719,0.0271,-0.0335,-0.1782,0.1480,-0.0216,-0.0049,0.0736,-0.0792,-0.1265,0.0511,0.0585,-0.1141,-0.0188,0.1262,0.0563,0.0421,0.0771
"047,012",15.4918,14.8725,0.0601,0.1093,-0.0230,0.0360,-0.0628,0.0993,-0.0629,-0.1138,0.1107,0.0056,-0.1563,-0.4082,-0.0067,0.2257,-0.1260,0.0767,0.0731,0.3991,0.1002,0.1357,0.0279,0.2075,0.2560,0.1449,0.1541,0.0638,-0.1418,-0.1891,-0.0468,-0.1018
"377,007",-11.6467,26.5014,-0.2321,0.1088,-0.0201,0.1349,-0.0379,0.0056,-0.0683,-0.0207,0.1354,0.1521,-0.1029,0.0155,-0.0275,-0.1757,-0.1635,0.0858,0.2618,-0.2087,-0.0392,0.1548,-0.2070,0.1086,0.0046,0.0770,-0.2100,-0.0298,-0.1120,-0.2409,-0.2391,0.1091
"084,001",-9.4667,35.8533,-0.0669,-0.0373,-0.0756,0.0151,-0.0730,0.1406,0.1152,0.0410,-0.0095,-0.0659,0.0251,0.0983,-0.0351,0.0013,-0.3165,0.2510,-0.1320,-0.1575,0.3970,0.0526,-0.0392,-0.0411,0.0512,-0.1132,-0.0585,-0.0091,-0.1021,-0.1544,-0.0338,0.0256
"082,091",6.7582,-22.1081,0.1222,-0.0561,0.0012,-0.2326,-0.0171,-0.0035,0.0607,0.0851,0.0227,-0.1224,-0.0042,-0.1749,0.0683,0.0178,0.0196,-0.1078,-0.0692,0.0423,0.1318,0.1470,0.0519,0.1837,0.1028,0.0475,-0.1016,-0.1115,-0.0169,-0.1920,-0.1132,-0.0177
"082,090",9.8822,9.1744,0.1195,-0.0319,-0.1590,-0.1787,-0.1509,0.1709,0.0506,-0.1173,0.0831,-0.0530,-0.0312,-0.1318,0.1565,-0.1267,-0.1844,0.2138,-0.0559,0.0071,-0.0721,0.1326,0.0248,0.0362,-0.1637,0.0759,-0.0138,-0.0943,-0.1740,0.1510,0.1362,-0.0851
"355,018",-5.4114,17.7622,-0.1722,0.0270,-0.0129,0.0607,0.0580,0.0726,-0.0200,-0.0266,0.0676,0.0722,-0.0614,-0.0565,0.0009,-0.0676,-0.1531,0.1282,0.0363,0.0015,0.0698,0.0347,0.0135,-0.0656,-0.0186,-0.0048,0.0370,0.0303,-0.0616,0.0291,-0.0616,0.0239
"242,078",15.1615,45.0729,-0.1560,0.2153,-0.1886,0.3105,-0.6040,0.2463,-0.0433,-0.3158,0.0018,0.0183,-0.0501,0.0069,-0.1681,0.2242,0.1822,-0.4058,-0.0046,-0.1359,0.2009,-0.1662,-0.2166,0.1529,-0.2175,-0.0672,-0.0791,-0.0393,-0.0015,0.0031,-0.1499,0.0369
"461,235",-9.9689,-10.0740,0.0481,-0.2061,0.0243,-0.0548,0.0025,0.0656,0.0795,0.2113,-0.0642,-0.1205,0.1264,0.0500,0.0106,-0.0490,-0.0530,0.0263,0.0515,-0.0753,-0.1406,0.0051,0.1223,-0.0460,-0.0405,-0.1295,0.0869,0.1236,0.2637,-0.0538,0.0043,-0.1212
"437,037",0.0388,-28.5118,-0.0555,-0.0598,0.0276,-0.1812,0.0973,-0.0782,0.0884,0.1246,0.0707,-0.0080,0.0592,0.0798,-0.0501,-0.0143,0.0279,-0.2565,0.0218,0.0530,0.1218,0.0984,0.0967,0.4406,0.1732,0.0178,-0.1484,-0.2601,0.0866,-0.2010,-0.0957,-0.0111
"281,010",-18.6107,11.4737,-0.1713,-0.0409,-0.0686,-0.0128,0.0311,0.1046,0.0745,0.0417,0.0209,-0.0177,0.0583,0.1010,-0.0427,-0.1732,-0.1480,-0.0421,0.1577,0.0861,0.0697,0.1381,0.1728,-0.0672,-0.1823,-0.2811,0.2762,-0.0313,0.0998,-0.0867,-0.0562,0.0446
"205,007",-13.1138,2.4295,-0.1617,-0.0902,-0.0056,-0.0455,0.1281,0.0055,0.1269,0.1648,0.0283,-0.0223,0.0930,0.1285,-0.0244,-0.1463,-0.1025,-0.0821,0.0606,0.0573,-0.0265,0.1077,0.0692,0.0294,-0.1915,-0.1518,0.0881,0.0972,-0.1464,-0.0837,-0.1818,-0.1127
"457,040",-21.1303,21.9320,-0.2706,0.1080,0.0628,0.0819,0.1394,-0.0766,-0.1331,0.2050,0.2196,0.3744,-0.1393,-0.0910,0.1501,0.0315,-0.0070,-0.0888,-0.0242,0.0363,0.1038,-0.0891,-0.0144,-0.1167,0.0650,0.0480,-0.0094,0.0464,0.1003,0.1245,-0.0498,-0.0532
"370,014",1.5084,28.1242,-0.0185,0.1566,0.1251,0.1410,-0.0189,-0.0690,-0.0918,0.0255,-0.0061,0.1482,-0.0044,-0.0509,0.0467,0.1952,0.1037,0.0064,0.0269,-0.1639,-0.0327,-0.0054,0.0387,-0.0701,-0.0909,-0.0528,0.0054,0.0717,0.0488,0.0065,-0.0848,-0.0316
"124,018",-31.6560,10.0150,-0.1480,0.0565,0.0824,0.0222,0.1955,-0.0315,-0.0261,0.1429,0.1482,0.1738,-0.0361,-0.0927,-0.1522,-0.1640,-0.1147,-0.0950,0.1529,0.0846,0.0922,-0.0419,0.0122,0.2471,0.0977,0.2656,0.1547,0.2097,-0.2675,0.3194,0.0465,0.0252
"167,063",4.0431,31.2708,-0.1063,0.1137,0.0900,0.1016,0.0571,-0.1419,-0.1560,0.0605,0.0202,0.1137,-0.0223,-0.2030,-0.0843,0.1056,-0.0092,0.0653,-0.0272,-0.0787,-0.1091,0.0673,0.0055,-0.0892,-0.0432,-0.1601,-0.2236,-0.1483,0.0985,-0.0813,0.1254,-0.2596
"434a,074",2.1024,-37.2769,0.2847,-0.1689,0.0172,-0.7509,-0.0725,-0.0281,-0.1117,-0.1969,0.0702,0.3723,0.1614,-0.1599,0.0284,-0.0350,0.1622,-0.3996,-0.0732,0.2011,0.2317,-0.0704,-0.0673,0.4246,0.2848,0.1513,-0.1342,-0.3983,0.1289,-0.2941,-0.3115,-0.0028
"223,007",9.8579,3.9805,0.0914,0.0477,0.0507,-0.0556,-0.0018,-0.0567,0.0289,0.0392,-0.0270,0.0111,-0.1459,-0.2100,-0.0238,0.1008,0.0121,-0.0551,0.0121,0.0940,0.0586,0.1336,0.0589,0.0344,0.1307,0.0575,0.0053,0.1072,0.0291,0.0373,-0.0744,0.0699
"254,002",-0.5706,-26.6622,-0.0738,-0.0491,-0.0020,-0.1213,0.0016,-0.0413,0.1464,0.1582,0.0405,-0.0492,0.0639,0.1072,0.0016,-0.0949,0.0462,-0.2771,0.0685,0.0123,0.0678,0.2763,0.2167,0.3785,0.0932,-0.1078,-0.0613,-0.1423,0.0119,-0.2176,-0.2190,-0.0767
"392,032",-8.7495,-6.3488,0.0025,-0.0896,-0.0424,-0.1004,-0.0110,0.0688,0.1020,0.1142,-0.0543,-0.0299,0.0635,0.1476,-0.0124,-0.0375,0.0012,0.0061,0.0699,-0.0374,-0.0288,-0.0105,0.0374,0.1040,0.0292,-0.0348,0.0177,0.0369,0.0201,0.0341,0.0643,-0.0762
"397,001",14.2274,-2.8362,0.0632,0.0335,-0.0251,0.0169,-0.0206,0.0286,0.0210,0.0830,0.0159,0.0000,-0.0548,-0.1578,0.0543,0.1280,0.0573,0.0245,0.0115,0.3194,0.0170,0.0699,0.0138,-0.2965,0.1371,-0.1882,0.1163,0.2623,0.3742,0.0361,-0.1727,-0.0393
"366,034",22.3317,13.6562,0.0795,0.0861,-0.0488,0.0685,-0.0787,0.0293,0.0370,0.0096,0.0781,-0.0336,-0.0336,-0.2169,-0.0573,0.2531,-0.0620,0.1441,-0.1947,-0.0358,-0.1836,0.0789,-0.0610,0.1682,-0.1707,0.2536,-0.0138,-0.1643,0.0045,0.1555,0.0422,0.1758
"406,046",18.0757,2.8490,0.1616,0.0911,0.0652,-0.0124,-0.1084,0.0326,-0.0327,-0.0359,0.0290,-0.0351,0.0285,-0.0298,-0.0681,0.1682,0.0751,-0.0749,0.0624,-0.0870,-0.0952,0.1431,0.0211,-0.2009,0.1700,0.0933,0.0198,0.0959,0.0654,0.0389,0.0130,0.0901
"167,062",-29.4496,8.7467,-0.1754,0.0065,0.0265,-0.0299,0.1930,-0.0070,0.0533,0.2008,0.1119,0.1054,0.0378,-0.0259,-0.1501,-0.1883,-0.0623,-0.1622,0.1295,0.0644,0.0818,-0.1699,-0.0546,0.2213,0.1011,0.2383,0.0212,-0.0326,-0.0334,0.1977,0.0574,0.0918
"392,031",-9.4533,4.2995,-0.0832,-0.0716,-0.0220,-0.0728,0.1227,0.0864,0.1024,0.0740,-0.0560,-0.0745,0.0706,0.0822,0.0051,-0.0263,-0.0456,-0.0191,0.0729,0.0279,0.0260,0.0870,0.0645,0.1201,-0.0327,-0.0577,0.1462,0.0857,-0.0379,-0.0496,0.0036,-0.0278
"070,045",14.4067,21.5341,-0.0492,0.1333,-0.1213,0.1563,-0.3014,0.1339,0.0996,-0.1527,0.0372,-0.0366,-0.0707,-0.0110,-0.0544,0.5115,0.0439,-0.0309,-0.0506,-0.1764,-0.0123,0.0346,-0.3164,0.3652,-0.3718,0.0276,-0.0614,-0.1180,-0.1188,0.1342,0.0723,-0.0493
"461,237",-18.5221,22.3398,-0.1716,0.0957,0.0904,0.0706,0.1769,-0.0802,-0.1023,0.2166,0.2315,0.2953,-0.1101,-0.0537,0.1197,0.1339,-0.0007,-0.0682,-0.0240,0.0800,-0.0354,-0.1920,-0.0975,-0.1995,0.0070,-0.0050,0.0507,-0.0288,0.1703,0.0628,0.0725,-0.1011
"076,020",-16.6302,1.9714,-0.0696,-0.2035,0.0746,0.0424,0.0070,0.0472,0.0489,0.2229,-0.2382,-0.0646,0.3041,0.1819,-0.0038,0.1078,-0.1206,-0.0143,0.0471,-0.4338,-0.0487,0.1247,-0.1283,-0.1932,-0.1314,-0.0162,0.4842,0.5368,-0.1273,0.0370,-1.1658,-0.8773
"330,019",-10.1786,27.4394,-0.1790,0.0810,0.0578,0.0784,0.0812,-0.0505,-0.1020,0.1196,0.0902,0.1872,-0.1210,-0.1484,-0.1070,-0.0158,-0.0466,0.0336,-0.0342,-0.1012,-0.1376,0.0654,-0.0379,-0.0359,-0.0365,-0.0223,-0.0318,0.1493,0.1285,-0.0124,0.0512,-0.0368
"282,025",-12.3037,12.0613,-0.1618,0.0276,0.0264,0.0542,0.1029,0.0220,-0.0287,0.0865,0.0603,0.0567,-0.0068,-0.0559,-0.1232,-0.0713,0.1681,0.1054,0.0804,0.0761,0.0847,0.0542,0.0855,-0.0812,-0.1367,-0.0521,0.0520,-0.0629,0.0816,0.0764,0.0067,0.0640
"434a,077",-8.0228,-17.5190,0.1965,-0.3229,-0.0810,-0.1670,-0.1366,0.1460,0.0664,-0.0040,-0.0948,0.0079,0.1220,0.0989,0.0543,-0.0147,-0.0350,0.2383,-0.0113,0.1707,-0.0904,-0.0509,0.0823,0.0102,0.1409,-0.1204,-0.0789,-0.1171,0.0264,-0.0151,0.1405,-0.0173
"269,001",23.6893,9.5040,0.0964,0.0131,-0.0045,-0.0725,0.0828,0.0018,0.0982,0.1389,0.1082,-0.1110,-0.0391,-0.0616,-0.1009,0.1273,0.0111,0.1167,-0.3184,0.0652,-0.1135,0.0324,-0.0138,0.1624,-0.1596,0.3002,0.0613,-0.1634,0.1485,0.4529,0.1040,0.0508
"103,003",15.7025,-2.6720,0.0901,-0.0518,0.0559,-0.2352,0.0322,-0.0290,-0.0094,0.0824,0.0746,0.1299,0.0761,-0.1127,-0.0939,-0.0043,0.0426,-0.0733,-0.0686,-0.0613,-0.1105,-0.0965,0.1027,-0.1499,0.0719,0.0551,0.0882,0.0164,0.1276,-0.0259,-0.1128,-0.0051
"217,008",-8.3066,-12.3515,0.0693,-0.1286,0.0341,-0.0808,0.0487,0.0041,0.1539,0.2348,-0.0545,-0.0960,0.1148,0.1618,-0.0661,0.0541,0.0506,-0.1160,0.0019,-0.0672,-0.0188,0.0713,0.0034,0.1702,-0.0111,-0.1019,-0.0718,0.0562,0.0359,0.0280,0.0027,-0.1590
"101,017",-0.0723,-12.1309,0.1186,-0.0678,0.0007,-0.1258,0.0268,-0.0097,0.1454,0.2110,-0.0810,-0.1436,0.0455,0.0952,0.0332,0.0280,0.1168,-0.0686,-0.0600,-0.0626,-0.0299,0.0282,0.0151,0.0401,0.0128,-0.0582,-0.0079,-0.0042,-0.0104,-0.1200,-0.0072,-0.0514
"082,018",3.3764,-19.6419,0.1557,-0.1341,0.0355,-0.1053,-0.0045,-0.0876,0.1397,0.1763,-0.0607,-0.1401,0.0388,-0.0149,-0.0299,0.1519,0.0422,-0.1582,-0.0938,0.0180,0.0202,0.1266,0.1002,0.0561,0.1223,-0.0050,-0.2421,-0.1000,0.0649,-0.1368,-0.0461,-0.0022
"236,011",-8.3988,-6.1640,-0.1046,-0.0292,-0.0520,-0.0122,0.0100,0.0412,0.1146,0.1564,0.0149,0.0117,0.0113,0.2210,-0.0507,0.0154,-0.0314,-0.0427,0.0046,-0.1456,-0.1015,-0.0340,-0.1632,0.2958,-0.0698,0.0016,0.0491,0.2924,-0.0267,-0.0500,0.3063,-0.2527
"076,022",-3.2522,43.7956,0.0055,-0.0342,0.0155,-0.1439,-0.0682,-0.5381,0.3507,-0.0182,0.0879,-0.2114,0.0932,0.1309,0.1233,-0.1083,0.1044,-0.1670,-0.0354,0.0135,-0.0122,0.2504,0.1151,0.1119,-0.0533,-0.0518,-0.0721,-0.0973,-0.0428,-0.1012,0.0964,-0.1323
"080,043",-25.4279,27.3311,-0.1689,-0.0084,-0.0358,0.0622,-0.0433,0.0843,-0.1364,0.1597,-0.4404,-0.1021,0.3101,0.1043,0.2140,-0.1474,0.0327,0.0167,-0.0936,0.0989,-0.1757,-0.0507,-0.0642,0.0278,-0.0120,0.1133,0.1031,-0.0794,-0.1173,0.0028,-0.0924,-0.0885
"446,002",-4.6611,-11.6979,-0.0746,-0.0369,0.0138,-0.0609,0.0917,-0.0162,0.0519,0.2148,-0.0114,-0.0990,0.1228,-0.0012,-0.1028,-0.0042,0.2007,0.1023,0.0244,-0.0036,-0.0205,0.3007,0.1071,-0.0039,-0.1235,-0.1773,-0.2435,-0.2511,0.0550,-0.0096,0.5346,-0.4683
"335,067",4.3538,-14.7442,0.1596,-0.0932,-0.0503,-0.0974,-0.0286,0.0022,0.1009,0.1201,-0.0282,-0.1239,0.0017,-0.0737,0.0588,0.0462,0.0062,-0.0246,-0.0614,0.0562,-0.0082,0.0433,0.0050,0.0848,0.0418,0.0112,-0.1212,-0.0344,-0.0252,-0.1021,-0.0100,0.0068
"080,044",-10.0744,-2.7807,0.0722,0.0231,0.0321,-0.0060,-0.0548,0.0993,0.0870,0.1805,-0.0840,-0.0435,0.1462,0.1155,-0.0456,0.1006,0.0062,0.0254,0.0948,-0.1167,-0.3941,-0.0257,-0.0256,-0.0776,0.0919,-0.3921,0.1218,0.1121,-0.1955,0.1682,-0.2214,-0.3061
"457,042",-9.7964,-13.2317,0.0353,-0.1290,-0.0253,-0.1838,-0.0021,0.0096,0.1905,0.2845,-0.0950,-0.2118,0.2331,0.2639,0.0133,0.0591,0.1143,-0.0931,0.0077,-0.1548,-0.2023,0.2260,0.0588,0.2183,0.0007,-0.1298,0.0536,0.1130,-0.0710,-0.1107,0.3838,-0.4268
"401,009",8.9526,-15.6211,0.2033,-0.0584,-0.0590,-0.1662,0.0677,0.0050,0.0553,0.1920,0.0633,-0.1072,0.0610,-0.0599,-0.0238,0.1353,0.0376,-0.2173,-0.1412,0.1774,-0.0067,-0.0108,0.0543,0.0026,0.0372,0.1397,-0.2515,-0.1057,0.0904,-0.1784,-0.1165,0.2108
"242,080",8.4609,40.3417,-0.0819,0.1864,0.0277,0.1719,-0.2465,-0.0957,-0.0823,-0.1780,-0.0019,0.0301,-0.0216,-0.1719,-0.2163,0.4554,0.2180,-0.3686,0.2219,-0.1813,0.2210,-0.0022,-0.1276,-0.0894,-0.3205,-0.1566,-0.2499,0.1215,0.1935,0.2426,-0.1561,0.0425
"330,019a",6.2361,24.6152,-0.0431,0.1429,0.0006,0.1271,-0.1588,0.0422,-0.1251,-0.1352,0.0033,-0.0147,-0.0701,-0.1392,-0.0465,0.1107,-0.0574,-0.0214,0.1136,-0.0279,-0.0256,0.0320,0.0691,0.0570,-0.0806,-0.0207,-0.0933,-0.0123,0.0119,0.0380,-0.0637,0.1341
"210,022",-33.8525,41.5160,-0.1657,-0.0556,0.0453,0.1182,-0.1501,-0.0427,-0.3043,0.0584,-1.0809,-0.0147,0.5150,-0.0339,0.3658,-0.0142,0.1252,0.1073,-0.0529,0.0027,0.0104,-0.2059,-0.1555,0.1997,0.1015,0.2052,0.0081,-0.0023,-0.0194,-0.0352,0.1269,0.3056
"434a,078",6.0292,-29.0972,0.0871,-0.1973,-0.0289,-0.4233,0.0630,0.0668,-0.0519,-0.0800,-0.1295,-0.0186,0.1556,0.1842,0.0566,-0.0153,-0.0564,0.0253,-0.0387,-0.0549,0.0720,0.0079,0.0459,0.0789,-0.0133,-0.0740,-0.1166,-0.0061,0.0744,-0.0083,0.0382,-0.0175
"330,020",-12.3169,4.6277,-0.0605,-0.0444,0.0246,-0.0904,0.1287,0.0390,0.1090,0.2370,-0.0709,-0.0235,-0.0290,0.1728,-0.0475,0.0923,0.1111,-0.1109,0.2107,0.0388,-0.0628,0.3944,0.2257,-0.1431,-0.0474,-0.2893,0.2579,0.4141,0.1186,0.1154,-0.2038,-0.0363
"364,050",4.0311,27.1864,-0.0394,0.0755,-0.0204,0.0586,-0.0237,-0.0463,-0.0354,-0.0135,-0.0330,0.0900,-0.0492,-0.1252,-0.1113,0.2366,0.0603,0.0157,-0.0222,-0.1363,-0.0483,0.0902,-0.0225,0.0777,-0.2269,-0.0103,-0.0922,-0.0373,-0.0037,0.1061,0.0044,-0.0152
"156,014",3.2887,-27.6074,0.0251,-0.0548,-0.0042,-0.1387,-0.0298,0.0035,0.0902,0.0896,0.0443,0.0050,0.0270,0.0039,-0.0016,0.0747,0.0462,-0.1647,-0.0315,0.0788,0.0630,0.1837,0.0742,0.3721,0.1881,0.0485,-0.1806,-0.2462,-0.0158,-0.2924,-0.0762,0.0363
"389,040",20.8620,-3.4672,0.2239,0.0250,0.1778,-0.0791,0.0235,-0.0496,-0.1331,0.0536,0.0409,0.0697,0.0450,-0.0860,-0.1702,0.3664,0.1373,0.0540,0.0399,-0.3507,-0.5205,-0.4994,0.1621,0.0856,1.1303,-1.3773,0.2294,-0.2905,-0.6061,0.4862,0.1928,0.4389
"076,021",-42.4563,-10.2451,-0.3332,0.0096,0.0220,0.0335,0.6219,0.2795,0.2351,-0.5716,-0.0376,-0.1291,-0.1347,-0.0257,0.0435,0.1987,0.0445,0.0270,-0.0162,-0.1596,-0.0357,-0.1142,0.0980,0.0090,-0.1431,0.0129,-0.1173,-0.0294,-0.0026,0.0603,0.0161,0.0403
"457,041",-5.4023,-2.0905,-0.0867,-0.0327,-0.0179,-0.0267,0.0329,-0.0004,0.1358,0.1280,-0.0329,-0.0739,0.1081,0.1126,-0.0344,-0.0432,-0.0668,-0.0380,0.0046,-0.0234,-0.0535,0.0641,0.1324,0.3093,-0.1616,0.0697,0.0250,-0.0859,-0.0390,0.2401,0.1050,0.0001
"082,092",2.2191,-22.7650,0.0623,-0.0102,0.0731,-0.0671,0.0536,-0.1209,0.0898,0.1736,-0.1420,-0.1489,0.0700,-0.0257,0.0285,0.0816,0.0413,-0.1613,-0.0899,0.0362,0.0356,0.0728,0.1528,0.2556,0.0290,0.0449,-0.1123,-0.2678,0.1113,-0.2049,0.0278,0.0971
"167,064",31.4247,12.8410,0.4329,0.3103,0.3423,0.2832,-0.0769,0.0179,0.0213,-0.1481,0.0193,0.0219,0.0175,0.0132,0.0022,0.1843,0.0033,0.0368,-0.0062,-0.2641,-0.0610,0.0165,0.0974,0.1250,-0.2355,0.1380,-0.0550,0.1004,-0.0021,0.0812,0.0040,0.1032
"234,008",-12.2966,-9.7771,-0.0001,-0.1076,-0.1187,-0.0460,-0.0744,0.0573,0.1347,0.1596,-0.0442,-0.1515,0.0804,0.2779,-0.1085,-0.0778,0.0535,0.3810,0.2784,-0.0074,0.2981,-0.2517,0.0974,-0.2472,0.0847,-0.0449,-0.1641,-0.0032,0.1797,0.1252,0.0391,-0.0472
"243,011",24.9344,-9.4682,0.1682,0.0655,-0.0215,-0.0186,0.0125,-0.0666,0.0175,-0.0379,0.1286,0.0198,0.0023,-0.2180,-0.0582,0.0700,-0.0808,0.0577,-0.1466,0.3701,-0.0053,-0.1665,-0.1288,-0.1521,0.2007,0.1355,0.1971,-0.1182,0.2018,0.0289,-0.0106,-0.0913
"101,016",1.9802,1.1195,-0.0665,-0.0438,-0.0202,-0.0628,0.0805,-0.0208,0.0586,0.1262,0.0658,0.0045,0.0307,-0.0663,-0.1038,-0.0300,-0.0837,-0.0589,-0.0594,0.0910,-0.0177,0.0032,-0.0004,-0.0727,-0.0322,-0.0295,-0.0278,0.0416,0.0678,-0.0118,0.0116,0.0191
"352,003",-11.1246,22.5866,-0.2698,0.1154,-0.0950,0.1531,-0.1523,-0.0241,0.0271,-0.1303,0.1682,0.0748,-0.0715,0.1309,0.0060,-0.2375,-0.3066,-0.0254,0.3715,-0.0086,-0.0538,-0.0114,-0.1775,0.0640,0.0640,-0.0048,-0.1563,-0.0806,-0.0855,-0.0903,-0.2651,0.0830
"461,244",-11.1557,-3.5052,-0.1570,0.0024,-0.1499,0.0830,-0.2315,0.2421,0.0771,0.0208,-0.0137,-0.0583,0.0286,0.2086,-0.0013,-0.1704,-0.0273,-0.1119,-0.2572,-0.0790,-0.0155,0.0396,0.1978,0.1242,-0.0452,0.0104,-0.0887,-0.0432,-0.0238,-0.1020,0.1135,-0.1096
"066,004",-13.2979,12.8720,0.0564,-0.1669,0.0221,-0.0497,-0.0485,-0.0202,0.0204,0.0829,-0.2937,-0.0257,0.0811,-0.0876,0.1686,-0.1155,0.0910,0.0900,0.0504,0.0556,-0.0290,-0.0072,-0.0634,0.1726,0.1160,-0.0006,-0.0526,0.0824,0.0469,-0.1114,0.0517,-0.0834
"132,013",-10.2157,19.1226,-0.1222,0.0807,0.0284,0.0488,0.0058,-0.0307,-0.0359,0.0639,0.1028,0.1163,-0.0683,-0.1449,-0.0554,0.0339,-0.0451,-0.0174,0.0073,-0.1078,-0.0418,0.0934,-0.0123,0.2027,0.0569,0.1231,-0.0873,-0.1269,-0.0229,-0.0747,-0.1971,-0.0266
"236,010",-4.7963,12.3641,-0.0814,-0.0080,0.0088,-0.0697,0.0646,0.0397,0.0173,0.1005,0.0378,0.0979,0.0028,-0.0512,-0.0869,0.0294,-0.0449,-0.0813,0.1309,0.0616,0.1154,0.2014,0.1567,0.0419,0.0284,-0.1131,0.0887,0.1658,-0.0184,0.0092,-0.0715,-0.0333
"236,012=437,038",12.5062,-1.6833,-0.0965,-0.0240,0.0500,-0.1272,0.1843,-0.0166,-0.0293,0.1116,0.1383,0.1455,0.0530,-0.1078,-0.1667,-0.0095,-0.0045,-0.2628,-0.0025,0.2639,0.1243,-0.2868,-0.1298,0.0190,0.0185,0.1257,0.1827,-0.0912,-0.0677,0.1118,0.0244,-0.0603
"030,025",-8.3809,24.6534,-0.2669,0.1127,0.0192,0.1550,0.0344,-0.2398,0.0489,-0.1151,0.1642,0.1813,-0.0929,-0.0548,0.0172,-0.1954,-0.2728,0.2818,0.0098,-0.0793,-0.0571,0.2362,-0.1128,0.0517,0.0926,0.0917,-0.1189,0.0528,-0.1749,-0.1086,-0.0583,0.0771
"456,002a",-22.2215,-13.1585,-0.1855,0.0444,-0.0965,0.1018,-0.0778,0.1888,-0.0172,-0.1763,-0.0370,-0.0731,0.0006,0.0202,0.0098,-0.0541,-0.2216,0.0488,0.3090,0.0927,0.0175,-0.0359,0.0926,-0.0652,-0.1136,-0.1131,-0.0383,-0.0053,0.0079,0.0958,-0.0886,0.0235
"076,023",1.6109,-26.1663,0.0553,-0.0391,0.0646,-0.0410,-0.0084,-0.0560,-0.0046,0.1428,-0.0293,0.0161,-0.0142,-0.0811,0.0254,0.1682,0.0414,-0.1754,0.0086,-0.0076,0.0167,0.1420,0.1376,0.3329,0.2597,-0.0171,-0.2493,-0.2883,0.0244,-0.2273,-0.0074,-0.0166
"330,021",-23.3865,1.4923,0.0492,0.1087,0.0541,0.0488,0.1325,0.1055,-0.0226,-0.1002,0.1064,0.0797,-0.0404,-0.2483,-0.1074,0.0220,0.2207,0.3116,-0.1322,0.4836,0.0159,0.1260,-0.1764,-0.0210,0.1307,-0.0822,0.2299,0.1427,0.2518,0.0237,-0.1150,0.0843
"461,241",-6.5967,-5.0760,-0.0816,-0.0383,0.0155,-0.0987,0.0998,0.0119,0.0307,0.2020,0.0701,-0.0154,0.0341,0.0732,-0.1355,-0.0758,0.0137,-0.1899,0.0756,-0.0001,0.0517,-0.0160,0.0710,0.1291,0.0889,-0.1262,-0.0820,-0.0933,-0.0176,-0.0227,-0.0851,-0.0268
"082,093",9.6319,-8.8572,0.0920,-0.1575,-0.0113,-0.1458,0.0540,0.0254,0.0636,0.2295,0.0413,-0.1464,0.0864,0.0294,-0.0986,0.0619,-0.0019,-0.0313,-0.1757,0.2502,-0.0530,-0.1189,-0.0817,-0.1663,-0.0096,-0.0591,-0.0622,0.1084,0.1233,-0.0121,-0.0035,-0.0202
"030,026",50.0965,7.7946,1.0853,0.6592,0.9008,0.6016,0.3593,0.3219,0.0308,-0.2101,0.0612,0.2204,0.1506,0.3385,0.1224,-0.4507,-0.0979,-0.0498,0.0491,0.1560,0.2601,0.1528,-0.0150,0.1287,-0.1713,-0.1282,-0.0998,0.0704,-0.0733,0.0922,0.0389,-0.0195
"355,020",22.2287,-1.5210,0.0350,0.0690,-0.0011,0.0184,-0.0267,0.0369,0.0251,0.0869,0.1119,0.0066,-0.0455,-0.2248,-0.0540,0.0752,-0.0997,0.0531,-0.1952,0.0895,-0.0807,-0.1040,-0.1872,-0.1058,0.0170,0.1401,0.0596,-0.2023,0.0871,0.0754,0.0471,-0.0598
"155,027",-11.2606,18.8593,-0.1254,0.0511,-0.0891,0.0718,-0.0356,0.1298,-0.0550,0.0158,0.1299,0.0559,-0.0586,-0.0552,-0.0846,-0.1334,-0.0886,0.1798,-0.0824,0.1420,-0.0829,0.0609,-0.1176,-0.0302,-0.0085,0.0017,-0.0727,-0.0200,0.0687,0.0178,0.0197,0.0016
"381,002",24.8093,11.3796,0.0465,0.0389,0.0076,-0.0380,0.0863,-0.0172,0.0308,0.0632,0.1281,-0.0614,-0.1259,-0.3149,-0.0292,0.0933,-0.1270,0.1324,-0.3112,0.0688,-0.1250,0.0930,0.1704,0.1032,-0.0821,0.3367,0.0403,-0.0776,-0.0103,0.4469,0.0439,0.0159
"317,001",-13.7107,-1.1878,-0.0426,-0.1048,-0.0293,0.0078,-0.0077,0.0942,0.1186,0.2428,-0.1622,-0.0414,0.1670,0.1541,0.1640,0.1504,-0.0174,0.0699,-0.0248,-0.1057,-0.2241,0.1305,-0.1307,0.1053,-0.1404,0.0767,0.1789,0.0269,-0.1618,0.1468,-0.3729,-0.3560
"457,043",-15.6502,6.2033,-0.0862,-0.2472,0.0585,-0.0556,0.1894,0.0029,-0.1656,0.0165,0.0598,-0.2517,-0.0421,0.2063,-0.0110,-0.1484,-0.1567,-0.1208,0.0978,0.0319,0.0265,-0.0552,0.0936,-0.0557,-0.1640,-0.1116,0.2216,-0.1497,0.0876,-0.1156,-0.0182,0.1434
"215,001",28.1480,11.3947,0.2019,0.2009,0.2230,0.1707,0.0706,0.0566,-0.0694,-0.0294,0.0846,0.0676,0.0080,-0.0901,-0.1014,0.0144,-0.0134,-0.0661,0.0364,-0.0022,0.0524,-0.0052,-0.0308,0.0304,-0.1445,0.0694,-0.0247,-0.0209,-0.0083,0.1967,0.0032,0.1103
"162,008",-6.4789,38.2061,-0.1876,-0.0172,0.0503,-0.0515,0.1739,-0.2408,0.0810,0.2648,0.2356,0.1739,0.1492,-0.0166,-0.2834,-0.1171,-0.0377,-0.4253,-0.0233,0.5627,-0.0420,-0.6443,-0.6085,-0.1116,-0.3143,0.2719,0.2280,0.5732,-1.1931,-0.0095,0.6373,0.0907
"443,005",25.1756,-8.5379,0.0342,0.0432,0.0533,-0.0911,0.0989,0.0190,-0.0347,0.0533,0.1310,0.0988,-0.0253,-0.3039,-0.0684,0.1280,-0.0788,-0.1405,0.0304,0.4085,0.1164,-0.1117,0.0311,-0.0040,0.2005,0.1323,0.3095,-0.0395,0.0392,-0.0579,-0.1300,-0.0821
"461,249",-3.8438,-7.5419,-0.0459,-0.0919,-0.0133,-0.0957,0.0603,-0.0770,0.1488,0.1662,0.0494,-0.0414,0.0876,0.1060,-0.0692,-0.0706,-0.0857,-0.1519,0.0653,0.0315,-0.0072,0.0170,0.1014,0.0892,-0.0345,-0.0228,-0.2015,0.0060,0.0289,-0.0893,-0.0735,0.0031
"204,004",35.1548,-0.3674,0.1343,-0.0634,0.0304,-0.0811,0.0155,0.0411,0.1585,0.2345,0.0137,-0.2183,0.1456,0.1306,-0.0057,0.2043,0.0203,-0.0210,-0.0394,-0.3939,-0.3106,0.0002,0.2163,0.0040,-0.1606,0.1376,0.2878,0.1428,0.2027,-0.4367,0.0102,-0.1286
"335,070",-6.3543,-20.7552,0.1793,-0.4118,0.0140,-0.0905,-0.0643,0.0242,0.1119,0.1193,-0.2116,-0.0270,0.0350,0.0848,0.0461,0.0602,-0.0182,0.0138,-0.0248,0.0678,0.0202,0.0396,0.1100,0.3111,0.2522,-0.0631,-0.2410,-0.0606,0.0733,-0.1958,0.0239,-0.0218
"370,015",-10.7156,-21.0044,0.1416,-0.3206,0.0125,0.0005,-0.1499,-0.0284,-0.0101,0.0281,-0.6027,0.0054,0.0369,-0.0352,0.1509,0.0686,-0.1008,0.2187,-0.0383,0.2242,-0.1128,-0.0796,0.1636,0.2343,0.1789,0.0198,-0.2639,-0.1067,0.0239,-0.0841,0.0164,0.0117
"155,025",-19.5393,9.5456,-0.1863,-0.0494,0.0737,-0.0059,0.2012,-0.0494,-0.0226,0.1998,0.0381,0.1035,0.0076,0.0505,-0.0339,-0.1477,-0.0159,-0.1188,0.0881,-0.0823,-0.0415,0.1333,-0.0116,-0.0216,-0.0307,-0.0153,0.1990,-0.0165,0.0069,0.0326,-0.0070,0.0838
"156,015",0.2859,-22.4527,0.1397,-0.1977,0.0250,-0.1155,-0.0019,-0.0399,0.0228,0.2057,-0.0680,-0.1254,0.0149,0.0755,-0.0094,0.1371,-0.0090,-0.1354,-0.0591,0.0174,-0.0442,0.0162,0.2273,0.2708,0.2285,-0.0650,-0.3312,-0.1996,0.0493,-0.1727,0.0057,-0.0564
"082,094",-6.0599,-9.7308,-0.0250,-0.0898,-0.0573,-0.1496,0.0084,0.0947,0.0759,0.1655,0.0087,-0.1317,0.0835,0.1436,-0.0309,-0.0390,-0.0702,-0.0012,-0.0721,-0.0577,0.0206,0.0866,0.1085,0.0755,-0.0398,-0.0229,-0.0003,-0.0169,-0.0069,0.0367,0.0967,-0.1836
"404,013",18.7475,2.3303,0.0645,0.0453,0.0922,-0.0608,0.0248,-0.0351,-0.0534,0.0805,-0.0169,0.1277,-0.0237,-0.0879,-0.0797,0.1444,-0.0143,0.0351,-0.1043,-0.1686,-0.3329,-0.1204,0.0477,-0.1979,0.1320,-0.1811,0.0522,0.0308,-0.0325,0.1133,-0.0403,0.0395
"248,084",8.8515,-8.4283,0.1901,-0.1241,-0.1991,-0.0640,-0.0139,0.0637,0.1324,0.1084,-0.0699,-0.1352,-0.0439,-0.0311,0.0209,-0.0265,-0.1784,0.1724,-0.0837,0.1826,0.1476,-0.1585,-0.1273,-0.0752,0.1780,-0.0551,0.0158,0.0322,0.2420,0.0543,0.0503,-0.0823
"457,044",-7.2983,13.8539,-0.1242,0.0331,-0.0067,0.0206,0.0948,0.0972,0.1281,-0.1261,-0.0023,-0.0882,-0.0230,-0.0311,-0.0572,0.1414,0.0078,-0.0891,0.1443,-0.0496,0.1068,0.1415,0.1090,0.1315,-0.1414,-0.1816,-0.0013,0.0055,0.1521,-0.1085,-0.1116,0.0866
"132,003",2.8968,-43.1877,0.2410,-0.2553,-0.0006,-0.7837,-0.1046,-0.0223,-0.1431,-0.3432,-0.0058,0.5124,0.2539,0.0554,0.0589,-0.0688,0.0746,-0.0830,-0.0472,-0.0045,0.0479,0.0772,-0.0190,0.0966,0.0160,-0.0088,-0.1194,-0.0735,-0.0135,-0.0921,-0.0344,0.0152
"082,017",2.2201,-19.5955,0.1586,-0.2195,-0.0013,-0.2822,0.0142,0.0076,0.2168,0.1931,0.0377,-0.2051,0.0827,-0.0893,0.0442,-0.0204,0.0338,-0.2819,-0.1508,0.0588,0.0401,0.0590,0.0907,0.1516,-0.0879,0.0741,-0.1799,-0.2538,0.1016,-0.2026,0.0144,0.0333
"126,002",15.7454,-17.5704,0.1119,-0.1761,0.0507,-0.1908,0.1707,-0.0864,0.1662,0.5336,0.1462,-0.3324,0.2169,0.0476,-0.2768,0.2902,0.0630,-0.5399,-0.3146,0.5965,-0.3728,-0.4885,0.2950,-0.9062,-0.7449,-0.3757,-1.6786,1.2833,-0.8605,-1.1266,-0.3080,0.9759
"197,003=076,024",-3.4954,16.6953,-0.1849,-0.0238,0.0321,-0.0024,0.1958,0.0318,0.0633,0.0444,0.0309,-0.0060,-0.0319,-0.0496,-0.0585,0.0109,-0.1610,-0.0030,-0.0819,-0.0456,0.1706,0.1708,0.2798,-0.0352,-0.1307,-0.1655,-0.0930,0.2313,-0.1234,-0.1329,-0.1319,0.2014
"080,045",-4.8518,-14.1057,0.0208,-0.0797,-0.0474,-0.1186,0.0181,0.0335,0.1629,0.2314,-0.0048,-0.1574,0.1511,0.1413,-0.0517,0.0232,0.0635,-0.1053,0.0333,0.0132,-0.0025,0.0700,0.0072,0.1358,0.0400,0.0102,0.0377,-0.0619,0.0267,-0.0546,0.0791,-0.1147
"248,088",30.2027,2.8071,0.4304,0.1881,0.2236,0.0626,0.0120,-0.0323,0.0015,0.0474,0.1206,-0.1289,-0.0436,-0.2915,0.0407,0.2010,0.0417,0.0143,-0.0909,-0.0183,-0.1715,-0.1590,-0.0117,-0.1801,0.1428,0.1137,0.1224,-0.0533,0.0797,-0.0942,-0.2662,0.0246
"248,089",18.3351,10.8586,0.1689,0.1256,-0.1982,0.1267,-0.3367,0.2303,0.0336,-0.1497,0.0902,-0.1355,-0.0420,-0.1651,0.0253,0.1868,-0.2323,0.2277,0.1394,0.2832,-0.2145,-0.0481,-0.0169,-0.0403,0.0497,0.1392,0.0091,-0.2325,-0.1321,0.0514,-0.1832,-0.0082